,Open,Low,High,Close,DayOfWeek
2011-11-27,13700.0,13700.0,13700.0,13700.0,Sunday
2011-11-28,13440.0,13440.0,13440.0,13440.0,Monday
2011-11-29,13350.0,13350.0,13350.0,13350.0,Tuesday
2011-11-30,13400.0,13400.0,13400.0,13400.0,Wednesday
2011-12-01,13500.0,13500.0,13500.0,13500.0,Thursday
2011-12-02,13500.0,13500.0,13500.0,13500.0,Friday
2011-12-03,13650.0,13650.0,13650.0,13650.0,Saturday
2011-12-04,13610.0,13610.0,13610.0,13610.0,Sunday
2011-12-05,13610.0,13610.0,13610.0,13610.0,Monday
2011-12-06,13610.0,13610.0,13610.0,13610.0,Tuesday
2011-12-07,13650.0,13650.0,13650.0,13650.0,Wednesday
2011-12-08,13550.0,13550.0,13550.0,13550.0,Thursday
2011-12-09,13550.0,13550.0,13550.0,13550.0,Friday
2011-12-10,13450.0,13450.0,13450.0,13450.0,Saturday
2011-12-11,13450.0,13450.0,13450.0,13450.0,Sunday
2011-12-12,13530.0,13530.0,13530.0,13530.0,Monday
2011-12-13,13630.0,13630.0,13630.0,13630.0,Tuesday
2011-12-14,13770.0,13770.0,13770.0,13770.0,Wednesday
2011-12-15,13710.0,13710.0,13710.0,13710.0,Thursday
2011-12-16,13710.0,13710.0,13710.0,13710.0,Friday
2011-12-17,13840.0,13840.0,13840.0,13840.0,Saturday
2011-12-18,14080.0,14080.0,14080.0,14080.0,Sunday
2011-12-19,14500.0,14500.0,14500.0,14500.0,Monday
2011-12-20,15300.0,15300.0,15300.0,15300.0,Tuesday
2011-12-21,15150.0,15150.0,15150.0,15150.0,Wednesday
2011-12-22,14230.0,14230.0,14230.0,14230.0,Thursday
2011-12-23,14230.0,14230.0,14230.0,14230.0,Friday
2011-12-24,14350.0,14350.0,14350.0,14350.0,Saturday
2011-12-25,14800.0,14800.0,14800.0,14800.0,Sunday
2011-12-26,15250.0,15250.0,15250.0,15250.0,Monday
2011-12-27,15150.0,15150.0,15150.0,15150.0,Tuesday
2011-12-28,15200.0,15200.0,15200.0,15200.0,Wednesday
2011-12-29,15220.0,15220.0,15220.0,15220.0,Thursday
2011-12-30,15220.0,15220.0,15220.0,15220.0,Friday
2011-12-31,15550.0,15550.0,15550.0,15550.0,Saturday
2012-01-01,15900.0,15900.0,15900.0,15900.0,Sunday
2012-01-02,17400.0,17400.0,17400.0,17400.0,Monday
2012-01-03,16200.0,16200.0,16200.0,16200.0,Tuesday
2012-01-04,15800.0,15800.0,15800.0,15800.0,Wednesday
2012-01-05,15980.0,15980.0,15980.0,15980.0,Thursday
2012-01-06,15980.0,15980.0,15980.0,15980.0,Friday
2012-01-07,15970.0,15970.0,15970.0,15970.0,Saturday
2012-01-08,16550.0,16550.0,16550.0,16550.0,Sunday
2012-01-09,16900.0,16900.0,16900.0,16900.0,Monday
2012-01-10,16900.0,16900.0,16900.0,16900.0,Tuesday
2012-01-11,16920.0,16920.0,16920.0,16920.0,Wednesday
2012-01-12,16950.0,16950.0,16950.0,16950.0,Thursday
2012-01-13,16950.0,16950.0,16950.0,16950.0,Friday
2012-01-14,16950.0,16950.0,16950.0,16950.0,Saturday
2012-01-15,16950.0,16950.0,16950.0,16950.0,Sunday
2012-01-16,16900.0,16900.0,16900.0,16900.0,Monday
2012-01-17,17400.0,17400.0,17400.0,17400.0,Tuesday
2012-01-18,18200.0,18200.0,18200.0,18200.0,Wednesday
2012-01-19,18200.0,18200.0,18200.0,18200.0,Thursday
2012-01-20,18200.0,18200.0,18200.0,18200.0,Friday
2012-01-21,19000.0,19000.0,19000.0,19000.0,Saturday
2012-01-22,19000.0,19000.0,19000.0,19000.0,Sunday
2012-01-23,21000.0,21000.0,21000.0,21000.0,Monday
2012-01-24,21000.0,21000.0,21000.0,21000.0,Tuesday
2012-01-25,19000.0,19000.0,19000.0,19000.0,Wednesday
2012-01-26,17000.0,17000.0,17000.0,17000.0,Thursday
2012-01-27,17000.0,17000.0,17000.0,17000.0,Friday
2012-01-28,17700.0,17700.0,17700.0,17700.0,Saturday
2012-01-29,18300.0,18300.0,18300.0,18300.0,Sunday
2012-01-30,18300.0,18300.0,18300.0,18300.0,Monday
2012-01-31,18300.0,18300.0,18300.0,18300.0,Tuesday
2012-02-01,18300.0,18300.0,18300.0,18300.0,Wednesday
2012-02-02,18300.0,18300.0,18300.0,18300.0,Thursday
2012-02-03,18300.0,18300.0,18300.0,18300.0,Friday
2012-02-04,17750.0,17750.0,17750.0,17750.0,Saturday
2012-02-05,18500.0,18500.0,18500.0,18500.0,Sunday
2012-02-06,18800.0,18800.0,18800.0,18800.0,Monday
2012-02-07,18900.0,18900.0,18900.0,18900.0,Tuesday
2012-02-08,19200.0,19200.0,19200.0,19200.0,Wednesday
2012-02-09,19200.0,19200.0,19200.0,19200.0,Thursday
2012-02-10,19200.0,19200.0,19200.0,19200.0,Friday
2012-02-11,19200.0,19200.0,19200.0,19200.0,Saturday
2012-02-12,19400.0,19400.0,19400.0,19400.0,Sunday
2012-02-13,19000.0,19000.0,19000.0,19000.0,Monday
2012-02-14,19350.0,19350.0,19350.0,19350.0,Tuesday
2012-02-15,19500.0,19500.0,19500.0,19500.0,Wednesday
2012-02-16,19600.0,19600.0,19600.0,19600.0,Thursday
2012-02-17,19600.0,19600.0,19600.0,19600.0,Friday
2012-02-18,19400.0,19400.0,19400.0,19400.0,Saturday
2012-02-19,19200.0,19200.0,19200.0,19200.0,Sunday
2012-02-20,19400.0,19400.0,19400.0,19400.0,Monday
2012-02-21,19450.0,19450.0,19450.0,19450.0,Tuesday
2012-02-22,19350.0,19350.0,19350.0,19350.0,Wednesday
2012-02-23,19350.0,19350.0,19350.0,19350.0,Thursday
2012-02-24,19350.0,19350.0,19350.0,19350.0,Friday
2012-02-25,19350.0,19350.0,19350.0,19350.0,Saturday
2012-02-26,19300.0,19300.0,19300.0,19300.0,Sunday
2012-02-27,18700.0,18700.0,18700.0,18700.0,Monday
2012-02-28,18500.0,18500.0,18500.0,18500.0,Tuesday
2012-02-29,19200.0,19200.0,19200.0,19200.0,Wednesday
2012-03-01,19250.0,19250.0,19250.0,19250.0,Thursday
2012-03-02,19250.0,19250.0,19250.0,19250.0,Friday
2012-03-03,19250.0,19250.0,19250.0,19250.0,Saturday
2012-03-04,19000.0,19000.0,19000.0,19000.0,Sunday
2012-03-05,19100.0,19100.0,19100.0,19100.0,Monday
2012-03-06,18950.0,18950.0,18950.0,18950.0,Tuesday
2012-03-07,18850.0,18850.0,18850.0,18850.0,Wednesday
2012-03-08,19000.0,19000.0,19000.0,19000.0,Thursday
2012-03-09,19000.0,19000.0,19000.0,19000.0,Friday
2012-03-10,18800.0,18800.0,18800.0,18800.0,Saturday
2012-03-11,18700.0,18700.0,18700.0,18700.0,Sunday
2012-03-12,18850.0,18850.0,18850.0,18850.0,Monday
2012-03-13,18800.0,18800.0,18800.0,18800.0,Tuesday
2012-03-14,18600.0,18600.0,18600.0,18600.0,Wednesday
2012-03-15,18500.0,18500.0,18500.0,18500.0,Thursday
2012-03-16,18500.0,18500.0,18500.0,18500.0,Friday
2012-03-17,19250.0,19250.0,19250.0,19250.0,Saturday
2012-03-18,19150.0,19150.0,19150.0,19150.0,Sunday
2012-03-19,19150.0,19150.0,19150.0,19150.0,Monday
2012-03-20,19150.0,19150.0,19150.0,19150.0,Tuesday
2012-03-21,19150.0,19150.0,19150.0,19150.0,Wednesday
2012-03-22,19150.0,19150.0,19150.0,19150.0,Thursday
2012-03-23,19150.0,19150.0,19150.0,19150.0,Friday
2012-03-24,19150.0,19150.0,19150.0,19150.0,Saturday
2012-03-25,18900.0,18900.0,18900.0,18900.0,Sunday
2012-03-26,19000.0,19000.0,19000.0,19000.0,Monday
2012-03-27,19000.0,19000.0,19000.0,19000.0,Tuesday
2012-03-28,19200.0,19200.0,19200.0,19200.0,Wednesday
2012-03-29,19200.0,19200.0,19200.0,19200.0,Thursday
2012-03-30,19200.0,19200.0,19200.0,19200.0,Friday
2012-03-31,19200.0,19200.0,19200.0,19200.0,Saturday
2012-04-01,19200.0,19200.0,19200.0,19200.0,Sunday
2012-04-02,19120.0,19120.0,19120.0,19120.0,Monday
2012-04-03,19000.0,19000.0,19000.0,19000.0,Tuesday
2012-04-04,18950.0,18950.0,18950.0,18950.0,Wednesday
2012-04-05,19000.0,19000.0,19000.0,19000.0,Thursday
2012-04-06,19000.0,19000.0,19000.0,19000.0,Friday
2012-04-07,19100.0,19100.0,19100.0,19100.0,Saturday
2012-04-08,19010.0,19010.0,19010.0,19010.0,Sunday
2012-04-09,19000.0,19000.0,19000.0,19000.0,Monday
2012-04-10,18650.0,18650.0,18650.0,18650.0,Tuesday
2012-04-11,18800.0,18800.0,18800.0,18800.0,Wednesday
2012-04-12,18840.0,18840.0,18840.0,18840.0,Thursday
2012-04-13,18840.0,18840.0,18840.0,18840.0,Friday
2012-04-14,18800.0,18800.0,18800.0,18800.0,Saturday
2012-04-15,17300.0,17300.0,17300.0,17300.0,Sunday
2012-04-16,17800.0,17800.0,17800.0,17800.0,Monday
2012-04-17,18000.0,18000.0,18000.0,18000.0,Tuesday
2012-04-18,18240.0,18240.0,18240.0,18240.0,Wednesday
2012-04-19,18180.0,18180.0,18180.0,18180.0,Thursday
2012-04-20,18180.0,18180.0,18180.0,18180.0,Friday
2012-04-21,18030.0,18030.0,18030.0,18030.0,Saturday
2012-04-22,17950.0,17950.0,17950.0,17950.0,Sunday
2012-04-23,17790.0,17790.0,17790.0,17790.0,Monday
2012-04-24,17580.0,17580.0,17580.0,17580.0,Tuesday
2012-04-25,17580.0,17580.0,17580.0,17580.0,Wednesday
2012-04-26,17480.0,17480.0,17480.0,17480.0,Thursday
2012-04-27,17480.0,17480.0,17480.0,17480.0,Friday
2012-04-28,16650.0,16650.0,16650.0,16650.0,Saturday
2012-04-29,17340.0,17340.0,17340.0,17340.0,Sunday
2012-04-30,17250.0,17250.0,17250.0,17250.0,Monday
2012-05-01,17100.0,17100.0,17100.0,17100.0,Tuesday
2012-05-02,17090.0,17090.0,17090.0,17090.0,Wednesday
2012-05-03,17050.0,17050.0,17050.0,17050.0,Thursday
2012-05-04,17050.0,17050.0,17050.0,17050.0,Friday
2012-05-05,16780.0,16780.0,16780.0,16780.0,Saturday
2012-05-06,16720.0,16720.0,16720.0,16720.0,Sunday
2012-05-07,16640.0,16640.0,16640.0,16640.0,Monday
2012-05-08,16550.0,16550.0,16550.0,16550.0,Tuesday
2012-05-09,16500.0,16500.0,16500.0,16500.0,Wednesday
2012-05-10,16190.0,16190.0,16190.0,16190.0,Thursday
2012-05-11,16190.0,16190.0,16190.0,16190.0,Friday
2012-05-12,15890.0,15890.0,15890.0,15890.0,Saturday
2012-05-13,15750.0,15750.0,15750.0,15750.0,Sunday
2012-05-14,16250.0,16250.0,16250.0,16250.0,Monday
2012-05-15,16690.0,16690.0,16690.0,16690.0,Tuesday
2012-05-16,16380.0,16380.0,16380.0,16380.0,Wednesday
2012-05-17,16650.0,16650.0,16650.0,16650.0,Thursday
2012-05-18,16650.0,16650.0,16650.0,16650.0,Friday
2012-05-19,16850.0,16850.0,16850.0,16850.0,Saturday
2012-05-20,16760.0,16760.0,16760.0,16760.0,Sunday
2012-05-21,16850.0,16850.0,16850.0,16850.0,Monday
2012-05-22,16690.0,16690.0,16690.0,16690.0,Tuesday
2012-05-23,16710.0,16710.0,16710.0,16710.0,Wednesday
2012-05-24,17600.0,17600.0,17600.0,17600.0,Thursday
2012-05-25,17600.0,17600.0,17600.0,17600.0,Friday
2012-05-26,17670.0,17670.0,17670.0,17670.0,Saturday
2012-05-27,17200.0,17200.0,17200.0,17200.0,Sunday
2012-05-28,17300.0,17300.0,17300.0,17300.0,Monday
2012-05-29,17600.0,17600.0,17600.0,17600.0,Tuesday
2012-05-30,17680.0,17680.0,17680.0,17680.0,Wednesday
2012-05-31,17700.0,17700.0,17700.0,17700.0,Thursday
2012-06-01,17700.0,17700.0,17700.0,17700.0,Friday
2012-06-02,17770.0,17770.0,17770.0,17770.0,Saturday
2012-06-03,17770.0,17770.0,17770.0,17770.0,Sunday
2012-06-04,17770.0,17770.0,17770.0,17770.0,Monday
2012-06-05,17680.0,17680.0,17680.0,17680.0,Tuesday
2012-06-06,17700.0,17700.0,17700.0,17700.0,Wednesday
2012-06-07,17850.0,17850.0,17850.0,17850.0,Thursday
2012-06-08,17850.0,17850.0,17850.0,17850.0,Friday
2012-06-09,18250.0,18250.0,18250.0,18250.0,Saturday
2012-06-10,18210.0,18210.0,18210.0,18210.0,Sunday
2012-06-11,18150.0,18150.0,18150.0,18150.0,Monday
2012-06-12,17900.0,17900.0,17900.0,17900.0,Tuesday
2012-06-13,17600.0,17600.0,17600.0,17600.0,Wednesday
2012-06-14,17800.0,17800.0,17800.0,17800.0,Thursday
2012-06-15,17800.0,17800.0,17800.0,17800.0,Friday
2012-06-16,17850.0,17850.0,17850.0,17850.0,Saturday
2012-06-17,18000.0,18000.0,18000.0,18000.0,Sunday
2012-06-18,18000.0,18000.0,18000.0,18000.0,Monday
2012-06-19,18100.0,18100.0,18100.0,18100.0,Tuesday
2012-06-20,18280.0,18280.0,18280.0,18280.0,Wednesday
2012-06-21,18300.0,18300.0,18300.0,18300.0,Thursday
2012-06-22,18300.0,18300.0,18300.0,18300.0,Friday
2012-06-23,18800.0,18800.0,18800.0,18800.0,Saturday
2012-06-24,19050.0,19050.0,19050.0,19050.0,Sunday
2012-06-25,18950.0,18950.0,18950.0,18950.0,Monday
2012-06-26,19200.0,19200.0,19200.0,19200.0,Tuesday
2012-06-27,19400.0,19400.0,19400.0,19400.0,Wednesday
2012-06-28,20150.0,20150.0,20150.0,20150.0,Thursday
2012-06-29,20150.0,20150.0,20150.0,20150.0,Friday
2012-06-30,19800.0,19520.0,20000.0,19940.0,Saturday
2012-07-01,19890.0,19520.0,19890.0,19530.0,Sunday
2012-07-02,19460.0,19280.0,19560.0,19430.0,Monday
2012-07-03,19410.0,19400.0,19760.0,19760.0,Tuesday
2012-07-04,19800.0,19610.0,19830.0,19680.0,Wednesday
2012-07-05,19800.0,19610.0,19830.0,19680.0,Thursday
2012-07-06,19800.0,19610.0,19830.0,19680.0,Friday
2012-07-07,19580.0,19410.0,19600.0,19460.0,Saturday
2012-07-08,19390.0,19040.0,19390.0,19100.0,Sunday
2012-07-09,19020.0,18810.0,19160.0,19130.0,Monday
2012-07-10,19200.0,19200.0,19460.0,19360.0,Tuesday
2012-07-11,19330.0,19100.0,19340.0,19140.0,Wednesday
2012-07-12,19170.0,19150.0,19240.0,19220.0,Thursday
2012-07-13,19170.0,19150.0,19240.0,19220.0,Friday
2012-07-14,19350.0,19150.0,19350.0,19150.0,Saturday
2012-07-15,19130.0,19010.0,19130.0,19020.0,Sunday
2012-07-16,18900.0,18900.0,19200.0,19200.0,Monday
2012-07-17,19280.0,19090.0,19280.0,19090.0,Tuesday
2012-07-18,19040.0,19030.0,19220.0,19150.0,Wednesday
2012-07-19,19140.0,19080.0,19140.0,19100.0,Thursday
2012-07-20,19140.0,19080.0,19140.0,19100.0,Friday
2012-07-21,19080.0,19030.0,19100.0,19090.0,Saturday
2012-07-22,19070.0,18980.0,19080.0,18990.0,Sunday
2012-07-23,18960.0,18960.0,19090.0,19080.0,Monday
2012-07-24,19100.0,19100.0,19230.0,19210.0,Tuesday
2012-07-25,19200.0,19200.0,19340.0,19290.0,Wednesday
2012-07-26,19350.0,19350.0,19600.0,19570.0,Thursday
2012-07-27,19350.0,19350.0,19600.0,19570.0,Friday
2012-07-28,19600.0,19600.0,19740.0,19700.0,Saturday
2012-07-29,19650.0,19420.0,19650.0,19470.0,Sunday
2012-07-30,19500.0,19500.0,19680.0,19680.0,Monday
2012-07-31,19710.0,19630.0,19710.0,19710.0,Tuesday
2012-08-01,19820.0,19800.0,20080.0,20070.0,Wednesday
2012-08-02,20080.0,20080.0,20250.0,20190.0,Thursday
2012-08-03,20080.0,20080.0,20250.0,20190.0,Friday
2012-08-04,20070.0,20020.0,20170.0,20080.0,Saturday
2012-08-05,20040.0,20040.0,20480.0,20440.0,Sunday
2012-08-06,20700.0,20700.0,21550.0,21460.0,Monday
2012-08-07,21800.0,21570.0,22100.0,21980.0,Tuesday
2012-08-08,21970.0,20850.0,21970.0,20850.0,Wednesday
2012-08-09,20700.0,20570.0,20950.0,20950.0,Thursday
2012-08-10,20700.0,20570.0,20950.0,20950.0,Friday
2012-08-11,20800.0,20800.0,21350.0,21300.0,Saturday
2012-08-12,21390.0,21370.0,21520.0,21480.0,Sunday
2012-08-13,21400.0,21290.0,21410.0,21300.0,Monday
2012-08-14,21290.0,21210.0,21310.0,21210.0,Tuesday
2012-08-15,21230.0,21070.0,21240.0,21070.0,Wednesday
2012-08-16,21110.0,21060.0,21260.0,21260.0,Thursday
2012-08-17,21110.0,21060.0,21260.0,21260.0,Friday
2012-08-18,21300.0,21200.0,21320.0,21200.0,Saturday
2012-08-19,21300.0,21200.0,21320.0,21200.0,Sunday
2012-08-20,21300.0,21200.0,21320.0,21200.0,Monday
2012-08-21,21210.0,21180.0,21290.0,21290.0,Tuesday
2012-08-22,21360.0,21290.0,21360.0,21360.0,Wednesday
2012-08-23,21420.0,21420.0,21690.0,21630.0,Thursday
2012-08-24,21420.0,21420.0,21690.0,21630.0,Friday
2012-08-25,21830.0,21820.0,22100.0,21940.0,Saturday
2012-08-26,22000.0,21650.0,22000.0,21730.0,Sunday
2012-08-27,21750.0,21720.0,21960.0,21960.0,Monday
2012-08-28,21930.0,21930.0,21940.0,21940.0,Tuesday
2012-08-29,21930.0,21930.0,21950.0,21940.0,Wednesday
2012-08-30,21930.0,21930.0,21950.0,21940.0,Thursday
2012-08-31,21930.0,21930.0,21950.0,21940.0,Friday
2012-09-01,21850.0,21770.0,21850.0,21800.0,Saturday
2012-09-02,21780.0,21590.0,21780.0,21590.0,Sunday
2012-09-03,21500.0,21330.0,21730.0,21730.0,Monday
2012-09-04,21820.0,21750.0,21910.0,21820.0,Tuesday
2012-09-05,21820.0,21810.0,22190.0,22180.0,Wednesday
2012-09-06,22370.0,22210.0,22500.0,22210.0,Thursday
2012-09-07,22370.0,22210.0,22500.0,22210.0,Friday
2012-09-08,22500.0,22500.0,23020.0,23020.0,Saturday
2012-09-09,23140.0,23140.0,24480.0,24480.0,Sunday
2012-09-10,24900.0,24900.0,26300.0,25600.0,Monday
2012-09-11,25200.0,24250.0,25200.0,24750.0,Tuesday
2012-09-12,25200.0,24250.0,25200.0,24750.0,Wednesday
2012-09-13,23900.0,23820.0,24000.0,23910.0,Thursday
2012-09-14,23900.0,23820.0,24000.0,23910.0,Friday
2012-09-15,23850.0,23850.0,24480.0,24480.0,Saturday
2012-09-16,24350.0,24320.0,24550.0,24470.0,Sunday
2012-09-17,24470.0,24470.0,25240.0,24930.0,Monday
2012-09-18,24700.0,24300.0,24820.0,24360.0,Tuesday
2012-09-19,24210.0,23990.0,24360.0,24280.0,Wednesday
2012-09-20,24340.0,24340.0,24410.0,24380.0,Thursday
2012-09-21,24340.0,24340.0,24410.0,24380.0,Friday
2012-09-22,24740.0,24370.0,24740.0,24690.0,Saturday
2012-09-23,24660.0,24510.0,24780.0,24760.0,Sunday
2012-09-24,24600.0,24600.0,25300.0,25200.0,Monday
2012-09-25,25310.0,25310.0,26530.0,25480.0,Tuesday
2012-09-26,26150.0,26120.0,26460.0,26300.0,Wednesday
2012-09-27,26760.0,26760.0,26900.0,26900.0,Thursday
2012-09-28,26760.0,26760.0,26900.0,26900.0,Friday
2012-09-29,27160.0,27160.0,28500.0,28440.0,Saturday
2012-09-30,29600.0,29410.0,29800.0,29800.0,Sunday
2012-10-01,29680.0,29680.0,34700.0,34700.0,Monday
2012-10-02,33300.0,33300.0,36100.0,36100.0,Tuesday
2012-10-03,35700.0,30000.0,36300.0,34000.0,Wednesday
2012-10-04,31000.0,29600.0,32000.0,30000.0,Thursday
2012-10-05,31000.0,29600.0,32000.0,30000.0,Friday
2012-10-06,29000.0,28500.0,31500.0,30300.0,Saturday
2012-10-07,29800.0,28500.0,31200.0,30000.0,Sunday
2012-10-08,30670.0,30670.0,33400.0,33400.0,Monday
2012-10-09,34000.0,33000.0,34500.0,33000.0,Tuesday
2012-10-10,32200.0,31250.0,33500.0,33000.0,Wednesday
2012-10-11,33000.0,33000.0,33450.0,33250.0,Thursday
2012-10-12,33000.0,33000.0,33450.0,33250.0,Friday
2012-10-13,33950.0,33950.0,33950.0,33950.0,Saturday
2012-10-14,33700.0,33500.0,34200.0,34000.0,Sunday
2012-10-15,34600.0,34600.0,35400.0,35200.0,Monday
2012-10-16,36000.0,36000.0,36000.0,36000.0,Tuesday
2012-10-17,33350.0,33350.0,33350.0,33350.0,Wednesday
2012-10-18,33350.0,33350.0,36000.0,35300.0,Thursday
2012-10-19,33350.0,33350.0,36000.0,35300.0,Friday
2012-10-20,36000.0,36000.0,36000.0,36000.0,Saturday
2012-10-21,35500.0,35000.0,35500.0,35400.0,Sunday
2012-10-22,36000.0,36000.0,36000.0,36000.0,Monday
2012-10-23,33000.0,32700.0,33000.0,32700.0,Tuesday
2012-10-24,34000.0,34000.0,34000.0,34000.0,Wednesday
2012-10-25,34000.0,34000.0,34000.0,34000.0,Thursday
2012-10-26,34000.0,34000.0,34000.0,34000.0,Friday
2012-10-27,33400.0,33400.0,33400.0,33400.0,Saturday
2012-10-28,32900.0,32900.0,32900.0,32900.0,Sunday
2012-10-29,33400.0,33400.0,33400.0,33400.0,Monday
2012-10-30,33000.0,33000.0,33000.0,33000.0,Tuesday
2012-10-31,32900.0,32900.0,32900.0,32900.0,Wednesday
2012-11-01,32900.0,32900.0,32900.0,32900.0,Thursday
2012-11-02,32900.0,32900.0,32900.0,32900.0,Friday
2012-11-03,32900.0,32900.0,32900.0,32900.0,Saturday
2012-11-04,31000.0,29500.0,31000.0,29500.0,Sunday
2012-11-05,29500.0,29500.0,29500.0,29500.0,Monday
2012-11-06,32000.0,32000.0,32000.0,32000.0,Tuesday
2012-11-07,31800.0,31800.0,31800.0,31800.0,Wednesday
2012-11-08,31800.0,31800.0,31800.0,31800.0,Thursday
2012-11-09,31800.0,31800.0,31800.0,31800.0,Friday
2012-11-10,31000.0,31000.0,31000.0,31000.0,Saturday
2012-11-11,30700.0,30700.0,30700.0,30700.0,Sunday
2012-11-12,30500.0,30500.0,30500.0,30500.0,Monday
2012-11-13,30000.0,30000.0,30000.0,30000.0,Tuesday
2012-11-14,29800.0,29800.0,29800.0,29800.0,Wednesday
2012-11-15,29800.0,29800.0,29800.0,29800.0,Thursday
2012-11-16,29800.0,29800.0,29800.0,29800.0,Friday
2012-11-17,29400.0,29400.0,29400.0,29400.0,Saturday
2012-11-18,28500.0,28500.0,28500.0,28500.0,Sunday
2012-11-19,28000.0,28000.0,28000.0,28000.0,Monday
2012-11-20,26500.0,26500.0,26500.0,26500.0,Tuesday
2012-11-21,28400.0,28400.0,28400.0,28400.0,Wednesday
2012-11-22,28400.0,28400.0,29000.0,29000.0,Thursday
2012-11-23,29000.0,29000.0,29000.0,29000.0,Friday
2012-11-24,29000.0,29000.0,29000.0,29000.0,Saturday
2012-11-25,29000.0,29000.0,29000.0,29000.0,Sunday
2012-11-26,28900.0,28900.0,28900.0,28900.0,Monday
2012-11-27,28000.0,28000.0,28000.0,28000.0,Tuesday
2012-11-28,29000.0,29000.0,29000.0,29000.0,Wednesday
2012-11-29,28700.0,28700.0,28700.0,28700.0,Thursday
2012-11-30,28700.0,28700.0,28700.0,28700.0,Friday
2012-12-01,29500.0,29500.0,29500.0,29500.0,Saturday
2012-12-02,29300.0,29300.0,29300.0,29300.0,Sunday
2012-12-03,29300.0,29300.0,29300.0,29300.0,Monday
2012-12-04,29100.0,29100.0,29100.0,29100.0,Tuesday
2012-12-05,29300.0,29300.0,29300.0,29300.0,Wednesday
2012-12-06,29300.0,29300.0,29300.0,29300.0,Thursday
2012-12-07,29300.0,29300.0,29300.0,29300.0,Friday
2012-12-08,30500.0,30500.0,30500.0,30500.0,Saturday
2012-12-09,29000.0,29000.0,29000.0,29000.0,Sunday
2012-12-10,29800.0,29800.0,29800.0,29800.0,Monday
2012-12-11,30100.0,30100.0,30100.0,30100.0,Tuesday
2012-12-12,29950.0,29950.0,29950.0,29950.0,Wednesday
2012-12-13,30200.0,30200.0,30200.0,30200.0,Thursday
2012-12-14,30200.0,30200.0,30200.0,30200.0,Friday
2012-12-15,29700.0,29700.0,29700.0,29700.0,Saturday
2012-12-16,30000.0,30000.0,30000.0,30000.0,Sunday
2012-12-17,30000.0,30000.0,30330.0,30330.0,Monday
2012-12-18,30900.0,30900.0,31100.0,31100.0,Tuesday
2012-12-19,31250.0,30850.0,31350.0,30850.0,Wednesday
2012-12-20,31000.0,31000.0,31000.0,31000.0,Thursday
2012-12-21,31000.0,31000.0,31000.0,31000.0,Friday
2012-12-22,31500.0,31300.0,31700.0,31700.0,Saturday
2012-12-23,31800.0,31800.0,32400.0,32400.0,Sunday
2012-12-24,33500.0,33320.0,33500.0,33320.0,Monday
2012-12-25,34200.0,33320.0,34200.0,33320.0,Tuesday
2012-12-26,32640.0,32480.0,33280.0,32750.0,Wednesday
2012-12-27,32850.0,32600.0,32850.0,32600.0,Thursday
2012-12-28,32850.0,32600.0,32850.0,32600.0,Friday
2012-12-29,32800.0,32100.0,32800.0,32100.0,Saturday
2012-12-30,31950.0,31600.0,32300.0,32300.0,Sunday
2012-12-31,32900.0,32400.0,32900.0,32400.0,Monday
2013-01-01,32400.0,32400.0,32550.0,32400.0,Tuesday
2013-01-02,32350.0,32350.0,32500.0,32450.0,Wednesday
2013-01-03,32350.0,32350.0,32500.0,32450.0,Thursday
2013-01-04,32350.0,32350.0,32500.0,32450.0,Friday
2013-01-05,32350.0,32350.0,32350.0,32350.0,Saturday
2013-01-06,32400.0,32330.0,32460.0,32460.0,Sunday
2013-01-07,32400.0,32300.0,32400.0,32350.0,Monday
2013-01-08,32420.0,32400.0,32660.0,32660.0,Tuesday
2013-01-09,32550.0,32550.0,33250.0,32850.0,Wednesday
2013-01-10,32800.0,32800.0,32800.0,32800.0,Thursday
2013-01-11,32800.0,32800.0,32800.0,32800.0,Friday
2013-01-12,32800.0,32800.0,32800.0,32800.0,Saturday
2013-01-13,32700.0,32700.0,33080.0,32880.0,Sunday
2013-01-14,32900.0,32850.0,32950.0,32900.0,Monday
2013-01-15,32930.0,32900.0,33100.0,33050.0,Tuesday
2013-01-16,33300.0,33010.0,33300.0,33050.0,Wednesday
2013-01-17,33080.0,33050.0,33080.0,33050.0,Thursday
2013-01-18,33080.0,33050.0,33080.0,33050.0,Friday
2013-01-19,33150.0,33150.0,33400.0,33400.0,Saturday
2013-01-20,33300.0,33300.0,34350.0,34100.0,Sunday
2013-01-21,34400.0,34400.0,35430.0,35150.0,Monday
2013-01-22,35240.0,35240.0,36500.0,36190.0,Tuesday
2013-01-23,36500.0,34960.0,36500.0,35600.0,Wednesday
2013-01-24,35400.0,35200.0,35400.0,35250.0,Thursday
2013-01-25,35400.0,35200.0,35400.0,35250.0,Friday
2013-01-26,35000.0,35000.0,35500.0,35500.0,Saturday
2013-01-27,35600.0,35600.0,36520.0,36520.0,Sunday
2013-01-28,36300.0,36000.0,36710.0,36500.0,Monday
2013-01-29,36600.0,36600.0,36600.0,36600.0,Tuesday
2013-01-30,36800.0,36800.0,38100.0,37950.0,Wednesday
2013-01-31,37800.0,37800.0,38900.0,38900.0,Thursday
2013-02-01,37800.0,37800.0,38900.0,38900.0,Friday
2013-02-02,39400.0,37800.0,39700.0,38200.0,Saturday
2013-02-03,38100.0,37800.0,38100.0,38100.0,Sunday
2013-02-04,37700.0,37700.0,38250.0,38250.0,Monday
2013-02-05,38900.0,38500.0,38900.0,38500.0,Tuesday
2013-02-06,37700.0,37150.0,37700.0,37150.0,Wednesday
2013-02-07,37900.0,37900.0,38200.0,38200.0,Thursday
2013-02-08,37900.0,37900.0,38200.0,38200.0,Friday
2013-02-09,38250.0,38250.0,38500.0,38500.0,Saturday
2013-02-10,38250.0,38250.0,38500.0,38500.0,Sunday
2013-02-11,38300.0,37700.0,38300.0,37700.0,Monday
2013-02-12,37500.0,37200.0,37500.0,37200.0,Tuesday
2013-02-13,36000.0,35900.0,36500.0,36500.0,Wednesday
2013-02-14,36900.0,36900.0,37500.0,37500.0,Thursday
2013-02-15,36900.0,36900.0,37500.0,37500.0,Friday
2013-02-16,37450.0,37140.0,37450.0,37300.0,Saturday
2013-02-17,37000.0,36800.0,37000.0,36800.0,Sunday
2013-02-18,36600.0,36600.0,37100.0,37100.0,Monday
2013-02-19,37400.0,37250.0,37500.0,37250.0,Tuesday
2013-02-20,36800.0,36800.0,37100.0,36900.0,Wednesday
2013-02-21,36700.0,36700.0,36750.0,36750.0,Thursday
2013-02-22,36700.0,36700.0,36750.0,36750.0,Friday
2013-02-23,37000.0,36800.0,37100.0,36800.0,Saturday
2013-02-24,36650.0,36550.0,36750.0,36750.0,Sunday
2013-02-25,36890.0,36890.0,37460.0,37460.0,Monday
2013-02-26,37450.0,37450.0,37850.0,37650.0,Tuesday
2013-02-27,37900.0,37050.0,37900.0,37050.0,Wednesday
2013-02-28,37000.0,36750.0,37000.0,36750.0,Thursday
2013-03-01,37000.0,36750.0,37000.0,36750.0,Friday
2013-03-02,36500.0,36450.0,36650.0,36450.0,Saturday
2013-03-03,36100.0,34900.0,36100.0,34900.0,Sunday
2013-03-04,33900.0,32850.0,33900.0,33050.0,Monday
2013-03-05,33300.0,33300.0,34700.0,34400.0,Tuesday
2013-03-06,34800.0,34800.0,35900.0,35900.0,Wednesday
2013-03-07,36400.0,35700.0,36400.0,35700.0,Thursday
2013-03-08,36400.0,35700.0,36400.0,35700.0,Friday
2013-03-09,35450.0,34800.0,35450.0,34800.0,Saturday
2013-03-10,34850.0,34450.0,34850.0,34750.0,Sunday
2013-03-11,35300.0,34900.0,35500.0,35100.0,Monday
2013-03-12,35050.0,34700.0,35050.0,34750.0,Tuesday
2013-03-13,34300.0,34100.0,34450.0,34400.0,Wednesday
2013-03-14,34200.0,34000.0,34250.0,34000.0,Thursday
2013-03-15,34200.0,34000.0,34250.0,34000.0,Friday
2013-03-16,33950.0,33300.0,33950.0,33320.0,Saturday
2013-03-17,33400.0,33400.0,34200.0,34100.0,Sunday
2013-03-18,34000.0,33950.0,34050.0,34050.0,Monday
2013-03-19,34000.0,33950.0,34050.0,34050.0,Tuesday
2013-03-20,34000.0,33950.0,34050.0,34050.0,Wednesday
2013-03-21,34000.0,33950.0,34050.0,34050.0,Thursday
2013-03-22,34000.0,33950.0,34050.0,34050.0,Friday
2013-03-23,34000.0,33950.0,34050.0,34050.0,Saturday
2013-03-24,34000.0,33950.0,34050.0,34050.0,Sunday
2013-03-25,34000.0,33950.0,34050.0,34050.0,Monday
2013-03-26,34000.0,33950.0,34050.0,34050.0,Tuesday
2013-03-27,34000.0,33950.0,34050.0,34050.0,Wednesday
2013-03-28,34000.0,33950.0,34050.0,34050.0,Thursday
2013-03-29,34000.0,33950.0,34050.0,34050.0,Friday
2013-03-30,34000.0,33950.0,34050.0,34050.0,Saturday
2013-03-31,34000.0,33950.0,34050.0,34050.0,Sunday
2013-04-01,34000.0,33950.0,34050.0,34050.0,Monday
2013-04-02,34000.0,33950.0,34050.0,34050.0,Tuesday
2013-04-03,34000.0,33950.0,34050.0,34050.0,Wednesday
2013-04-04,34000.0,33950.0,34050.0,34050.0,Thursday
2013-04-05,34000.0,33950.0,34050.0,34050.0,Friday
2013-04-06,34500.0,34500.0,35400.0,35100.0,Saturday
2013-04-07,36000.0,35950.0,36400.0,36350.0,Sunday
2013-04-08,36150.0,35400.0,36150.0,35400.0,Monday
2013-04-09,35400.0,35400.0,35650.0,35400.0,Tuesday
2013-04-10,35500.0,35150.0,35500.0,35150.0,Wednesday
2013-04-11,35300.0,35050.0,35300.0,35050.0,Thursday
2013-04-12,35300.0,35050.0,35300.0,35050.0,Friday
2013-04-13,35200.0,35050.0,35300.0,35150.0,Saturday
2013-04-14,35200.0,35050.0,35300.0,35150.0,Sunday
2013-04-15,35100.0,35050.0,35200.0,35050.0,Monday
2013-04-16,35200.0,35000.0,35200.0,35050.0,Tuesday
2013-04-17,35100.0,35100.0,35250.0,35250.0,Wednesday
2013-04-18,35350.0,35300.0,35350.0,35300.0,Thursday
2013-04-19,35350.0,35300.0,35350.0,35300.0,Friday
2013-04-20,35450.0,35100.0,35500.0,35200.0,Saturday
2013-04-21,35150.0,35150.0,35350.0,35350.0,Sunday
2013-04-22,35450.0,35400.0,35500.0,35500.0,Monday
2013-04-23,35600.0,35450.0,35600.0,35600.0,Tuesday
2013-04-24,35650.0,35650.0,36400.0,36400.0,Wednesday
2013-04-25,36350.0,36150.0,36350.0,36150.0,Thursday
2013-04-26,36350.0,36150.0,36350.0,36150.0,Friday
2013-04-27,36200.0,35850.0,36200.0,35850.0,Saturday
2013-04-28,35700.0,35600.0,35850.0,35850.0,Sunday
2013-04-29,35800.0,35800.0,36100.0,35900.0,Monday
2013-04-30,35950.0,35800.0,35950.0,35800.0,Tuesday
2013-05-01,35750.0,35700.0,35750.0,35700.0,Wednesday
2013-05-02,35400.0,35400.0,35550.0,35550.0,Thursday
2013-05-03,35400.0,35400.0,35550.0,35550.0,Friday
2013-05-04,35700.0,35500.0,35700.0,35600.0,Saturday
2013-05-05,35800.0,35750.0,36000.0,36000.0,Sunday
2013-05-06,35850.0,35700.0,35850.0,35700.0,Monday
2013-05-07,35650.0,35550.0,35650.0,35600.0,Tuesday
2013-05-08,35650.0,35450.0,35650.0,35450.0,Wednesday
2013-05-09,35350.0,35300.0,35350.0,35350.0,Thursday
2013-05-10,35350.0,35300.0,35350.0,35350.0,Friday
2013-05-11,35300.0,34650.0,35300.0,34650.0,Saturday
2013-05-12,34850.0,34700.0,34900.0,34900.0,Sunday
2013-05-13,34850.0,34850.0,35300.0,35300.0,Monday
2013-05-14,35270.0,35250.0,35300.0,35250.0,Tuesday
2013-05-15,35000.0,34750.0,35050.0,35050.0,Wednesday
2013-05-16,35100.0,35100.0,35150.0,35150.0,Thursday
2013-05-17,35100.0,35100.0,35150.0,35150.0,Friday
2013-05-18,35160.0,35000.0,35160.0,35050.0,Saturday
2013-05-19,34800.0,34750.0,34900.0,34750.0,Sunday
2013-05-20,34550.0,34500.0,34750.0,34700.0,Monday
2013-05-21,35000.0,34900.0,35000.0,34900.0,Tuesday
2013-05-22,35600.0,35450.0,35700.0,35650.0,Wednesday
2013-05-23,35550.0,35400.0,35550.0,35450.0,Thursday
2013-05-24,35550.0,35400.0,35550.0,35450.0,Friday
2013-05-25,35500.0,35500.0,35800.0,35700.0,Saturday
2013-05-26,35850.0,35850.0,36280.0,36150.0,Sunday
2013-05-27,36100.0,36100.0,36280.0,36280.0,Monday
2013-05-28,36300.0,36300.0,36850.0,36850.0,Tuesday
2013-05-29,36900.0,36480.0,36900.0,36580.0,Wednesday
2013-05-30,36450.0,36150.0,36450.0,36200.0,Thursday
2013-05-31,36450.0,36150.0,36450.0,36200.0,Friday
2013-06-01,36180.0,36180.0,36520.0,36450.0,Saturday
2013-06-02,36480.0,36280.0,36500.0,36280.0,Sunday
2013-06-03,36320.0,36280.0,36350.0,36350.0,Monday
2013-06-04,36320.0,36280.0,36350.0,36350.0,Tuesday
2013-06-05,36320.0,36280.0,36350.0,36350.0,Wednesday
2013-06-06,36320.0,36280.0,36350.0,36350.0,Thursday
2013-06-07,36320.0,36280.0,36350.0,36350.0,Friday
2013-06-08,36480.0,36480.0,36700.0,36700.0,Saturday
2013-06-09,36650.0,36300.0,36650.0,36300.0,Sunday
2013-06-10,36300.0,36200.0,36300.0,36200.0,Monday
2013-06-11,35950.0,35850.0,36000.0,35850.0,Tuesday
2013-06-12,35950.0,35950.0,36450.0,36450.0,Wednesday
2013-06-13,36350.0,36300.0,36350.0,36300.0,Thursday
2013-06-14,36350.0,36300.0,36350.0,36300.0,Friday
2013-06-15,36000.0,34500.0,36000.0,34800.0,Saturday
2013-06-16,34400.0,34400.0,35200.0,35100.0,Sunday
2013-06-17,35000.0,34500.0,35000.0,34550.0,Monday
2013-06-18,35000.0,34500.0,35000.0,34500.0,Tuesday
2013-06-19,34400.0,33900.0,34400.0,34000.0,Wednesday
2013-06-20,33500.0,32850.0,33500.0,33000.0,Thursday
2013-06-21,33500.0,32850.0,33500.0,33000.0,Friday
2013-06-22,32900.0,32000.0,32900.0,32000.0,Saturday
2013-06-23,30700.0,29800.0,31500.0,30900.0,Sunday
2013-06-24,30700.0,29800.0,31500.0,30900.0,Monday
2013-06-25,31200.0,31200.0,33100.0,33100.0,Tuesday
2013-06-26,32400.0,32400.0,33200.0,32950.0,Wednesday
2013-06-27,33700.0,33600.0,34000.0,33600.0,Thursday
2013-06-28,33700.0,33600.0,34000.0,33600.0,Friday
2013-06-29,33400.0,33150.0,33700.0,33200.0,Saturday
2013-06-30,33600.0,33400.0,33600.0,33500.0,Sunday
2013-07-01,34100.0,33750.0,34100.0,33900.0,Monday
2013-07-02,34000.0,33700.0,34000.0,33700.0,Tuesday
2013-07-03,33550.0,33400.0,33650.0,33600.0,Wednesday
2013-07-04,33550.0,33550.0,33650.0,33650.0,Thursday
2013-07-05,33550.0,33550.0,33650.0,33650.0,Friday
2013-07-06,33500.0,33200.0,33500.0,33200.0,Saturday
2013-07-07,33200.0,32950.0,33200.0,32950.0,Sunday
2013-07-08,33350.0,33300.0,33500.0,33350.0,Monday
2013-07-09,33150.0,32950.0,33150.0,33100.0,Tuesday
2013-07-10,33050.0,32900.0,33050.0,33000.0,Wednesday
2013-07-11,33300.0,33100.0,33300.0,33150.0,Thursday
2013-07-12,33300.0,33100.0,33300.0,33150.0,Friday
2013-07-13,33050.0,32850.0,33050.0,32850.0,Saturday
2013-07-14,32700.0,32350.0,32700.0,32700.0,Sunday
2013-07-15,32750.0,32550.0,32750.0,32600.0,Monday
2013-07-16,32550.0,32550.0,32600.0,32600.0,Tuesday
2013-07-17,32500.0,32100.0,32500.0,32150.0,Wednesday
2013-07-18,32000.0,31650.0,32000.0,31650.0,Thursday
2013-07-19,32000.0,31650.0,32000.0,31650.0,Friday
2013-07-20,31200.0,30850.0,31200.0,31000.0,Saturday
2013-07-21,30800.0,30700.0,31150.0,31150.0,Sunday
2013-07-22,31850.0,31450.0,31850.0,31600.0,Monday
2013-07-23,31450.0,31150.0,31450.0,31200.0,Tuesday
2013-07-24,31300.0,31200.0,31650.0,31650.0,Wednesday
2013-07-25,31500.0,31500.0,31650.0,31600.0,Thursday
2013-07-26,31500.0,31500.0,31650.0,31600.0,Friday
2013-07-27,31500.0,31500.0,31700.0,31700.0,Saturday
2013-07-28,31900.0,31700.0,31900.0,31800.0,Sunday
2013-07-29,31700.0,31600.0,31750.0,31700.0,Monday
2013-07-30,31700.0,31600.0,31750.0,31700.0,Tuesday
2013-07-31,31750.0,31650.0,31750.0,31700.0,Wednesday
2013-08-01,31750.0,31750.0,31800.0,31800.0,Thursday
2013-08-02,31750.0,31750.0,31800.0,31800.0,Friday
2013-08-03,32100.0,32050.0,32900.0,32850.0,Saturday
2013-08-04,32650.0,32400.0,32800.0,32400.0,Sunday
2013-08-05,32150.0,31900.0,32200.0,32000.0,Monday
2013-08-06,31900.0,31750.0,31950.0,31900.0,Tuesday
2013-08-07,32050.0,32050.0,32350.0,32250.0,Wednesday
2013-08-08,32300.0,32100.0,32350.0,32150.0,Thursday
2013-08-09,32300.0,32100.0,32350.0,32150.0,Friday
2013-08-10,32300.0,32100.0,32350.0,32150.0,Saturday
2013-08-11,32150.0,32150.0,32200.0,32200.0,Sunday
2013-08-12,32300.0,32200.0,32400.0,32250.0,Monday
2013-08-13,32100.0,31900.0,32100.0,31950.0,Tuesday
2013-08-14,31900.0,31800.0,31950.0,31950.0,Wednesday
2013-08-15,32000.0,32000.0,32050.0,32000.0,Thursday
2013-08-16,32000.0,32000.0,32050.0,32000.0,Friday
2013-08-17,31850.0,31600.0,31850.0,31700.0,Saturday
2013-08-18,31650.0,31550.0,31650.0,31580.0,Sunday
2013-08-19,31650.0,31450.0,31700.0,31450.0,Monday
2013-08-20,31450.0,31000.0,31450.0,31000.0,Tuesday
2013-08-21,30900.0,30800.0,31000.0,30950.0,Wednesday
2013-08-22,31000.0,30950.0,31200.0,31200.0,Thursday
2013-08-23,31000.0,30950.0,31200.0,31200.0,Friday
2013-08-24,31300.0,31150.0,31350.0,31250.0,Saturday
2013-08-25,31300.0,31150.0,31300.0,31200.0,Sunday
2013-08-26,31350.0,31150.0,31350.0,31250.0,Monday
2013-08-27,31250.0,31250.0,31800.0,31750.0,Tuesday
2013-08-28,31800.0,31800.0,33000.0,33000.0,Wednesday
2013-08-29,32800.0,32200.0,32800.0,32400.0,Thursday
2013-08-30,32800.0,32200.0,32800.0,32400.0,Friday
2013-08-31,32300.0,32200.0,32700.0,32700.0,Saturday
2013-09-01,32550.0,32350.0,32550.0,32400.0,Sunday
2013-09-02,32550.0,32350.0,32550.0,32400.0,Monday
2013-09-03,32450.0,32400.0,32700.0,32700.0,Tuesday
2013-09-04,32800.0,32800.0,33300.0,33050.0,Wednesday
2013-09-05,33050.0,33050.0,33200.0,33200.0,Thursday
2013-09-06,33050.0,33050.0,33200.0,33200.0,Friday
2013-09-07,33150.0,32800.0,33150.0,32800.0,Saturday
2013-09-08,32700.0,32700.0,32900.0,32900.0,Sunday
2013-09-09,32850.0,32800.0,32950.0,32850.0,Monday
2013-09-10,32750.0,32000.0,32750.0,32000.0,Tuesday
2013-09-11,31900.0,31750.0,32050.0,31800.0,Wednesday
2013-09-12,31750.0,31650.0,31800.0,31800.0,Thursday
2013-09-13,31750.0,31650.0,31800.0,31800.0,Friday
2013-09-14,31750.0,31700.0,31800.0,31700.0,Saturday
2013-09-15,31800.0,31700.0,31800.0,31700.0,Sunday
2013-09-16,31600.0,31200.0,31600.0,31300.0,Monday
2013-09-17,30900.0,30600.0,31050.0,30600.0,Tuesday
2013-09-18,30700.0,30700.0,30850.0,30800.0,Wednesday
2013-09-19,30950.0,30800.0,31000.0,30800.0,Thursday
2013-09-20,30950.0,30800.0,31000.0,30800.0,Friday
2013-09-21,30400.0,29000.0,30450.0,29000.0,Saturday
2013-09-22,29300.0,29000.0,29500.0,29300.0,Sunday
2013-09-23,29400.0,29250.0,29550.0,29350.0,Monday
2013-09-24,29150.0,29150.0,29500.0,29350.0,Tuesday
2013-09-25,29700.0,29700.0,31250.0,30700.0,Wednesday
2013-09-26,30800.0,30500.0,30800.0,30500.0,Thursday
2013-09-27,30800.0,30500.0,30800.0,30500.0,Friday
2013-09-28,30100.0,29750.0,30450.0,30400.0,Saturday
2013-09-29,30700.0,30550.0,31000.0,30650.0,Sunday
2013-09-30,30650.0,30250.0,30650.0,30350.0,Monday
2013-10-01,30500.0,30400.0,30550.0,30550.0,Tuesday
2013-10-02,30700.0,30500.0,30700.0,30550.0,Wednesday
2013-10-03,30500.0,30350.0,30500.0,30350.0,Thursday
2013-10-04,30500.0,30350.0,30500.0,30350.0,Friday
2013-10-05,30300.0,30300.0,30600.0,30550.0,Saturday
2013-10-06,30800.0,30550.0,30800.0,30550.0,Sunday
2013-10-07,30550.0,30350.0,30550.0,30450.0,Monday
2013-10-08,30450.0,30400.0,30500.0,30500.0,Tuesday
2013-10-09,30400.0,30350.0,30400.0,30350.0,Wednesday
2013-10-10,30400.0,30400.0,30450.0,30400.0,Thursday
2013-10-11,30400.0,30400.0,30450.0,30400.0,Friday
2013-10-12,30450.0,30350.0,30450.0,30350.0,Saturday
2013-10-13,30400.0,30150.0,30400.0,30150.0,Sunday
2013-10-14,30300.0,30150.0,30350.0,30350.0,Monday
2013-10-15,30300.0,30250.0,30350.0,30350.0,Tuesday
2013-10-16,30300.0,30250.0,30350.0,30350.0,Wednesday
2013-10-17,30450.0,30450.0,30450.0,30450.0,Thursday
2013-10-18,30450.0,30450.0,30450.0,30450.0,Friday
2013-10-19,30400.0,30200.0,30400.0,30200.0,Saturday
2013-10-20,30150.0,30100.0,30200.0,30150.0,Sunday
2013-10-21,30050.0,29950.0,30100.0,29950.0,Monday
2013-10-22,30050.0,30000.0,30100.0,30100.0,Tuesday
2013-10-23,30100.0,30050.0,30150.0,30100.0,Wednesday
2013-10-24,30100.0,30050.0,30150.0,30100.0,Thursday
2013-10-25,30100.0,30050.0,30150.0,30100.0,Friday
2013-10-26,30150.0,30100.0,30150.0,30150.0,Saturday
2013-10-27,30150.0,30050.0,30150.0,30100.0,Sunday
2013-10-28,30050.0,30050.0,30100.0,30100.0,Monday
2013-10-29,30050.0,30050.0,30150.0,30150.0,Tuesday
2013-10-30,30100.0,30050.0,30100.0,30050.0,Wednesday
2013-10-31,30050.0,30050.0,30050.0,30050.0,Thursday
2013-11-01,30050.0,30050.0,30050.0,30050.0,Friday
2013-11-02,30150.0,30070.0,30150.0,30120.0,Saturday
2013-11-03,30200.0,30200.0,30400.0,30400.0,Sunday
2013-11-04,30350.0,30300.0,30350.0,30300.0,Monday
2013-11-05,30250.0,30100.0,30250.0,30100.0,Tuesday
2013-11-06,30200.0,30150.0,30200.0,30180.0,Wednesday
2013-11-07,30150.0,30150.0,30150.0,30150.0,Thursday
2013-11-08,30150.0,30150.0,30150.0,30150.0,Friday
2013-11-09,30100.0,29950.0,30100.0,29950.0,Saturday
2013-11-10,30050.0,30050.0,30250.0,30250.0,Sunday
2013-11-11,30150.0,30120.0,30180.0,30150.0,Monday
2013-11-12,30130.0,30130.0,30180.0,30180.0,Tuesday
2013-11-13,30130.0,30130.0,30180.0,30180.0,Wednesday
2013-11-14,30130.0,30130.0,30180.0,30180.0,Thursday
2013-11-15,30130.0,30130.0,30180.0,30180.0,Friday
2013-11-16,30180.0,30130.0,30200.0,30130.0,Saturday
2013-11-17,30120.0,30050.0,30120.0,30100.0,Sunday
2013-11-18,30080.0,29980.0,30080.0,30030.0,Monday
2013-11-19,29950.0,29950.0,30070.0,30070.0,Tuesday
2013-11-20,30070.0,30050.0,30120.0,30050.0,Wednesday
2013-11-21,30100.0,30050.0,30100.0,30100.0,Thursday
2013-11-22,30100.0,30050.0,30100.0,30100.0,Friday
2013-11-23,30050.0,30000.0,30050.0,30050.0,Saturday
2013-11-24,29850.0,29250.0,29850.0,29400.0,Sunday
2013-11-25,29000.0,28900.0,29150.0,29150.0,Monday
2013-11-26,29320.0,29200.0,29800.0,29750.0,Tuesday
2013-11-27,29650.0,29600.0,29950.0,29900.0,Wednesday
2013-11-28,29830.0,29600.0,29830.0,29620.0,Thursday
2013-11-29,29830.0,29600.0,29830.0,29620.0,Friday
2013-11-30,29530.0,29520.0,29620.0,29600.0,Saturday
2013-12-01,29600.0,29530.0,29600.0,29530.0,Sunday
2013-12-02,29600.0,29530.0,29600.0,29530.0,Monday
2013-12-03,29460.0,29400.0,29480.0,29450.0,Tuesday
2013-12-04,29470.0,29470.0,29560.0,29550.0,Wednesday
2013-12-05,29580.0,29520.0,29580.0,29520.0,Thursday
2013-12-06,29580.0,29520.0,29580.0,29520.0,Friday
2013-12-07,29500.0,29470.0,29520.0,29480.0,Saturday
2013-12-08,29450.0,29400.0,29480.0,29460.0,Sunday
2013-12-09,29480.0,29420.0,29490.0,29420.0,Monday
2013-12-10,29450.0,29440.0,29480.0,29480.0,Tuesday
2013-12-11,29480.0,29380.0,29480.0,29390.0,Wednesday
2013-12-12,29370.0,29350.0,29370.0,29350.0,Thursday
2013-12-13,29370.0,29350.0,29370.0,29350.0,Friday
2013-12-14,29350.0,29350.0,29560.0,29560.0,Saturday
2013-12-15,29600.0,29520.0,29600.0,29520.0,Sunday
2013-12-16,29510.0,29470.0,29510.0,29470.0,Monday
2013-12-17,29440.0,29420.0,29470.0,29440.0,Tuesday
2013-12-18,29460.0,29430.0,29490.0,29490.0,Wednesday
2013-12-19,29480.0,29440.0,29480.0,29450.0,Thursday
2013-12-20,29480.0,29440.0,29480.0,29450.0,Friday
2013-12-21,29460.0,29410.0,29460.0,29450.0,Saturday
2013-12-22,29420.0,29420.0,29560.0,29560.0,Sunday
2013-12-23,29420.0,29420.0,29560.0,29560.0,Monday
2013-12-24,29570.0,29570.0,29720.0,29710.0,Tuesday
2013-12-25,29710.0,29630.0,29710.0,29670.0,Wednesday
2013-12-26,29660.0,29660.0,30010.0,30010.0,Thursday
2013-12-27,29660.0,29660.0,30010.0,30010.0,Friday
2013-12-28,29930.0,29850.0,29990.0,29950.0,Saturday
2013-12-29,29960.0,29960.0,30230.0,30150.0,Sunday
2013-12-30,30160.0,30060.0,30160.0,30060.0,Monday
2013-12-31,30080.0,30070.0,30080.0,30070.0,Tuesday
2014-01-01,30030.0,29990.0,30040.0,30000.0,Wednesday
2014-01-02,29920.0,29920.0,29920.0,29920.0,Thursday
2014-01-03,29920.0,29920.0,29920.0,29920.0,Friday
2014-01-04,29940.0,29740.0,29950.0,29760.0,Saturday
2014-01-05,29770.0,29660.0,29770.0,29740.0,Sunday
2014-01-06,29730.0,29730.0,29820.0,29800.0,Monday
2014-01-07,29790.0,29790.0,29850.0,29850.0,Tuesday
2014-01-08,29850.0,29820.0,29920.0,29900.0,Wednesday
2014-01-09,29880.0,29800.0,29910.0,29800.0,Thursday
2014-01-10,29880.0,29800.0,29910.0,29800.0,Friday
2014-01-11,29780.0,29760.0,29830.0,29800.0,Saturday
2014-01-12,29840.0,29780.0,29840.0,29790.0,Sunday
2014-01-13,29780.0,29500.0,29780.0,29560.0,Monday
2014-01-14,29600.0,29600.0,29680.0,29630.0,Tuesday
2014-01-15,29640.0,29560.0,29640.0,29570.0,Wednesday
2014-01-16,29580.0,29570.0,29610.0,29570.0,Thursday
2014-01-17,29580.0,29570.0,29610.0,29570.0,Friday
2014-01-18,29560.0,29380.0,29560.0,29390.0,Saturday
2014-01-19,29360.0,29360.0,29360.0,29360.0,Sunday
2014-01-20,29230.0,28880.0,29230.0,28880.0,Monday
2014-01-21,28890.0,28890.0,29380.0,29340.0,Tuesday
2014-01-22,29320.0,29280.0,29650.0,29510.0,Wednesday
2014-01-23,29480.0,29360.0,29490.0,29400.0,Thursday
2014-01-24,29480.0,29360.0,29490.0,29400.0,Friday
2014-01-25,29440.0,29440.0,29640.0,29520.0,Saturday
2014-01-26,29540.0,29410.0,29550.0,29450.0,Sunday
2014-01-27,29460.0,29410.0,29490.0,29490.0,Monday
2014-01-28,29470.0,29440.0,29510.0,29480.0,Tuesday
2014-01-29,29490.0,29420.0,29510.0,29420.0,Wednesday
2014-01-30,29410.0,29320.0,29430.0,29350.0,Thursday
2014-01-31,29340.0,29330.0,29400.0,29380.0,Friday
2014-02-01,29370.0,29350.0,29440.0,29420.0,Saturday
2014-02-02,29410.0,29400.0,29480.0,29460.0,Sunday
2014-02-03,29460.0,29460.0,29580.0,29540.0,Monday
2014-02-04,29520.0,29460.0,29530.0,29470.0,Tuesday
2014-02-05,29460.0,29460.0,29510.0,29510.0,Wednesday
2014-02-06,29500.0,29490.0,29600.0,29590.0,Thursday
2014-02-07,29620.0,29580.0,29630.0,29600.0,Friday
2014-02-08,29580.0,29520.0,29600.0,29540.0,Saturday
2014-02-09,29530.0,29430.0,29540.0,29460.0,Sunday
2014-02-10,29450.0,29420.0,29520.0,29510.0,Monday
2014-02-11,29500.0,29500.0,29510.0,29500.0,Tuesday
2014-02-12,29510.0,29490.0,29560.0,29540.0,Wednesday
2014-02-13,29550.0,29480.0,29550.0,29520.0,Thursday
2014-02-14,29530.0,29530.0,29550.0,29530.0,Friday
2014-02-15,29560.0,29520.0,29610.0,29580.0,Saturday
2014-02-16,29570.0,29480.0,29570.0,29480.0,Sunday
2014-02-17,29500.0,29440.0,29530.0,29520.0,Monday
2014-02-18,29540.0,29500.0,29570.0,29520.0,Tuesday
2014-02-19,29500.0,29480.0,29540.0,29520.0,Wednesday
2014-02-20,29500.0,29500.0,29530.0,29530.0,Thursday
2014-02-21,29520.0,29500.0,29520.0,29500.0,Friday
2014-02-22,29520.0,29510.0,29580.0,29560.0,Saturday
2014-02-23,29580.0,29560.0,29620.0,29600.0,Sunday
2014-02-24,29580.0,29580.0,29850.0,29840.0,Monday
2014-02-25,29860.0,29860.0,30150.0,29900.0,Tuesday
2014-02-26,29890.0,29840.0,29960.0,29880.0,Wednesday
2014-02-27,29890.0,29860.0,30090.0,30090.0,Thursday
2014-02-28,30120.0,30060.0,30120.0,30100.0,Friday
2014-03-01,30140.0,30100.0,30500.0,30450.0,Saturday
2014-03-02,30430.0,30310.0,30600.0,30590.0,Sunday
2014-03-03,30660.0,30630.0,31270.0,31070.0,Monday
2014-03-04,31000.0,30500.0,31140.0,30640.0,Tuesday
2014-03-05,30620.0,30500.0,30620.0,30520.0,Wednesday
2014-03-06,30500.0,30430.0,30530.0,30490.0,Thursday
2014-03-07,30470.0,30460.0,30510.0,30460.0,Friday
2014-03-08,30430.0,30060.0,30430.0,30060.0,Saturday
2014-03-09,29970.0,29970.0,30440.0,30440.0,Sunday
2014-03-10,30430.0,30360.0,30790.0,30710.0,Monday
2014-03-11,30750.0,30450.0,30910.0,30550.0,Tuesday
2014-03-12,30560.0,30330.0,30640.0,30370.0,Wednesday
2014-03-13,30400.0,30290.0,30430.0,30360.0,Thursday
2014-03-14,30390.0,30390.0,30500.0,30440.0,Friday
2014-03-15,30450.0,30020.0,30450.0,30080.0,Saturday
2014-03-16,30060.0,29800.0,30250.0,30200.0,Sunday
2014-03-17,30190.0,29960.0,30190.0,29960.0,Monday
2014-03-18,30000.0,29950.0,30140.0,30000.0,Tuesday
2014-03-19,30060.0,30030.0,30150.0,30140.0,Wednesday
2014-03-20,30100.0,30100.0,30200.0,30170.0,Thursday
2014-03-21,30100.0,30100.0,30200.0,30170.0,Friday
2014-03-22,30100.0,30100.0,30200.0,30170.0,Saturday
2014-03-23,30250.0,30250.0,30270.0,30270.0,Sunday
2014-03-24,30250.0,30180.0,30250.0,30180.0,Monday
2014-03-25,30200.0,30200.0,30300.0,30300.0,Tuesday
2014-03-26,30400.0,30350.0,30530.0,30500.0,Wednesday
2014-03-27,30560.0,30560.0,30690.0,30580.0,Thursday
2014-03-28,30570.0,30570.0,30570.0,30570.0,Friday
2014-03-29,30550.0,30460.0,30550.0,30470.0,Saturday
2014-03-30,30480.0,30410.0,30500.0,30490.0,Sunday
2014-03-31,30500.0,30500.0,30650.0,30640.0,Monday
2014-04-01,30630.0,30600.0,30640.0,30630.0,Tuesday
2014-04-02,30630.0,30600.0,30640.0,30630.0,Wednesday
2014-04-03,30610.0,30610.0,30610.0,30610.0,Thursday
2014-04-04,30610.0,30610.0,30610.0,30610.0,Friday
2014-04-05,30570.0,30450.0,30580.0,30480.0,Saturday
2014-04-06,30490.0,30260.0,30490.0,30430.0,Sunday
2014-04-07,30410.0,30370.0,30650.0,30580.0,Monday
2014-04-08,30570.0,30540.0,30900.0,30900.0,Tuesday
2014-04-09,30960.0,30790.0,31160.0,30800.0,Wednesday
2014-04-10,30820.0,30720.0,30900.0,30810.0,Thursday
2014-04-11,30800.0,30790.0,30810.0,30790.0,Friday
2014-04-12,30780.0,30750.0,31160.0,31140.0,Saturday
2014-04-13,31150.0,31030.0,31280.0,31210.0,Sunday
2014-04-14,31240.0,31180.0,31380.0,31300.0,Monday
2014-04-15,31230.0,31230.0,31800.0,31800.0,Tuesday
2014-04-16,31840.0,31560.0,32000.0,31560.0,Wednesday
2014-04-17,31570.0,31540.0,31780.0,31710.0,Thursday
2014-04-18,31720.0,31670.0,31740.0,31730.0,Friday
2014-04-19,31750.0,31740.0,31960.0,31790.0,Saturday
2014-04-20,31820.0,31820.0,32170.0,32090.0,Sunday
2014-04-21,31820.0,31820.0,32170.0,32090.0,Monday
2014-04-22,31820.0,31820.0,32170.0,32090.0,Tuesday
2014-04-23,31820.0,31820.0,32170.0,32090.0,Wednesday
2014-04-24,32730.0,32300.0,32900.0,32540.0,Thursday
2014-04-25,32580.0,32350.0,32630.0,32480.0,Friday
2014-04-26,32430.0,32430.0,32800.0,32800.0,Saturday
2014-04-27,32780.0,32780.0,33600.0,33350.0,Sunday
2014-04-28,33280.0,32750.0,33390.0,32820.0,Monday
2014-04-29,32760.0,32590.0,32960.0,32950.0,Tuesday
2014-04-30,32940.0,32840.0,33010.0,32980.0,Wednesday
2014-05-01,32950.0,32900.0,33100.0,33100.0,Thursday
2014-05-02,33120.0,33100.0,33150.0,33130.0,Friday
2014-05-03,33150.0,33120.0,33290.0,33150.0,Saturday
2014-05-04,33100.0,32780.0,33160.0,32780.0,Sunday
2014-05-05,32820.0,32720.0,33160.0,33140.0,Monday
2014-05-06,33150.0,32930.0,33300.0,33040.0,Tuesday
2014-05-07,33030.0,32840.0,33050.0,32910.0,Wednesday
2014-05-08,32800.0,32790.0,32930.0,32900.0,Thursday
2014-05-09,32910.0,32860.0,32910.0,32870.0,Friday
2014-05-10,32880.0,32580.0,32950.0,32580.0,Saturday
2014-05-11,32570.0,32320.0,32680.0,32360.0,Sunday
2014-05-12,32400.0,32270.0,32610.0,32490.0,Monday
2014-05-13,32470.0,32450.0,32500.0,32480.0,Tuesday
2014-05-14,32490.0,32360.0,32560.0,32370.0,Wednesday
2014-05-15,32390.0,32350.0,32450.0,32450.0,Thursday
2014-05-16,32470.0,32470.0,33020.0,32930.0,Friday
2014-05-17,32940.0,32920.0,33200.0,32990.0,Saturday
2014-05-18,33000.0,32680.0,33020.0,32760.0,Sunday
2014-05-19,32740.0,32720.0,32850.0,32820.0,Monday
2014-05-20,32810.0,32730.0,32950.0,32940.0,Tuesday
2014-05-21,32920.0,32860.0,33080.0,32900.0,Wednesday
2014-05-22,32880.0,32840.0,32920.0,32870.0,Thursday
2014-05-23,32880.0,32830.0,32920.0,32830.0,Friday
2014-05-24,32820.0,32700.0,32840.0,32740.0,Saturday
2014-05-25,32760.0,32700.0,32860.0,32820.0,Sunday
2014-05-26,32850.0,32800.0,32890.0,32830.0,Monday
2014-05-27,32820.0,32750.0,32830.0,32770.0,Tuesday
2014-05-28,32780.0,32640.0,32780.0,32670.0,Wednesday
2014-05-29,32660.0,32620.0,32780.0,32780.0,Thursday
2014-05-30,32790.0,32740.0,32800.0,32770.0,Friday
2014-05-31,32770.0,32720.0,32790.0,32760.0,Saturday
2014-06-01,32770.0,32760.0,32830.0,32810.0,Sunday
2014-06-02,32800.0,32790.0,32850.0,32820.0,Monday
2014-06-03,32810.0,32790.0,32840.0,32800.0,Tuesday
2014-06-04,32820.0,32810.0,32830.0,32830.0,Wednesday
2014-06-05,32820.0,32810.0,32830.0,32830.0,Thursday
2014-06-06,32840.0,32830.0,32850.0,32830.0,Friday
2014-06-07,32840.0,32610.0,32850.0,32620.0,Saturday
2014-06-08,32600.0,32350.0,32600.0,32450.0,Sunday
2014-06-09,32430.0,32290.0,32460.0,32320.0,Monday
2014-06-10,32290.0,32060.0,32400.0,32400.0,Tuesday
2014-06-11,32410.0,32340.0,32500.0,32400.0,Wednesday
2014-06-12,32420.0,32410.0,32460.0,32450.0,Thursday
2014-06-13,32440.0,32410.0,32440.0,32430.0,Friday
2014-06-14,32420.0,32180.0,32420.0,32190.0,Saturday
2014-06-15,32160.0,32120.0,32230.0,32120.0,Sunday
2014-06-16,32050.0,31790.0,32120.0,31790.0,Monday
2014-06-17,31780.0,31770.0,32110.0,32040.0,Tuesday
2014-06-18,32000.0,31900.0,32170.0,31930.0,Wednesday
2014-06-19,31980.0,31800.0,32190.0,32110.0,Thursday
2014-06-20,32100.0,32010.0,32290.0,32290.0,Friday
2014-06-21,32330.0,32040.0,32340.0,32070.0,Saturday
2014-06-22,32050.0,31790.0,32050.0,31920.0,Sunday
2014-06-23,32050.0,31790.0,32050.0,31920.0,Monday
2014-06-24,31740.0,31600.0,31770.0,31670.0,Tuesday
2014-06-25,31650.0,31600.0,31730.0,31670.0,Wednesday
2014-06-26,31650.0,31620.0,31720.0,31650.0,Thursday
2014-06-27,31670.0,31670.0,31700.0,31690.0,Friday
2014-06-28,31680.0,31390.0,31680.0,31390.0,Saturday
2014-06-29,31380.0,31080.0,31380.0,31180.0,Sunday
2014-06-30,31160.0,30900.0,31160.0,31140.0,Monday
2014-07-01,31160.0,30920.0,31230.0,31180.0,Tuesday
2014-07-02,31190.0,31110.0,31500.0,31330.0,Wednesday
2014-07-03,31360.0,31260.0,31480.0,31270.0,Thursday
2014-07-04,31240.0,31200.0,31340.0,31260.0,Friday
2014-07-05,31250.0,30940.0,31290.0,30960.0,Saturday
2014-07-06,30920.0,30770.0,31010.0,30950.0,Sunday
2014-07-07,30990.0,30980.0,31310.0,31260.0,Monday
2014-07-08,31300.0,31140.0,31500.0,31180.0,Tuesday
2014-07-09,31190.0,30990.0,31270.0,31050.0,Wednesday
2014-07-10,31100.0,31000.0,31140.0,31020.0,Thursday
2014-07-11,31000.0,31000.0,31110.0,31060.0,Friday
2014-07-12,31010.0,30970.0,31240.0,31220.0,Saturday
2014-07-13,31200.0,31170.0,31420.0,31360.0,Sunday
2014-07-14,31350.0,31220.0,31350.0,31230.0,Monday
2014-07-15,31200.0,31110.0,31230.0,31170.0,Tuesday
2014-07-16,31180.0,31170.0,31470.0,31360.0,Wednesday
2014-07-17,31390.0,31330.0,31430.0,31430.0,Thursday
2014-07-18,31440.0,31430.0,31640.0,31560.0,Friday
2014-07-19,31580.0,31300.0,31580.0,31340.0,Saturday
2014-07-20,31300.0,31210.0,31370.0,31310.0,Sunday
2014-07-21,31280.0,31270.0,31370.0,31330.0,Monday
2014-07-22,31320.0,31270.0,31350.0,31330.0,Tuesday
2014-07-23,31280.0,31240.0,31360.0,31330.0,Wednesday
2014-07-24,31340.0,31320.0,31410.0,31390.0,Thursday
2014-07-25,31370.0,31360.0,31390.0,31380.0,Friday
2014-07-26,31390.0,31350.0,31410.0,31390.0,Saturday
2014-07-27,31380.0,31320.0,31410.0,31370.0,Sunday
2014-07-28,31350.0,31250.0,31370.0,31290.0,Monday
2014-07-29,31310.0,31260.0,31310.0,31260.0,Tuesday
2014-07-30,31250.0,31230.0,31250.0,31240.0,Wednesday
2014-07-31,31250.0,31200.0,31250.0,31230.0,Thursday
2014-08-01,31250.0,31200.0,31250.0,31230.0,Friday
2014-08-02,31200.0,31200.0,31300.0,31290.0,Saturday
2014-08-03,31330.0,31290.0,31400.0,31400.0,Sunday
2014-08-04,31390.0,31380.0,31490.0,31420.0,Monday
2014-08-05,31410.0,31370.0,31450.0,31400.0,Tuesday
2014-08-06,31380.0,31340.0,31410.0,31400.0,Wednesday
2014-08-07,31350.0,31320.0,31370.0,31320.0,Thursday
2014-08-08,31310.0,31310.0,31350.0,31320.0,Friday
2014-08-09,31310.0,31260.0,31340.0,31300.0,Saturday
2014-08-10,31290.0,31200.0,31300.0,31220.0,Sunday
2014-08-11,31190.0,31170.0,31290.0,31250.0,Monday
2014-08-12,31260.0,31190.0,31280.0,31190.0,Tuesday
2014-08-13,31210.0,31200.0,31270.0,31270.0,Wednesday
2014-08-14,31230.0,31170.0,31230.0,31180.0,Thursday
2014-08-15,31170.0,31170.0,31190.0,31190.0,Friday
2014-08-16,31180.0,31090.0,31200.0,31090.0,Saturday
2014-08-17,31080.0,31000.0,31090.0,31020.0,Sunday
2014-08-18,31010.0,30960.0,31070.0,31070.0,Monday
2014-08-19,31060.0,31030.0,31150.0,31050.0,Tuesday
2014-08-20,31040.0,30910.0,31090.0,30930.0,Wednesday
2014-08-21,30940.0,30900.0,30960.0,30920.0,Thursday
2014-08-22,30910.0,30890.0,30920.0,30910.0,Friday
2014-08-23,30920.0,30910.0,31230.0,31210.0,Saturday
2014-08-24,31190.0,31130.0,31330.0,31160.0,Sunday
2014-08-25,31150.0,31120.0,31350.0,31330.0,Monday
2014-08-26,31310.0,31210.0,31330.0,31270.0,Tuesday
2014-08-27,31280.0,31220.0,31300.0,31300.0,Wednesday
2014-08-28,31310.0,31250.0,31330.0,31300.0,Thursday
2014-08-29,31310.0,31300.0,31420.0,31420.0,Friday
2014-08-30,31410.0,31410.0,31680.0,31590.0,Saturday
2014-08-31,31580.0,31480.0,31590.0,31500.0,Sunday
2014-09-01,31470.0,31390.0,31500.0,31480.0,Monday
2014-09-02,31470.0,31470.0,31750.0,31730.0,Tuesday
2014-09-03,31750.0,31670.0,31860.0,31720.0,Wednesday
2014-09-04,31690.0,31650.0,31850.0,31810.0,Thursday
2014-09-05,31830.0,31720.0,31850.0,31740.0,Friday
2014-09-06,31720.0,31540.0,31760.0,31570.0,Saturday
2014-09-07,31550.0,31510.0,31690.0,31680.0,Sunday
2014-09-08,31690.0,31670.0,31980.0,31980.0,Monday
2014-09-09,32020.0,31740.0,32030.0,31750.0,Tuesday
2014-09-10,31760.0,31680.0,31860.0,31790.0,Wednesday
2014-09-11,31800.0,31780.0,31860.0,31840.0,Thursday
2014-09-12,31830.0,31830.0,31870.0,31860.0,Friday
2014-09-13,31870.0,31740.0,31940.0,31760.0,Saturday
2014-09-14,31750.0,31730.0,31930.0,31910.0,Sunday
2014-09-15,31920.0,31850.0,32010.0,31980.0,Monday
2014-09-16,32000.0,31870.0,32090.0,31920.0,Tuesday
2014-09-17,31930.0,31910.0,32180.0,32140.0,Wednesday
2014-09-18,32130.0,31960.0,32160.0,32010.0,Thursday
2014-09-19,32000.0,31970.0,32010.0,31990.0,Friday
2014-09-20,31980.0,31780.0,32000.0,31780.0,Saturday
2014-09-21,31790.0,31670.0,31830.0,31670.0,Sunday
2014-09-22,31790.0,31670.0,31830.0,31670.0,Monday
2014-09-23,31770.0,31760.0,31930.0,31880.0,Tuesday
2014-09-24,31910.0,31900.0,32060.0,31940.0,Wednesday
2014-09-25,31910.0,31910.0,32020.0,32000.0,Thursday
2014-09-26,32010.0,31940.0,32010.0,32000.0,Friday
2014-09-27,32010.0,32010.0,32480.0,32480.0,Saturday
2014-09-28,32550.0,32460.0,32680.0,32640.0,Sunday
2014-09-29,32610.0,32350.0,32610.0,32350.0,Monday
2014-09-30,32320.0,32230.0,32460.0,32410.0,Tuesday
2014-10-01,32470.0,32420.0,32570.0,32430.0,Wednesday
2014-10-02,32460.0,32310.0,32460.0,32400.0,Thursday
2014-10-03,32390.0,32380.0,32440.0,32430.0,Friday
2014-10-04,32400.0,32350.0,32440.0,32410.0,Saturday
2014-10-05,32400.0,32290.0,32400.0,32310.0,Sunday
2014-10-06,32360.0,32250.0,32360.0,32310.0,Monday
2014-10-07,32300.0,32300.0,32450.0,32390.0,Tuesday
2014-10-08,32420.0,32350.0,32420.0,32370.0,Wednesday
2014-10-09,32410.0,32410.0,32510.0,32480.0,Thursday
2014-10-10,32500.0,32470.0,32510.0,32500.0,Friday
2014-10-11,32560.0,32410.0,32610.0,32430.0,Saturday
2014-10-12,32450.0,32390.0,32510.0,32500.0,Sunday
2014-10-13,32510.0,32480.0,32530.0,32520.0,Monday
2014-10-14,32510.0,32400.0,32550.0,32530.0,Tuesday
2014-10-15,32550.0,32440.0,32570.0,32440.0,Wednesday
2014-10-16,32450.0,32440.0,32560.0,32500.0,Thursday
2014-10-17,32470.0,32460.0,32510.0,32460.0,Friday
2014-10-18,32480.0,32350.0,32500.0,32380.0,Saturday
2014-10-19,32370.0,32310.0,32390.0,32340.0,Sunday
2014-10-20,32360.0,32180.0,32360.0,32190.0,Monday
2014-10-21,32240.0,32200.0,32300.0,32280.0,Tuesday
2014-10-22,32290.0,32220.0,32320.0,32220.0,Wednesday
2014-10-23,32250.0,32220.0,32280.0,32280.0,Thursday
2014-10-24,32290.0,32260.0,32310.0,32270.0,Friday
2014-10-25,32260.0,32090.0,32270.0,32100.0,Saturday
2014-10-26,32110.0,32080.0,32190.0,32170.0,Sunday
2014-10-27,32220.0,32210.0,32370.0,32360.0,Monday
2014-10-28,32370.0,32280.0,32450.0,32450.0,Tuesday
2014-10-29,32420.0,32340.0,32430.0,32390.0,Wednesday
2014-10-30,32380.0,32360.0,32450.0,32450.0,Thursday
2014-10-31,32480.0,32480.0,32530.0,32520.0,Friday
2014-11-01,32490.0,32460.0,32550.0,32460.0,Saturday
2014-11-02,32480.0,32410.0,32540.0,32530.0,Sunday
2014-11-03,32480.0,32410.0,32540.0,32530.0,Monday
2014-11-04,32480.0,32410.0,32540.0,32530.0,Tuesday
2014-11-05,32550.0,32500.0,32580.0,32550.0,Wednesday
2014-11-06,32560.0,32500.0,32580.0,32500.0,Thursday
2014-11-07,32490.0,32460.0,32510.0,32510.0,Friday
2014-11-08,32460.0,32450.0,32650.0,32570.0,Saturday
2014-11-09,32580.0,32450.0,32580.0,32480.0,Sunday
2014-11-10,32470.0,32400.0,32540.0,32540.0,Monday
2014-11-11,32500.0,32470.0,32590.0,32580.0,Tuesday
2014-11-12,32560.0,32500.0,32600.0,32580.0,Wednesday
2014-11-13,32570.0,32550.0,32600.0,32560.0,Thursday
2014-11-14,32580.0,32550.0,32580.0,32550.0,Friday
2014-11-15,32540.0,32400.0,32550.0,32440.0,Saturday
2014-11-16,32460.0,32400.0,32470.0,32470.0,Sunday
2014-11-17,32450.0,32440.0,32470.0,32460.0,Monday
2014-11-18,32440.0,32440.0,32580.0,32560.0,Tuesday
2014-11-19,32560.0,32460.0,32560.0,32500.0,Wednesday
2014-11-20,32510.0,32480.0,32530.0,32530.0,Thursday
2014-11-21,32540.0,32480.0,32540.0,32490.0,Friday
2014-11-22,32480.0,32370.0,32490.0,32370.0,Saturday
2014-11-23,32360.0,32320.0,32460.0,32400.0,Sunday
2014-11-24,32420.0,32410.0,32650.0,32560.0,Monday
2014-11-25,32570.0,32520.0,32620.0,32620.0,Tuesday
2014-11-26,32630.0,32630.0,32950.0,32900.0,Wednesday
2014-11-27,32910.0,32910.0,33210.0,33190.0,Thursday
2014-11-28,33210.0,33200.0,33260.0,33250.0,Friday
2014-11-29,33260.0,33260.0,34310.0,34210.0,Saturday
2014-11-30,34180.0,34000.0,35300.0,34610.0,Sunday
2014-12-01,34600.0,33580.0,34600.0,33670.0,Monday
2014-12-02,33680.0,33370.0,33840.0,33580.0,Tuesday
2014-12-03,33560.0,33550.0,33770.0,33670.0,Wednesday
2014-12-04,33660.0,33590.0,33720.0,33700.0,Thursday
2014-12-05,33690.0,33680.0,33700.0,33680.0,Friday
2014-12-06,33630.0,33370.0,33690.0,33430.0,Saturday
2014-12-07,33500.0,33470.0,34170.0,34160.0,Sunday
2014-12-08,34320.0,34090.0,34640.0,34250.0,Monday
2014-12-09,34210.0,33990.0,34280.0,34010.0,Tuesday
2014-12-10,33990.0,33920.0,34210.0,34190.0,Wednesday
2014-12-11,34180.0,34140.0,34310.0,34220.0,Thursday
2014-12-12,34230.0,34220.0,34260.0,34260.0,Friday
2014-12-13,34270.0,34240.0,34280.0,34240.0,Saturday
2014-12-14,34230.0,34210.0,34930.0,34900.0,Sunday
2014-12-15,34920.0,34000.0,35010.0,34100.0,Monday
2014-12-16,34110.0,33800.0,34830.0,34800.0,Tuesday
2014-12-17,34750.0,34750.0,35100.0,34930.0,Wednesday
2014-12-18,34910.0,34910.0,35140.0,35000.0,Thursday
2014-12-19,35010.0,34940.0,35050.0,34940.0,Friday
2014-12-20,34960.0,34860.0,35230.0,35100.0,Saturday
2014-12-21,35130.0,35060.0,35130.0,35070.0,Sunday
2014-12-22,35110.0,35110.0,35600.0,35530.0,Monday
2014-12-23,35580.0,35550.0,35610.0,35560.0,Tuesday
2014-12-24,35630.0,35300.0,35870.0,35730.0,Wednesday
2014-12-25,35680.0,35500.0,35720.0,35590.0,Thursday
2014-12-26,35580.0,35390.0,35580.0,35390.0,Friday
2014-12-27,35380.0,35380.0,35650.0,35580.0,Saturday
2014-12-28,35560.0,35480.0,35740.0,35530.0,Sunday
2014-12-29,35590.0,35440.0,35640.0,35490.0,Monday
2014-12-30,35500.0,35120.0,35560.0,35210.0,Tuesday
2014-12-31,35200.0,34920.0,35200.0,35010.0,Wednesday
2015-01-01,35000.0,34950.0,35030.0,35010.0,Thursday
2015-01-02,35000.0,34950.0,35000.0,34960.0,Friday
2015-01-03,34930.0,34770.0,35100.0,35090.0,Saturday
2015-01-04,35080.0,35080.0,35440.0,35210.0,Sunday
2015-01-05,35220.0,35060.0,35330.0,35120.0,Monday
2015-01-06,35140.0,35130.0,35260.0,35240.0,Tuesday
2015-01-07,35260.0,35110.0,35260.0,35130.0,Wednesday
2015-01-08,35140.0,35000.0,35140.0,35000.0,Thursday
2015-01-09,35020.0,34960.0,35020.0,34970.0,Friday
2015-01-10,34980.0,34880.0,35090.0,34940.0,Saturday
2015-01-11,34930.0,34830.0,34960.0,34860.0,Sunday
2015-01-12,34850.0,34660.0,34860.0,34700.0,Monday
2015-01-13,34690.0,34460.0,34690.0,34500.0,Tuesday
2015-01-14,34490.0,34380.0,34570.0,34520.0,Wednesday
2015-01-15,34530.0,34500.0,34580.0,34500.0,Thursday
2015-01-16,34490.0,34430.0,34490.0,34450.0,Friday
2015-01-17,34440.0,34380.0,34500.0,34460.0,Saturday
2015-01-18,34490.0,34490.0,34700.0,34670.0,Sunday
2015-01-19,34720.0,34720.0,35210.0,35140.0,Monday
2015-01-20,35110.0,34680.0,35110.0,34740.0,Tuesday
2015-01-21,34620.0,34420.0,34680.0,34610.0,Wednesday
2015-01-22,34660.0,34540.0,34660.0,34570.0,Thursday
2015-01-23,34660.0,34540.0,34660.0,34570.0,Friday
2015-01-24,34600.0,34430.0,34600.0,34430.0,Saturday
2015-01-25,34480.0,34480.0,34700.0,34650.0,Sunday
2015-01-26,34640.0,34610.0,34900.0,34690.0,Monday
2015-01-27,34700.0,34600.0,34730.0,34600.0,Tuesday
2015-01-28,34590.0,34560.0,34670.0,34560.0,Wednesday
2015-01-29,34570.0,34530.0,34640.0,34560.0,Thursday
2015-01-30,34570.0,34530.0,34640.0,34560.0,Friday
2015-01-31,34620.0,34510.0,34620.0,34570.0,Saturday
2015-02-01,34590.0,34520.0,34620.0,34550.0,Sunday
2015-02-02,34570.0,34540.0,34580.0,34560.0,Monday
2015-02-03,34570.0,34540.0,34570.0,34560.0,Tuesday
2015-02-04,34550.0,34400.0,34560.0,34430.0,Wednesday
2015-02-05,34410.0,34270.0,34410.0,34320.0,Thursday
2015-02-06,34410.0,34270.0,34410.0,34320.0,Friday
2015-02-07,34330.0,34160.0,34330.0,34190.0,Saturday
2015-02-08,34160.0,33880.0,34160.0,34090.0,Sunday
2015-02-09,34080.0,34080.0,34370.0,34310.0,Monday
2015-02-10,34280.0,34210.0,34320.0,34300.0,Tuesday
2015-02-11,34280.0,34210.0,34320.0,34300.0,Wednesday
2015-02-12,34320.0,34250.0,34320.0,34290.0,Thursday
2015-02-13,34320.0,34250.0,34320.0,34290.0,Friday
2015-02-14,34320.0,34260.0,34350.0,34320.0,Saturday
2015-02-15,34310.0,34260.0,34320.0,34300.0,Sunday
2015-02-16,34310.0,34190.0,34310.0,34220.0,Monday
2015-02-17,34200.0,33980.0,34200.0,34020.0,Tuesday
2015-02-18,34040.0,34010.0,34150.0,34140.0,Wednesday
2015-02-19,34180.0,34120.0,34210.0,34140.0,Thursday
2015-02-20,34180.0,34120.0,34210.0,34140.0,Friday
2015-02-21,34130.0,34040.0,34150.0,34070.0,Saturday
2015-02-22,34080.0,34060.0,34220.0,34220.0,Sunday
2015-02-23,34200.0,34200.0,34410.0,34350.0,Monday
2015-02-24,34370.0,34290.0,34370.0,34340.0,Tuesday
2015-02-25,34350.0,34330.0,34450.0,34360.0,Wednesday
2015-02-26,34390.0,34300.0,34410.0,34350.0,Thursday
2015-02-27,34310.0,34310.0,34310.0,34310.0,Friday
2015-02-28,34290.0,34160.0,34330.0,34240.0,Saturday
2015-03-01,34260.0,34190.0,34280.0,34260.0,Sunday
2015-03-02,34250.0,34240.0,34290.0,34250.0,Monday
2015-03-03,34260.0,34070.0,34260.0,34170.0,Tuesday
2015-03-04,34180.0,34110.0,34200.0,34200.0,Wednesday
2015-03-05,34160.0,34130.0,34180.0,34130.0,Thursday
2015-03-06,34160.0,34130.0,34180.0,34130.0,Friday
2015-03-07,34120.0,33940.0,34120.0,33990.0,Saturday
2015-03-08,34020.0,33930.0,34060.0,34060.0,Sunday
2015-03-09,34050.0,33960.0,34060.0,33960.0,Monday
2015-03-10,33980.0,33820.0,33980.0,33840.0,Tuesday
2015-03-11,33800.0,33330.0,33800.0,33360.0,Wednesday
2015-03-12,33410.0,32960.0,33410.0,33240.0,Thursday
2015-03-13,33170.0,32950.0,33170.0,32990.0,Friday
2015-03-14,32960.0,32200.0,32960.0,32200.0,Saturday
2015-03-15,32180.0,31600.0,32670.0,32410.0,Sunday
2015-03-16,32440.0,32400.0,33150.0,32810.0,Monday
2015-03-17,32870.0,32870.0,33860.0,33530.0,Tuesday
2015-03-18,33530.0,33350.0,33760.0,33490.0,Wednesday
2015-03-19,33580.0,32950.0,33700.0,33380.0,Thursday
2015-03-20,33580.0,32950.0,33700.0,33380.0,Friday
2015-03-21,33580.0,32950.0,33700.0,33380.0,Saturday
2015-03-22,33580.0,32950.0,33700.0,33380.0,Sunday
2015-03-23,33560.0,33560.0,33560.0,33560.0,Monday
2015-03-24,33600.0,33600.0,33600.0,33600.0,Tuesday
2015-03-25,33560.0,33560.0,34280.0,33930.0,Wednesday
2015-03-26,33980.0,33890.0,34030.0,33930.0,Thursday
2015-03-27,33980.0,33890.0,34030.0,33930.0,Friday
2015-03-28,33810.0,32730.0,33810.0,32960.0,Saturday
2015-03-29,32970.0,32610.0,33180.0,33100.0,Sunday
2015-03-30,33110.0,32990.0,33340.0,33240.0,Monday
2015-03-31,33190.0,32880.0,33390.0,33070.0,Tuesday
2015-04-01,32890.0,32890.0,33300.0,33300.0,Wednesday
2015-04-02,33230.0,32250.0,33230.0,32350.0,Thursday
2015-04-03,32340.0,31710.0,32340.0,31880.0,Friday
2015-04-04,31850.0,31710.0,32700.0,32690.0,Saturday
2015-04-05,32760.0,32670.0,32990.0,32840.0,Sunday
2015-04-06,32820.0,32600.0,32890.0,32860.0,Monday
2015-04-07,32840.0,32840.0,33170.0,33140.0,Tuesday
2015-04-08,33170.0,32930.0,33330.0,32930.0,Wednesday
2015-04-09,32910.0,32860.0,33090.0,32900.0,Thursday
2015-04-10,32910.0,32860.0,33090.0,32900.0,Friday
2015-04-11,32950.0,32950.0,33560.0,33520.0,Saturday
2015-04-12,33570.0,33390.0,33850.0,33390.0,Sunday
2015-04-13,33420.0,33340.0,33580.0,33380.0,Monday
2015-04-14,33480.0,33270.0,33530.0,33450.0,Tuesday
2015-04-15,33440.0,33440.0,33710.0,33580.0,Wednesday
2015-04-16,33590.0,33450.0,33620.0,33480.0,Thursday
2015-04-17,33490.0,33420.0,33490.0,33420.0,Friday
2015-04-18,33440.0,33330.0,33450.0,33360.0,Saturday
2015-04-19,33340.0,33310.0,33440.0,33390.0,Sunday
2015-04-20,33450.0,33350.0,33450.0,33390.0,Monday
2015-04-21,33400.0,33370.0,33450.0,33390.0,Tuesday
2015-04-22,33380.0,33310.0,33390.0,33360.0,Wednesday
2015-04-23,33370.0,33310.0,33390.0,33330.0,Thursday
2015-04-24,33340.0,33330.0,33340.0,33330.0,Friday
2015-04-25,33320.0,33210.0,33340.0,33220.0,Saturday
2015-04-26,33200.0,33190.0,33350.0,33300.0,Sunday
2015-04-27,33340.0,33340.0,33430.0,33350.0,Monday
2015-04-28,33360.0,33310.0,33390.0,33380.0,Tuesday
2015-04-29,33390.0,33340.0,33410.0,33360.0,Wednesday
2015-04-30,33370.0,33330.0,33400.0,33390.0,Thursday
2015-05-01,33400.0,33390.0,33400.0,33390.0,Friday
2015-05-02,33400.0,33390.0,33400.0,33390.0,Saturday
2015-05-03,33410.0,33350.0,33430.0,33390.0,Sunday
2015-05-04,33400.0,33250.0,33400.0,33250.0,Monday
2015-05-05,33230.0,33170.0,33270.0,33270.0,Tuesday
2015-05-06,33250.0,33190.0,33320.0,33300.0,Wednesday
2015-05-07,33310.0,33280.0,33320.0,33290.0,Thursday
2015-05-08,33300.0,33300.0,33300.0,33300.0,Friday
2015-05-09,33290.0,33210.0,33300.0,33210.0,Saturday
2015-05-10,33220.0,33140.0,33220.0,33180.0,Sunday
2015-05-11,33170.0,33110.0,33190.0,33160.0,Monday
2015-05-12,33120.0,33070.0,33170.0,33160.0,Tuesday
2015-05-13,33180.0,33150.0,33270.0,33190.0,Wednesday
2015-05-14,33180.0,33170.0,33200.0,33200.0,Thursday
2015-05-15,33190.0,33190.0,33190.0,33190.0,Friday
2015-05-16,33200.0,33190.0,33200.0,33190.0,Saturday
2015-05-17,33150.0,33090.0,33160.0,33100.0,Sunday
2015-05-18,33040.0,33040.0,33080.0,33070.0,Monday
2015-05-19,33060.0,32980.0,33080.0,32980.0,Tuesday
2015-05-20,32990.0,32770.0,33020.0,32830.0,Wednesday
2015-05-21,32940.0,32850.0,33050.0,32850.0,Thursday
2015-05-22,32940.0,32850.0,33050.0,32850.0,Friday
2015-05-23,32960.0,32960.0,33100.0,32970.0,Saturday
2015-05-24,33000.0,32950.0,33050.0,32950.0,Sunday
2015-05-25,33070.0,32930.0,33130.0,32930.0,Monday
2015-05-26,33110.0,33000.0,33150.0,33000.0,Tuesday
2015-05-27,33070.0,33000.0,33150.0,33000.0,Wednesday
2015-05-28,33100.0,32980.0,33220.0,32980.0,Thursday
2015-05-29,33100.0,32980.0,33220.0,32980.0,Friday
2015-05-30,33100.0,33080.0,33320.0,33080.0,Saturday
2015-05-31,33200.0,33160.0,33320.0,33190.0,Sunday
2015-06-01,33200.0,33100.0,33210.0,33130.0,Monday
2015-06-02,33160.0,33100.0,33220.0,33130.0,Tuesday
2015-06-03,33160.0,33100.0,33220.0,33130.0,Wednesday
2015-06-04,33160.0,33100.0,33220.0,33130.0,Thursday
2015-06-05,33160.0,33100.0,33220.0,33130.0,Friday
2015-06-06,33180.0,33110.0,33230.0,33110.0,Saturday
2015-06-07,33130.0,33070.0,33130.0,33080.0,Sunday
2015-06-08,33140.0,33100.0,33160.0,33100.0,Monday
2015-06-09,33110.0,33080.0,33160.0,33080.0,Tuesday
2015-06-10,33120.0,33080.0,33170.0,33080.0,Wednesday
2015-06-11,33100.0,33050.0,33110.0,33050.0,Thursday
2015-06-12,33100.0,33050.0,33110.0,33050.0,Friday
2015-06-13,33080.0,33040.0,33100.0,33040.0,Saturday
2015-06-14,33020.0,32920.0,33020.0,32920.0,Sunday
2015-06-15,32910.0,32820.0,32910.0,32820.0,Monday
2015-06-16,32750.0,32690.0,32850.0,32850.0,Tuesday
2015-06-17,32860.0,32820.0,32920.0,32850.0,Wednesday
2015-06-18,32840.0,32780.0,32840.0,32780.0,Thursday
2015-06-19,32840.0,32780.0,32840.0,32780.0,Friday
2015-06-20,32790.0,32700.0,32790.0,32710.0,Saturday
2015-06-21,32730.0,32680.0,32770.0,32720.0,Sunday
2015-06-22,32650.0,32600.0,32670.0,32620.0,Monday
2015-06-23,32630.0,32580.0,32660.0,32660.0,Tuesday
2015-06-24,32680.0,32660.0,32850.0,32750.0,Wednesday
2015-06-25,32850.0,32750.0,32880.0,32750.0,Thursday
2015-06-26,32850.0,32750.0,32880.0,32750.0,Friday
2015-06-27,32860.0,32860.0,33070.0,33030.0,Saturday
2015-06-28,33080.0,33000.0,33380.0,33000.0,Sunday
2015-06-29,33170.0,33000.0,33330.0,33000.0,Monday
2015-06-30,32980.0,32870.0,33110.0,32990.0,Tuesday
2015-07-01,33230.0,33090.0,33330.0,33090.0,Wednesday
2015-07-02,33040.0,32940.0,33060.0,32950.0,Thursday
2015-07-03,33040.0,32940.0,33060.0,32950.0,Friday
2015-07-04,33020.0,33000.0,33180.0,33040.0,Saturday
2015-07-05,33130.0,32900.0,33130.0,32950.0,Sunday
2015-07-06,32970.0,32700.0,32970.0,32720.0,Monday
2015-07-07,32560.0,32420.0,32690.0,32480.0,Tuesday
2015-07-08,32560.0,32420.0,32690.0,32480.0,Wednesday
2015-07-09,32500.0,32380.0,32560.0,32380.0,Thursday
2015-07-10,32500.0,32380.0,32560.0,32380.0,Friday
2015-07-11,32440.0,32440.0,32590.0,32490.0,Saturday
2015-07-12,32580.0,32450.0,32590.0,32500.0,Sunday
2015-07-13,32270.0,32120.0,32270.0,32140.0,Monday
2015-07-14,32050.0,31780.0,32170.0,32160.0,Tuesday
2015-07-15,32350.0,32180.0,32620.0,32180.0,Wednesday
2015-07-16,32490.0,32190.0,32490.0,32300.0,Thursday
2015-07-17,32490.0,32190.0,32490.0,32300.0,Friday
2015-07-18,32490.0,32190.0,32490.0,32300.0,Saturday
2015-07-19,32490.0,32190.0,32490.0,32300.0,Sunday
2015-07-20,32320.0,32290.0,32370.0,32300.0,Monday
2015-07-21,32250.0,32200.0,32420.0,32350.0,Tuesday
2015-07-22,32530.0,32380.0,32620.0,32390.0,Wednesday
2015-07-23,32530.0,32380.0,32560.0,32380.0,Thursday
2015-07-24,32530.0,32380.0,32560.0,32380.0,Friday
2015-07-25,32770.0,32570.0,32950.0,32570.0,Saturday
2015-07-26,33030.0,32570.0,33180.0,32950.0,Sunday
2015-07-27,32990.0,32860.0,33000.0,32900.0,Monday
2015-07-28,33030.0,32980.0,33090.0,32980.0,Tuesday
2015-07-29,33080.0,32990.0,33100.0,33030.0,Wednesday
2015-07-30,33050.0,33000.0,33070.0,33000.0,Thursday
2015-07-31,33050.0,33000.0,33070.0,33000.0,Friday
2015-08-01,33080.0,33060.0,33200.0,33140.0,Saturday
2015-08-02,33220.0,33120.0,33270.0,33150.0,Sunday
2015-08-03,33200.0,33130.0,33220.0,33160.0,Monday
2015-08-04,33250.0,33220.0,33330.0,33240.0,Tuesday
2015-08-05,33250.0,33250.0,33320.0,33270.0,Wednesday
2015-08-06,33300.0,33250.0,33400.0,33250.0,Thursday
2015-08-07,33300.0,33250.0,33400.0,33250.0,Friday
2015-08-08,33400.0,33380.0,33600.0,33380.0,Saturday
2015-08-09,33500.0,33300.0,33510.0,33390.0,Sunday
2015-08-10,33380.0,33360.0,33490.0,33360.0,Monday
2015-08-11,33380.0,33360.0,33490.0,33360.0,Tuesday
2015-08-12,33440.0,33360.0,33590.0,33460.0,Wednesday
2015-08-13,33600.0,33450.0,33680.0,33450.0,Thursday
2015-08-14,33600.0,33450.0,33680.0,33450.0,Friday
2015-08-15,33580.0,33400.0,33640.0,33400.0,Saturday
2015-08-16,33410.0,33390.0,33470.0,33410.0,Sunday
2015-08-17,33480.0,33410.0,33580.0,33410.0,Monday
2015-08-18,33450.0,33450.0,33710.0,33550.0,Tuesday
2015-08-19,33590.0,33460.0,33620.0,33460.0,Wednesday
2015-08-20,33580.0,33490.0,33600.0,33490.0,Thursday
2015-08-21,33580.0,33490.0,33600.0,33490.0,Friday
2015-08-22,33500.0,33480.0,33630.0,33480.0,Saturday
2015-08-23,33660.0,33500.0,33720.0,33500.0,Sunday
2015-08-24,33680.0,33550.0,33760.0,33550.0,Monday
2015-08-25,33730.0,33580.0,33810.0,33650.0,Tuesday
2015-08-26,33860.0,33630.0,34070.0,33630.0,Wednesday
2015-08-27,33690.0,33550.0,34000.0,33550.0,Thursday
2015-08-28,33690.0,33550.0,34000.0,33550.0,Friday
2015-08-29,33870.0,33590.0,33930.0,33590.0,Saturday
2015-08-30,33780.0,33670.0,33890.0,33670.0,Sunday
2015-08-31,34020.0,33770.0,34100.0,33770.0,Monday
2015-09-01,34030.0,33960.0,34120.0,34000.0,Tuesday
2015-09-02,34160.0,33980.0,34160.0,33980.0,Wednesday
2015-09-03,34000.0,33850.0,34050.0,33850.0,Thursday
2015-09-04,34000.0,33850.0,34050.0,33850.0,Friday
2015-09-05,34120.0,33830.0,34120.0,33830.0,Saturday
2015-09-06,33920.0,33920.0,34270.0,33970.0,Sunday
2015-09-07,34220.0,33890.0,34270.0,33890.0,Monday
2015-09-08,34150.0,33830.0,34370.0,33830.0,Tuesday
2015-09-09,34220.0,33830.0,34320.0,33850.0,Wednesday
2015-09-10,33920.0,33850.0,34300.0,33850.0,Thursday
2015-09-11,33920.0,33850.0,34300.0,33850.0,Friday
2015-09-12,34370.0,33900.0,34500.0,33900.0,Saturday
2015-09-13,34040.0,33980.0,34560.0,33980.0,Sunday
2015-09-14,34130.0,34130.0,34750.0,34200.0,Monday
2015-09-15,34340.0,33950.0,34920.0,33950.0,Tuesday
2015-09-16,34510.0,33930.0,34510.0,33930.0,Wednesday
2015-09-17,33990.0,33850.0,33990.0,33850.0,Thursday
2015-09-18,33990.0,33850.0,33990.0,33850.0,Friday
2015-09-19,33980.0,33850.0,34000.0,33850.0,Saturday
2015-09-20,34020.0,33830.0,34040.0,33830.0,Sunday
2015-09-21,33820.0,33720.0,33820.0,33720.0,Monday
2015-09-22,34020.0,33880.0,34080.0,33880.0,Tuesday
2015-09-23,33900.0,33850.0,33950.0,33850.0,Wednesday
2015-09-24,33900.0,33850.0,33950.0,33850.0,Thursday
2015-09-25,33900.0,33850.0,33950.0,33850.0,Friday
2015-09-26,33950.0,33840.0,33970.0,33840.0,Saturday
2015-09-27,33910.0,33910.0,34200.0,33930.0,Sunday
2015-09-28,34010.0,33920.0,34200.0,33920.0,Monday
2015-09-29,34170.0,33950.0,34250.0,34090.0,Tuesday
2015-09-30,34650.0,34090.0,34650.0,34090.0,Wednesday
2015-10-01,34290.0,34050.0,34520.0,34050.0,Thursday
2015-10-02,34290.0,34050.0,34520.0,34050.0,Friday
2015-10-03,34370.0,34090.0,34610.0,34090.0,Saturday
2015-10-04,34450.0,33950.0,34450.0,33950.0,Sunday
2015-10-05,34230.0,33990.0,34500.0,33990.0,Monday
2015-10-06,34160.0,33990.0,34850.0,33990.0,Tuesday
2015-10-07,34560.0,33990.0,34750.0,33990.0,Wednesday
2015-10-08,34400.0,33980.0,34790.0,33980.0,Thursday
2015-10-09,34400.0,33980.0,34790.0,33980.0,Friday
2015-10-10,34140.0,33980.0,34790.0,33980.0,Saturday
2015-10-11,34400.0,33900.0,34650.0,33900.0,Sunday
2015-10-12,34700.0,33890.0,34700.0,33890.0,Monday
2015-10-13,34420.0,33880.0,34550.0,33880.0,Tuesday
2015-10-14,33950.0,33880.0,34670.0,33890.0,Wednesday
2015-10-15,34530.0,33880.0,34600.0,33880.0,Thursday
2015-10-16,34530.0,33880.0,34600.0,33880.0,Friday
2015-10-17,34450.0,33870.0,34530.0,33870.0,Saturday
2015-10-18,34390.0,33870.0,34390.0,33870.0,Sunday
2015-10-19,34330.0,33810.0,34350.0,33810.0,Monday
2015-10-20,34190.0,33810.0,34290.0,33810.0,Tuesday
2015-10-21,34270.0,33830.0,34390.0,33830.0,Wednesday
2015-10-22,34410.0,33850.0,34540.0,33850.0,Thursday
2015-10-23,34410.0,33850.0,34540.0,33850.0,Friday
2015-10-24,34410.0,33850.0,34540.0,33850.0,Saturday
2015-10-25,34010.0,33850.0,34600.0,33850.0,Sunday
2015-10-26,34410.0,33880.0,34550.0,33880.0,Monday
2015-10-27,34040.0,33890.0,34790.0,33890.0,Tuesday
2015-10-28,34340.0,33900.0,34900.0,33900.0,Wednesday
2015-10-29,34090.0,33890.0,34850.0,33890.0,Thursday
2015-10-30,34090.0,33890.0,34850.0,33890.0,Friday
2015-10-31,34080.0,33890.0,34820.0,33890.0,Saturday
2015-11-01,34980.0,33950.0,34980.0,33950.0,Sunday
2015-11-02,34150.0,33940.0,34980.0,33940.0,Monday
2015-11-03,34550.0,33940.0,34950.0,33940.0,Tuesday
2015-11-04,34990.0,33930.0,34990.0,33930.0,Wednesday
2015-11-05,34950.0,33890.0,34950.0,33890.0,Thursday
2015-11-06,34950.0,33890.0,34950.0,33890.0,Friday
2015-11-07,34950.0,33930.0,34970.0,33930.0,Saturday
2015-11-08,35080.0,33950.0,35120.0,33950.0,Sunday
2015-11-09,34200.0,33960.0,35350.0,33960.0,Monday
2015-11-10,35190.0,33950.0,35500.0,33950.0,Tuesday
2015-11-11,35070.0,33940.0,35350.0,33940.0,Wednesday
2015-11-12,34790.0,33930.0,35450.0,33930.0,Thursday
2015-11-13,34790.0,33930.0,35450.0,33930.0,Friday
2015-11-14,35580.0,33990.0,35650.0,33990.0,Saturday
2015-11-15,34330.0,33940.0,35700.0,33940.0,Sunday
2015-11-16,35590.0,33940.0,35590.0,33940.0,Monday
2015-11-17,34260.0,33940.0,35530.0,33940.0,Tuesday
2015-11-18,34270.0,33930.0,35590.0,33930.0,Wednesday
2015-11-19,35610.0,33930.0,35610.0,33930.0,Thursday
2015-11-20,35610.0,33930.0,35610.0,33930.0,Friday
2015-11-21,34590.0,33930.0,35570.0,33930.0,Saturday
2015-11-22,34900.0,33940.0,35690.0,33940.0,Sunday
2015-11-23,35750.0,33940.0,35750.0,33940.0,Monday
2015-11-24,35420.0,33980.0,35810.0,33980.0,Tuesday
2015-11-25,35870.0,33990.0,35930.0,33990.0,Wednesday
2015-11-26,35990.0,33920.0,35990.0,33920.0,Thursday
2015-11-27,33930.0,33930.0,33930.0,33930.0,Friday
2015-11-28,33920.0,33920.0,36390.0,33990.0,Saturday
2015-11-29,36530.0,33990.0,36530.0,33990.0,Sunday
2015-11-30,35080.0,33990.0,35830.0,33990.0,Monday
2015-12-01,34170.0,33990.0,36470.0,33990.0,Tuesday
2015-12-02,34170.0,33990.0,36470.0,33990.0,Wednesday
2015-12-03,34330.0,33970.0,36350.0,33970.0,Thursday
2015-12-04,34330.0,33970.0,36350.0,33970.0,Friday
2015-12-05,36190.0,33970.0,36190.0,33970.0,Saturday
2015-12-06,36000.0,33970.0,36000.0,33970.0,Sunday
2015-12-07,35780.0,33960.0,36390.0,33960.0,Monday
2015-12-08,36200.0,33960.0,36200.0,33960.0,Tuesday
2015-12-09,34450.0,33950.0,36400.0,33950.0,Wednesday
2015-12-10,34450.0,33950.0,36400.0,33950.0,Thursday
2015-12-11,34450.0,33950.0,36400.0,33950.0,Friday
2015-12-12,34450.0,33950.0,36400.0,33950.0,Saturday
2015-12-13,36250.0,33940.0,36290.0,33940.0,Sunday
2015-12-14,36240.0,33940.0,36290.0,33940.0,Monday
2015-12-15,34300.0,33940.0,36100.0,33940.0,Tuesday
2015-12-16,34320.0,33970.0,36230.0,33970.0,Wednesday
2015-12-17,34390.0,33890.0,36450.0,33890.0,Thursday
2015-12-18,34390.0,33890.0,36450.0,33890.0,Friday
2015-12-19,34300.0,33800.0,36340.0,33800.0,Saturday
2015-12-20,34040.0,33850.0,36190.0,33850.0,Sunday
2015-12-21,34100.0,33840.0,36340.0,33840.0,Monday
2015-12-22,36290.0,33860.0,36400.0,33860.0,Tuesday
2015-12-23,34120.0,33870.0,36530.0,33870.0,Wednesday
2015-12-24,34140.0,33880.0,36580.0,33880.0,Thursday
2015-12-25,34140.0,33880.0,36580.0,33880.0,Friday
2015-12-26,34160.0,33800.0,34160.0,33850.0,Saturday
2015-12-27,34120.0,33800.0,36590.0,33800.0,Sunday
2015-12-28,34070.0,33800.0,36520.0,33800.0,Monday
2015-12-29,34070.0,33800.0,36520.0,33800.0,Tuesday
2015-12-30,34070.0,33830.0,36520.0,33830.0,Wednesday
2015-12-31,35150.0,33870.0,36720.0,33870.0,Thursday
2016-01-01,35150.0,33870.0,36720.0,33870.0,Friday
2016-01-02,35650.0,33840.0,35650.0,33840.0,Saturday
2016-01-03,36560.0,33840.0,36580.0,33840.0,Sunday
2016-01-04,34120.0,33840.0,36660.0,33890.0,Monday
2016-01-05,34180.0,33940.0,36230.0,33940.0,Tuesday
2016-01-06,34240.0,33940.0,36950.0,33940.0,Wednesday
2016-01-07,34230.0,33940.0,36280.0,33940.0,Thursday
2016-01-08,34230.0,33940.0,36280.0,33940.0,Friday
2016-01-09,34250.0,33990.0,36280.0,33990.0,Saturday
2016-01-10,34310.0,33950.0,37210.0,33950.0,Sunday
2016-01-11,34250.0,33890.0,36990.0,33890.0,Monday
2016-01-12,34180.0,33880.0,36490.0,33880.0,Tuesday
2016-01-13,34160.0,33870.0,36690.0,33870.0,Wednesday
2016-01-14,34120.0,33850.0,36160.0,33850.0,Thursday
2016-01-15,34120.0,33850.0,36160.0,33850.0,Friday
2016-01-16,36200.0,33840.0,36200.0,33840.0,Saturday
2016-01-17,35850.0,33840.0,36090.0,33840.0,Sunday
2016-01-18,36020.0,33840.0,36020.0,33840.0,Monday
2016-01-19,35850.0,33830.0,35960.0,33830.0,Tuesday
2016-01-20,35850.0,33840.0,35850.0,33840.0,Wednesday
2016-01-21,35040.0,33830.0,35040.0,33830.0,Thursday
2016-01-22,35040.0,33830.0,35040.0,33830.0,Friday
2016-01-23,36280.0,33870.0,36280.0,33870.0,Saturday
2016-01-24,35890.0,33870.0,36470.0,33870.0,Sunday
2016-01-25,35880.0,33850.0,36340.0,33850.0,Monday
2016-01-26,36430.0,33850.0,36430.0,33850.0,Tuesday
2016-01-27,36500.0,33840.0,36500.0,33840.0,Wednesday
2016-01-28,35860.0,33840.0,36270.0,33840.0,Thursday
2016-01-29,35860.0,33840.0,36270.0,33840.0,Friday
2016-01-30,34640.0,33820.0,36260.0,33820.0,Saturday
2016-01-31,36050.0,33840.0,36050.0,33840.0,Sunday
2016-02-01,36250.0,33830.0,36250.0,33830.0,Monday
2016-02-02,35570.0,33830.0,36180.0,33830.0,Tuesday
2016-02-03,34430.0,33820.0,36220.0,33820.0,Wednesday
2016-02-04,34260.0,33820.0,35990.0,33820.0,Thursday
2016-02-05,34260.0,33820.0,35990.0,33820.0,Friday
2016-02-06,34330.0,33810.0,35850.0,33810.0,Saturday
2016-02-07,34270.0,33800.0,35640.0,33800.0,Sunday
2016-02-08,35360.0,33800.0,35600.0,33800.0,Monday
2016-02-09,34210.0,33800.0,35440.0,33800.0,Tuesday
2016-02-10,34100.0,33800.0,35000.0,33800.0,Wednesday
2016-02-11,34100.0,33800.0,35000.0,33800.0,Thursday
2016-02-12,34100.0,33800.0,35000.0,33800.0,Friday
2016-02-13,34660.0,33800.0,34970.0,33800.0,Saturday
2016-02-14,34590.0,33800.0,34620.0,33800.0,Sunday
2016-02-15,34000.0,33840.0,34540.0,33840.0,Monday
2016-02-16,33960.0,33960.0,34430.0,34430.0,Tuesday
2016-02-17,34560.0,34560.0,34690.0,34620.0,Wednesday
2016-02-18,34820.0,34710.0,34890.0,34710.0,Thursday
2016-02-19,34820.0,34710.0,34890.0,34710.0,Friday
2016-02-20,34690.0,34450.0,34690.0,34450.0,Saturday
2016-02-21,34440.0,34370.0,34540.0,34500.0,Sunday
2016-02-22,34540.0,34540.0,34800.0,34540.0,Monday
2016-02-23,34550.0,34550.0,34720.0,34650.0,Tuesday
2016-02-24,34660.0,34660.0,34740.0,34680.0,Wednesday
2016-02-25,34890.0,34750.0,34890.0,34750.0,Thursday
2016-02-26,34890.0,34750.0,34890.0,34750.0,Friday
2016-02-27,34880.0,34850.0,34990.0,34850.0,Saturday
2016-02-28,34810.0,34550.0,34850.0,34550.0,Sunday
2016-02-29,34580.0,34550.0,34700.0,34550.0,Monday
2016-03-01,34560.0,34540.0,34620.0,34540.0,Tuesday
2016-03-02,34660.0,34540.0,34760.0,34540.0,Wednesday
2016-03-03,34560.0,34450.0,34570.0,34450.0,Thursday
2016-03-04,34560.0,34450.0,34570.0,34450.0,Friday
2016-03-05,34430.0,34250.0,34440.0,34250.0,Saturday
2016-03-06,34260.0,34260.0,34340.0,34340.0,Sunday
2016-03-07,34300.0,34230.0,34330.0,34260.0,Monday
2016-03-08,34250.0,34050.0,34250.0,34080.0,Tuesday
2016-03-09,34120.0,34090.0,34270.0,34240.0,Wednesday
2016-03-10,34450.0,34370.0,34460.0,34370.0,Thursday
2016-03-11,34450.0,34370.0,34460.0,34370.0,Friday
2016-03-12,34290.0,34270.0,34290.0,34270.0,Saturday
2016-03-13,34290.0,34270.0,34290.0,34270.0,Sunday
2016-03-14,34180.0,34140.0,34270.0,34180.0,Monday
2016-03-15,34240.0,34240.0,34310.0,34290.0,Tuesday
2016-03-16,34330.0,34300.0,34370.0,34300.0,Wednesday
2016-03-17,34250.0,34250.0,34250.0,34250.0,Thursday
2016-03-18,34250.0,34250.0,34250.0,34250.0,Friday
2016-03-19,34250.0,34250.0,34250.0,34250.0,Saturday
2016-03-20,34250.0,34250.0,34250.0,34250.0,Sunday
2016-03-21,34250.0,34250.0,34250.0,34250.0,Monday
2016-03-22,34250.0,34250.0,34250.0,34250.0,Tuesday
2016-03-23,34250.0,34250.0,34250.0,34250.0,Wednesday
2016-03-24,34250.0,34250.0,34250.0,34250.0,Thursday
2016-03-25,34250.0,34250.0,34250.0,34250.0,Friday
2016-03-26,34300.0,34300.0,34750.0,34680.0,Saturday
2016-03-27,34660.0,34660.0,34670.0,34660.0,Sunday
2016-03-28,34660.0,34660.0,34670.0,34660.0,Monday
2016-03-29,34960.0,34960.0,35140.0,35130.0,Tuesday
2016-03-30,34890.0,34820.0,34890.0,34820.0,Wednesday
2016-03-31,34850.0,34850.0,34850.0,34850.0,Thursday
2016-04-01,34850.0,34850.0,34850.0,34850.0,Friday
2016-04-02,34890.0,34750.0,34940.0,34750.0,Saturday
2016-04-03,34720.0,34490.0,34720.0,34490.0,Sunday
2016-04-04,34500.0,34480.0,34610.0,34500.0,Monday
2016-04-05,34700.0,34700.0,34780.0,34760.0,Tuesday
2016-04-06,34910.0,34690.0,34930.0,34700.0,Wednesday
2016-04-07,34800.0,34650.0,34800.0,34650.0,Thursday
2016-04-08,34650.0,34650.0,34650.0,34650.0,Friday
2016-04-09,34670.0,34670.0,34690.0,34690.0,Saturday
2016-04-10,34760.0,34720.0,34800.0,34720.0,Sunday
2016-04-11,34750.0,34700.0,34750.0,34700.0,Monday
2016-04-12,34820.0,34690.0,34820.0,34690.0,Tuesday
2016-04-13,34670.0,34630.0,34690.0,34660.0,Wednesday
2016-04-14,34650.0,34590.0,34650.0,34620.0,Thursday
2016-04-15,34650.0,34590.0,34650.0,34620.0,Friday
2016-04-16,34740.0,34640.0,34740.0,34640.0,Saturday
2016-04-17,34700.0,34550.0,34700.0,34550.0,Sunday
2016-04-18,34590.0,34510.0,34590.0,34510.0,Monday
2016-04-19,34540.0,34540.0,34640.0,34640.0,Tuesday
2016-04-20,34680.0,34580.0,34680.0,34580.0,Wednesday
2016-04-21,34680.0,34580.0,34680.0,34580.0,Thursday
2016-04-22,34680.0,34580.0,34680.0,34580.0,Friday
2016-04-23,34630.0,34590.0,34630.0,34590.0,Saturday
2016-04-24,34650.0,34650.0,34710.0,34690.0,Sunday
2016-04-25,34700.0,34670.0,34730.0,34670.0,Monday
2016-04-26,34660.0,34600.0,34660.0,34600.0,Tuesday
2016-04-27,34650.0,34600.0,34650.0,34600.0,Wednesday
2016-04-28,34630.0,34570.0,34630.0,34570.0,Thursday
2016-04-29,34630.0,34570.0,34630.0,34570.0,Friday
2016-04-30,34560.0,34530.0,34570.0,34550.0,Saturday
2016-05-01,34540.0,34480.0,34540.0,34510.0,Sunday
2016-05-02,34570.0,34500.0,34620.0,34500.0,Monday
2016-05-03,34560.0,34470.0,34570.0,34470.0,Tuesday
2016-05-04,34480.0,34420.0,34480.0,34430.0,Wednesday
2016-05-05,34480.0,34420.0,34480.0,34430.0,Thursday
2016-05-06,34480.0,34420.0,34480.0,34430.0,Friday
2016-05-07,34440.0,34300.0,34440.0,34440.0,Saturday
2016-05-08,34450.0,34420.0,34510.0,34460.0,Sunday
2016-05-09,34450.0,34390.0,34450.0,34450.0,Monday
2016-05-10,34510.0,34500.0,34540.0,34500.0,Tuesday
2016-05-11,34510.0,34490.0,34580.0,34490.0,Wednesday
2016-05-12,34500.0,34430.0,34500.0,34430.0,Thursday
2016-05-13,34500.0,34430.0,34500.0,34430.0,Friday
2016-05-14,34400.0,34400.0,34400.0,34400.0,Saturday
2016-05-15,34390.0,34360.0,34420.0,34420.0,Sunday
2016-05-16,34450.0,34390.0,34460.0,34390.0,Monday
2016-05-17,34410.0,34370.0,34410.0,34370.0,Tuesday
2016-05-18,34380.0,34350.0,34380.0,34370.0,Wednesday
2016-05-19,34410.0,34370.0,34420.0,34370.0,Thursday
2016-05-20,34410.0,34370.0,34420.0,34370.0,Friday
2016-05-21,34400.0,34390.0,34400.0,34390.0,Saturday
2016-05-22,34400.0,34390.0,34400.0,34390.0,Sunday
2016-05-23,34400.0,34400.0,34500.0,34490.0,Monday
2016-05-24,34540.0,34520.0,34560.0,34550.0,Tuesday
2016-05-25,34640.0,34540.0,34640.0,34540.0,Wednesday
2016-05-26,34570.0,34550.0,34600.0,34550.0,Thursday
2016-05-27,34570.0,34550.0,34600.0,34550.0,Friday
2016-05-28,34700.0,34700.0,34840.0,34790.0,Saturday
2016-05-29,34830.0,34690.0,34830.0,34700.0,Sunday
2016-05-30,34690.0,34580.0,34710.0,34630.0,Monday
2016-05-31,34650.0,34650.0,34740.0,34650.0,Tuesday
2016-06-01,34630.0,34600.0,34650.0,34650.0,Wednesday
2016-06-02,34720.0,34710.0,34750.0,34710.0,Thursday
2016-06-03,34700.0,34700.0,34710.0,34710.0,Friday
2016-06-04,34700.0,34700.0,34710.0,34710.0,Saturday
2016-06-05,34700.0,34670.0,34700.0,34670.0,Sunday
2016-06-06,34660.0,34530.0,34660.0,34530.0,Monday
2016-06-07,34540.0,34540.0,34580.0,34550.0,Tuesday
2016-06-08,34560.0,34520.0,34590.0,34580.0,Wednesday
2016-06-09,34590.0,34590.0,34600.0,34600.0,Thursday
2016-06-10,34590.0,34590.0,34600.0,34600.0,Friday
2016-06-11,34620.0,34610.0,34660.0,34610.0,Saturday
2016-06-12,34590.0,34580.0,34600.0,34600.0,Sunday
2016-06-13,34580.0,34530.0,34580.0,34530.0,Monday
2016-06-14,34560.0,34560.0,34600.0,34590.0,Tuesday
2016-06-15,34580.0,34580.0,34640.0,34600.0,Wednesday
2016-06-16,34590.0,34550.0,34590.0,34550.0,Thursday
2016-06-17,34590.0,34550.0,34590.0,34550.0,Friday
2016-06-18,34540.0,34540.0,34540.0,34540.0,Saturday
2016-06-19,34560.0,34540.0,34570.0,34540.0,Sunday
2016-06-20,34550.0,34550.0,34580.0,34550.0,Monday
2016-06-21,34570.0,34570.0,34610.0,34600.0,Tuesday
2016-06-22,34620.0,34620.0,34650.0,34630.0,Wednesday
2016-06-23,34620.0,34620.0,34650.0,34630.0,Thursday
2016-06-24,34620.0,34620.0,34650.0,34630.0,Friday
2016-06-25,34550.0,34550.0,34610.0,34610.0,Saturday
2016-06-26,34710.0,34710.0,34890.0,34850.0,Sunday
2016-06-27,34710.0,34710.0,34890.0,34850.0,Monday
2016-06-28,34870.0,34870.0,35000.0,34890.0,Tuesday
2016-06-29,34910.0,34910.0,35190.0,35190.0,Wednesday
2016-06-30,35310.0,35290.0,35370.0,35290.0,Thursday
2016-07-01,35310.0,35290.0,35370.0,35290.0,Friday
2016-07-02,35340.0,35110.0,35350.0,35160.0,Saturday
2016-07-03,35120.0,34790.0,35120.0,34790.0,Sunday
2016-07-04,34830.0,34680.0,34880.0,34870.0,Monday
2016-07-05,34930.0,34780.0,34930.0,34870.0,Tuesday
2016-07-06,34930.0,34780.0,34930.0,34870.0,Wednesday
2016-07-07,34930.0,34780.0,34930.0,34870.0,Thursday
2016-07-08,34930.0,34780.0,34930.0,34870.0,Friday
2016-07-09,34900.0,34760.0,34900.0,34830.0,Saturday
2016-07-10,34810.0,34750.0,35030.0,34970.0,Sunday
2016-07-11,35070.0,34940.0,35070.0,35010.0,Monday
2016-07-12,35290.0,35070.0,35290.0,35120.0,Tuesday
2016-07-13,35320.0,34990.0,35320.0,35010.0,Wednesday
2016-07-14,35130.0,34990.0,35220.0,35040.0,Thursday
2016-07-15,35130.0,34990.0,35220.0,35040.0,Friday
2016-07-16,35120.0,35080.0,35210.0,35110.0,Saturday
2016-07-17,35150.0,34940.0,35150.0,35120.0,Sunday
2016-07-18,35270.0,34990.0,35270.0,35150.0,Monday
2016-07-19,35080.0,35000.0,35230.0,35190.0,Tuesday
2016-07-20,35150.0,35030.0,35210.0,35130.0,Wednesday
2016-07-21,35080.0,35030.0,35180.0,35030.0,Thursday
2016-07-22,35080.0,35030.0,35180.0,35030.0,Friday
2016-07-23,35100.0,35070.0,35120.0,35090.0,Saturday
2016-07-24,35170.0,35140.0,35170.0,35170.0,Sunday
2016-07-25,35150.0,35080.0,35220.0,35110.0,Monday
2016-07-26,35250.0,35170.0,35250.0,35180.0,Tuesday
2016-07-27,35370.0,35180.0,35370.0,35180.0,Wednesday
2016-07-28,35380.0,35120.0,35440.0,35440.0,Thursday
2016-07-29,35380.0,35120.0,35440.0,35440.0,Friday
2016-07-30,35380.0,35120.0,35440.0,35440.0,Saturday
2016-07-31,35410.0,35300.0,35410.0,35380.0,Sunday
2016-08-01,35350.0,35270.0,35370.0,35280.0,Monday
2016-08-02,35380.0,35340.0,35400.0,35400.0,Tuesday
2016-08-03,35360.0,35290.0,35420.0,35310.0,Wednesday
2016-08-04,35350.0,35120.0,35380.0,35170.0,Thursday
2016-08-05,35350.0,35120.0,35380.0,35170.0,Friday
2016-08-06,35320.0,35210.0,35320.0,35270.0,Saturday
2016-08-07,35390.0,35290.0,35390.0,35330.0,Sunday
2016-08-08,35390.0,35350.0,35420.0,35400.0,Monday
2016-08-09,35380.0,35280.0,35450.0,35450.0,Tuesday
2016-08-10,35430.0,35310.0,35490.0,35350.0,Wednesday
2016-08-11,35540.0,35340.0,35580.0,35380.0,Thursday
2016-08-12,35280.0,35280.0,35280.0,35280.0,Friday
2016-08-13,35350.0,35350.0,35540.0,35520.0,Saturday
2016-08-14,35350.0,35310.0,35490.0,35310.0,Sunday
2016-08-15,35640.0,35290.0,35640.0,35430.0,Monday
2016-08-16,35210.0,35210.0,35490.0,35430.0,Tuesday
2016-08-17,35320.0,35280.0,35510.0,35420.0,Wednesday
2016-08-18,35440.0,35340.0,35530.0,35450.0,Thursday
2016-08-19,35440.0,35340.0,35530.0,35450.0,Friday
2016-08-20,35520.0,35120.0,35540.0,35120.0,Saturday
2016-08-21,35370.0,35270.0,35510.0,35270.0,Sunday
2016-08-22,35390.0,35350.0,35510.0,35470.0,Monday
2016-08-23,35570.0,35380.0,35570.0,35420.0,Tuesday
2016-08-24,35680.0,35400.0,35680.0,35430.0,Wednesday
2016-08-25,35430.0,35300.0,35480.0,35300.0,Thursday
2016-08-26,35430.0,35300.0,35480.0,35300.0,Friday
2016-08-27,35390.0,35390.0,35600.0,35560.0,Saturday
2016-08-28,35700.0,35480.0,35700.0,35500.0,Sunday
2016-08-29,35580.0,35450.0,35580.0,35550.0,Monday
2016-08-30,35510.0,35490.0,35640.0,35550.0,Tuesday
2016-08-31,35480.0,35480.0,35640.0,35550.0,Wednesday
2016-09-01,35470.0,35430.0,35630.0,35570.0,Thursday
2016-09-02,35470.0,35430.0,35630.0,35570.0,Friday
2016-09-03,35700.0,35550.0,35700.0,35590.0,Saturday
2016-09-04,35640.0,35560.0,35650.0,35650.0,Sunday
2016-09-05,35590.0,35430.0,35700.0,35520.0,Monday
2016-09-06,35490.0,35470.0,35610.0,35550.0,Tuesday
2016-09-07,35560.0,35460.0,35580.0,35540.0,Wednesday
2016-09-08,35610.0,35450.0,35610.0,35570.0,Thursday
2016-09-09,35610.0,35450.0,35610.0,35570.0,Friday
2016-09-10,35530.0,35450.0,35560.0,35450.0,Saturday
2016-09-11,35520.0,35420.0,35550.0,35500.0,Sunday
2016-09-12,35520.0,35420.0,35550.0,35500.0,Monday
2016-09-13,35500.0,35470.0,35610.0,35610.0,Tuesday
2016-09-14,35510.0,35480.0,35630.0,35630.0,Wednesday
2016-09-15,35550.0,35490.0,35720.0,35720.0,Thursday
2016-09-16,35550.0,35490.0,35720.0,35720.0,Friday
2016-09-17,35540.0,35400.0,35630.0,35620.0,Saturday
2016-09-18,35740.0,35490.0,35740.0,35600.0,Sunday
2016-09-19,35710.0,35520.0,35710.0,35520.0,Monday
2016-09-20,35710.0,35520.0,35710.0,35520.0,Tuesday
2016-09-21,35600.0,35590.0,35650.0,35600.0,Wednesday
2016-09-22,35760.0,35520.0,35760.0,35540.0,Thursday
2016-09-23,35760.0,35520.0,35760.0,35540.0,Friday
2016-09-24,35670.0,35610.0,35670.0,35630.0,Saturday
2016-09-25,35720.0,35650.0,35740.0,35680.0,Sunday
2016-09-26,35700.0,35640.0,35760.0,35700.0,Monday
2016-09-27,35800.0,35670.0,35800.0,35730.0,Tuesday
2016-09-28,35750.0,35610.0,35760.0,35610.0,Wednesday
2016-09-29,35800.0,35740.0,35810.0,35800.0,Thursday
2016-09-30,35800.0,35740.0,35810.0,35800.0,Friday
2016-10-01,35800.0,35620.0,35870.0,35830.0,Saturday
2016-10-02,35700.0,35700.0,35860.0,35770.0,Sunday
2016-10-03,35850.0,35800.0,35850.0,35810.0,Monday
2016-10-04,35880.0,35830.0,35880.0,35860.0,Tuesday
2016-10-05,35890.0,35670.0,35890.0,35870.0,Wednesday
2016-10-06,35880.0,35720.0,35880.0,35720.0,Thursday
2016-10-07,35880.0,35720.0,35880.0,35720.0,Friday
2016-10-08,35800.0,35400.0,35870.0,35850.0,Saturday
2016-10-09,35810.0,35790.0,35820.0,35810.0,Sunday
2016-10-10,35900.0,35810.0,35900.0,35850.0,Monday
2016-10-11,35900.0,35810.0,35900.0,35850.0,Tuesday
2016-10-12,35900.0,35810.0,35900.0,35850.0,Wednesday
2016-10-13,35950.0,35800.0,35950.0,35850.0,Thursday
2016-10-14,35950.0,35800.0,35950.0,35850.0,Friday
2016-10-15,35890.0,35880.0,35970.0,35880.0,Saturday
2016-10-16,35970.0,35880.0,35980.0,35880.0,Sunday
2016-10-17,35950.0,35440.0,35950.0,35850.0,Monday
2016-10-18,35950.0,35800.0,35950.0,35830.0,Tuesday
2016-10-19,35900.0,35820.0,35900.0,35850.0,Wednesday
2016-10-20,35910.0,35780.0,35920.0,35850.0,Thursday
2016-10-21,35910.0,35780.0,35920.0,35850.0,Friday
2016-10-22,35850.0,35850.0,35880.0,35880.0,Saturday
2016-10-23,35920.0,35790.0,35920.0,35910.0,Sunday
2016-10-24,35870.0,35870.0,35950.0,35950.0,Monday
2016-10-25,35950.0,35680.0,35980.0,35680.0,Tuesday
2016-10-26,35920.0,35770.0,36080.0,36050.0,Wednesday
2016-10-27,35800.0,35800.0,36180.0,36180.0,Thursday
2016-10-28,35800.0,35800.0,36180.0,36180.0,Friday
2016-10-29,36120.0,36010.0,36150.0,36080.0,Saturday
2016-10-30,36190.0,35830.0,36190.0,36110.0,Sunday
2016-10-31,36190.0,36110.0,36210.0,36190.0,Monday
2016-11-01,36280.0,36210.0,36280.0,36270.0,Tuesday
2016-11-02,36300.0,36190.0,36300.0,36230.0,Wednesday
2016-11-03,36240.0,36080.0,36270.0,36200.0,Thursday
2016-11-04,36240.0,36080.0,36270.0,36200.0,Friday
2016-11-05,36120.0,36120.0,36280.0,36230.0,Saturday
2016-11-06,36180.0,36180.0,36290.0,36290.0,Sunday
2016-11-07,36320.0,36230.0,36320.0,36250.0,Monday
2016-11-08,35750.0,35750.0,36460.0,36400.0,Tuesday
2016-11-09,36310.0,36310.0,36520.0,36480.0,Wednesday
2016-11-10,36590.0,36390.0,36590.0,36570.0,Thursday
2016-11-11,36590.0,36390.0,36590.0,36570.0,Friday
2016-11-12,36560.0,36480.0,36680.0,36480.0,Saturday
2016-11-13,36440.0,36440.0,36590.0,36550.0,Sunday
2016-11-14,36650.0,36500.0,36690.0,36680.0,Monday
2016-11-15,36670.0,36660.0,36700.0,36680.0,Tuesday
2016-11-16,36660.0,36660.0,36750.0,36740.0,Wednesday
2016-11-17,36800.0,36710.0,36920.0,36850.0,Thursday
2016-11-18,36800.0,36710.0,36920.0,36850.0,Friday
2016-11-19,36900.0,36420.0,36900.0,36810.0,Saturday
2016-11-20,36900.0,36420.0,36900.0,36810.0,Sunday
2016-11-21,36720.0,36320.0,36760.0,36730.0,Monday
2016-11-22,36840.0,36680.0,36840.0,36770.0,Tuesday
2016-11-23,36880.0,36800.0,37110.0,37030.0,Wednesday
2016-11-24,37050.0,37050.0,37240.0,37180.0,Thursday
2016-11-25,37050.0,37050.0,37240.0,37180.0,Friday
2016-11-26,37040.0,36990.0,37490.0,37460.0,Saturday
2016-11-27,37180.0,37180.0,37940.0,37910.0,Sunday
2016-11-28,37180.0,37180.0,37940.0,37910.0,Monday
2016-11-29,38050.0,37920.0,38740.0,38710.0,Tuesday
2016-11-30,38050.0,37920.0,38740.0,38710.0,Wednesday
2016-12-01,38850.0,37890.0,38850.0,38290.0,Thursday
2016-12-02,38850.0,37890.0,38850.0,38290.0,Friday
2016-12-03,38130.0,37830.0,38150.0,38020.0,Saturday
2016-12-04,38800.0,38470.0,39220.0,38950.0,Sunday
2016-12-05,38390.0,38390.0,38990.0,38960.0,Monday
2016-12-06,39150.0,38680.0,39150.0,38880.0,Tuesday
2016-12-07,38990.0,38720.0,38990.0,38760.0,Wednesday
2016-12-08,38990.0,38840.0,38990.0,38990.0,Thursday
2016-12-09,38990.0,38840.0,38990.0,38990.0,Friday
2016-12-10,39130.0,38900.0,39130.0,38990.0,Saturday
2016-12-11,39100.0,38850.0,39100.0,38910.0,Sunday
2016-12-12,39000.0,38680.0,39000.0,38680.0,Monday
2016-12-13,38750.0,38750.0,38990.0,38970.0,Tuesday
2016-12-14,39160.0,39110.0,39200.0,39140.0,Wednesday
2016-12-15,39200.0,39190.0,39280.0,39280.0,Thursday
2016-12-16,39200.0,39190.0,39280.0,39280.0,Friday
2016-12-17,39200.0,39190.0,39280.0,39280.0,Saturday
2016-12-18,39100.0,39100.0,39310.0,39280.0,Sunday
2016-12-19,39300.0,39110.0,39300.0,39170.0,Monday
2016-12-20,39220.0,39160.0,39320.0,39180.0,Tuesday
2016-12-21,39370.0,39370.0,39780.0,39780.0,Wednesday
2016-12-22,39790.0,39780.0,39910.0,39850.0,Thursday
2016-12-23,39790.0,39780.0,39910.0,39850.0,Friday
2016-12-24,39830.0,39770.0,39880.0,39880.0,Saturday
2016-12-25,40030.0,39750.0,40680.0,40660.0,Sunday
2016-12-26,40530.0,40220.0,40890.0,40720.0,Monday
2016-12-27,40830.0,40830.0,41210.0,41210.0,Tuesday
2016-12-28,40570.0,40570.0,41230.0,40750.0,Wednesday
2016-12-29,40770.0,40190.0,40770.0,40290.0,Thursday
2016-12-30,40770.0,40190.0,40770.0,40290.0,Friday
2016-12-31,40200.0,39480.0,40260.0,39480.0,Saturday
2017-01-01,39260.0,38270.0,39260.0,38350.0,Sunday
2017-01-02,38260.0,38260.0,38810.0,38790.0,Monday
2017-01-03,38800.0,38800.0,39190.0,39140.0,Tuesday
2017-01-04,39200.0,38790.0,39200.0,39000.0,Wednesday
2017-01-05,39050.0,38940.0,39080.0,39030.0,Thursday
2017-01-06,39050.0,38940.0,39080.0,39030.0,Friday
2017-01-07,39090.0,39010.0,39110.0,39040.0,Saturday
2017-01-08,39550.0,39420.0,39560.0,39450.0,Sunday
2017-01-09,39480.0,39480.0,39660.0,39650.0,Monday
2017-01-10,39480.0,39480.0,39660.0,39650.0,Tuesday
2017-01-11,39660.0,39510.0,39790.0,39790.0,Wednesday
2017-01-12,39800.0,39670.0,39820.0,39790.0,Thursday
2017-01-13,39800.0,39670.0,39820.0,39790.0,Friday
2017-01-14,39810.0,39480.0,39850.0,39510.0,Saturday
2017-01-15,39470.0,39160.0,39470.0,39440.0,Sunday
2017-01-16,39400.0,39090.0,39410.0,39140.0,Monday
2017-01-17,39080.0,38340.0,39460.0,38340.0,Tuesday
2017-01-18,38670.0,38130.0,38670.0,38200.0,Wednesday
2017-01-19,38420.0,38120.0,38420.0,38240.0,Thursday
2017-01-20,38420.0,38120.0,38420.0,38240.0,Friday
2017-01-21,38270.0,37870.0,38370.0,38080.0,Saturday
2017-01-22,38050.0,37890.0,38350.0,38330.0,Sunday
2017-01-23,38290.0,38280.0,38590.0,38500.0,Monday
2017-01-24,38450.0,38450.0,38850.0,38540.0,Tuesday
2017-01-25,38560.0,38490.0,38640.0,38600.0,Wednesday
2017-01-26,38650.0,38550.0,38650.0,38580.0,Thursday
2017-01-27,38650.0,38550.0,38650.0,38580.0,Friday
2017-01-28,38660.0,38570.0,38730.0,38590.0,Saturday
2017-01-29,38600.0,38430.0,38630.0,38510.0,Sunday
2017-01-30,38530.0,38210.0,38530.0,38230.0,Monday
2017-01-31,38220.0,38130.0,38250.0,38210.0,Tuesday
2017-02-01,38260.0,38200.0,38310.0,38260.0,Wednesday
2017-02-02,38250.0,38160.0,38250.0,38240.0,Thursday
2017-02-03,38250.0,38160.0,38250.0,38240.0,Friday
2017-02-04,38260.0,38260.0,38440.0,38430.0,Saturday
2017-02-05,38440.0,38440.0,38700.0,38520.0,Sunday
2017-02-06,38540.0,38470.0,38560.0,38470.0,Monday
2017-02-07,38480.0,38300.0,38480.0,38360.0,Tuesday
2017-02-08,38370.0,38260.0,38370.0,38260.0,Wednesday
2017-02-09,38250.0,38180.0,38270.0,38260.0,Thursday
2017-02-10,38250.0,38180.0,38270.0,38260.0,Friday
2017-02-11,38320.0,38290.0,38360.0,38290.0,Saturday
2017-02-12,38270.0,38230.0,38380.0,38230.0,Sunday
2017-02-13,38220.0,38140.0,38230.0,38140.0,Monday
2017-02-14,38130.0,38060.0,38140.0,38080.0,Tuesday
2017-02-15,38140.0,38140.0,38250.0,38150.0,Wednesday
2017-02-16,38140.0,38100.0,38150.0,38110.0,Thursday
2017-02-17,38140.0,38100.0,38150.0,38110.0,Friday
2017-02-18,38100.0,38000.0,38110.0,38020.0,Saturday
2017-02-19,38010.0,37920.0,38130.0,37930.0,Sunday
2017-02-20,37920.0,37890.0,37920.0,37900.0,Monday
2017-02-21,37910.0,37860.0,38430.0,37870.0,Tuesday
2017-02-22,38680.0,37780.0,38680.0,37800.0,Wednesday
2017-02-23,37790.0,37780.0,37810.0,37800.0,Thursday
2017-02-24,37790.0,37780.0,37810.0,37800.0,Friday
2017-02-25,37810.0,37770.0,37820.0,37780.0,Saturday
2017-02-26,37790.0,37790.0,37810.0,37810.0,Sunday
2017-02-27,37830.0,37780.0,38200.0,37790.0,Monday
2017-02-28,37780.0,37720.0,37790.0,37790.0,Tuesday
2017-03-01,37800.0,37800.0,37850.0,37840.0,Wednesday
2017-03-02,37830.0,37830.0,37830.0,37830.0,Thursday
2017-03-03,37830.0,37830.0,37830.0,37830.0,Friday
2017-03-04,37840.0,37810.0,37850.0,37810.0,Saturday
2017-03-05,37800.0,37730.0,37800.0,37740.0,Sunday
2017-03-06,37730.0,37610.0,37730.0,37610.0,Monday
2017-03-07,37600.0,37460.0,37600.0,37460.0,Tuesday
2017-03-08,37450.0,37230.0,37450.0,37240.0,Wednesday
2017-03-09,37250.0,37250.0,37540.0,37490.0,Thursday
2017-03-10,37250.0,37250.0,37540.0,37490.0,Friday
2017-03-11,37520.0,37520.0,37660.0,37590.0,Saturday
2017-03-12,37580.0,37480.0,37600.0,37490.0,Sunday
2017-03-13,37500.0,37430.0,37510.0,37500.0,Monday
2017-03-14,37490.0,37460.0,37980.0,37630.0,Tuesday
2017-03-15,37650.0,37650.0,37970.0,37950.0,Wednesday
2017-03-16,37920.0,37540.0,37920.0,37570.0,Thursday
2017-03-17,37920.0,37540.0,37920.0,37570.0,Friday
2017-03-18,37590.0,37460.0,37590.0,37480.0,Saturday
2017-03-19,37590.0,37460.0,37590.0,37480.0,Sunday
2017-03-20,37590.0,37460.0,37590.0,37480.0,Monday
2017-03-21,37520.0,37450.0,37520.0,37480.0,Tuesday
2017-03-22,37520.0,37450.0,37520.0,37480.0,Wednesday
2017-03-23,37510.0,37480.0,37510.0,37480.0,Thursday
2017-03-24,37510.0,37480.0,37510.0,37480.0,Friday
2017-03-25,37580.0,37550.0,37670.0,37670.0,Saturday
2017-03-26,37650.0,37540.0,37680.0,37540.0,Sunday
2017-03-27,37570.0,37330.0,37640.0,37640.0,Monday
2017-03-28,38550.0,37630.0,38550.0,37660.0,Tuesday
2017-03-29,37630.0,37500.0,37630.0,37520.0,Wednesday
2017-03-30,37480.0,37390.0,37480.0,37400.0,Thursday
2017-03-31,37480.0,37390.0,37480.0,37400.0,Friday
2017-04-01,37480.0,37390.0,37480.0,37400.0,Saturday
2017-04-02,37480.0,37390.0,37480.0,37400.0,Sunday
2017-04-03,37510.0,37490.0,37730.0,37690.0,Monday
2017-04-04,37700.0,37530.0,37700.0,37530.0,Tuesday
2017-04-05,37490.0,37490.0,37650.0,37650.0,Wednesday
2017-04-06,37630.0,37610.0,37650.0,37610.0,Thursday
2017-04-07,37630.0,37610.0,37650.0,37610.0,Friday
2017-04-08,37620.0,37580.0,37630.0,37610.0,Saturday
2017-04-09,37600.0,37600.0,37640.0,37630.0,Sunday
2017-04-10,37650.0,37620.0,37670.0,37630.0,Monday
2017-04-11,37650.0,37620.0,37670.0,37630.0,Tuesday
2017-04-12,37650.0,37590.0,37650.0,37630.0,Wednesday
2017-04-13,37620.0,37590.0,37620.0,37590.0,Thursday
2017-04-14,37620.0,37590.0,37620.0,37590.0,Friday
2017-04-15,37570.0,37570.0,37610.0,37600.0,Saturday
2017-04-16,37590.0,37550.0,37590.0,37550.0,Sunday
2017-04-17,37560.0,37540.0,37570.0,37550.0,Monday
2017-04-18,37540.0,37500.0,37540.0,37500.0,Tuesday
2017-04-19,37490.0,37490.0,37510.0,37490.0,Wednesday
2017-04-20,37500.0,37470.0,37500.0,37480.0,Thursday
2017-04-21,37500.0,37470.0,37500.0,37480.0,Friday
2017-04-22,37490.0,37480.0,37500.0,37490.0,Saturday
2017-04-23,37500.0,37500.0,37530.0,37530.0,Sunday
2017-04-24,37540.0,37530.0,37540.0,37530.0,Monday
2017-04-25,37540.0,37530.0,37540.0,37530.0,Tuesday
2017-04-26,37550.0,37550.0,37620.0,37600.0,Wednesday
2017-04-27,37610.0,37610.0,37620.0,37620.0,Thursday
2017-04-28,37610.0,37610.0,37620.0,37620.0,Friday
2017-04-29,37640.0,37640.0,37730.0,37730.0,Saturday
2017-04-30,37740.0,37730.0,37820.0,37730.0,Sunday
2017-05-01,37710.0,37660.0,37730.0,37670.0,Monday
2017-05-02,37660.0,37620.0,37680.0,37620.0,Tuesday
2017-05-03,37630.0,37620.0,37650.0,37650.0,Wednesday
2017-05-04,37660.0,37660.0,37700.0,37700.0,Thursday
2017-05-05,37660.0,37660.0,37700.0,37700.0,Friday
2017-05-06,37710.0,37620.0,37750.0,37630.0,Saturday
2017-05-07,37620.0,37580.0,37620.0,37590.0,Sunday
2017-05-08,37580.0,37570.0,37600.0,37570.0,Monday
2017-05-09,37560.0,37540.0,37570.0,37540.0,Tuesday
2017-05-10,37570.0,37560.0,37590.0,37570.0,Wednesday
2017-05-11,37580.0,37570.0,37600.0,37590.0,Thursday
2017-05-12,37580.0,37570.0,37600.0,37590.0,Friday
2017-05-13,37600.0,37570.0,37610.0,37590.0,Saturday
2017-05-14,37580.0,37560.0,37600.0,37560.0,Sunday
2017-05-15,37580.0,37540.0,37580.0,37540.0,Monday
2017-05-16,37550.0,37540.0,37580.0,37550.0,Tuesday
2017-05-17,37590.0,37550.0,37720.0,37710.0,Wednesday
2017-05-18,37720.0,37670.0,37730.0,37670.0,Thursday
2017-05-19,37720.0,37670.0,37730.0,37670.0,Friday
2017-05-20,37690.0,37410.0,37690.0,37410.0,Saturday
2017-05-21,37380.0,37330.0,37400.0,37400.0,Sunday
2017-05-22,37330.0,37320.0,37390.0,37350.0,Monday
2017-05-23,37450.0,37450.0,37580.0,37530.0,Tuesday
2017-05-24,37520.0,37480.0,37560.0,37480.0,Wednesday
2017-05-25,37470.0,37430.0,37470.0,37430.0,Thursday
2017-05-26,37470.0,37430.0,37470.0,37430.0,Friday
2017-05-27,37420.0,37420.0,37460.0,37430.0,Saturday
2017-05-28,37420.0,37370.0,37450.0,37370.0,Sunday
2017-05-29,37380.0,37380.0,37430.0,37380.0,Monday
2017-05-30,37370.0,37350.0,37380.0,37360.0,Tuesday
2017-05-31,37380.0,37330.0,37580.0,37340.0,Wednesday
2017-06-01,37350.0,37340.0,37350.0,37340.0,Thursday
2017-06-02,37350.0,37340.0,37350.0,37340.0,Friday
2017-06-03,37330.0,37320.0,37330.0,37320.0,Saturday
2017-06-04,37330.0,37330.0,37330.0,37330.0,Sunday
2017-06-05,37330.0,37330.0,37330.0,37330.0,Monday
2017-06-06,37320.0,37290.0,37320.0,37300.0,Tuesday
2017-06-07,37310.0,37300.0,37390.0,37380.0,Wednesday
2017-06-08,37400.0,37370.0,37400.0,37370.0,Thursday
2017-06-09,37400.0,37370.0,37400.0,37370.0,Friday
2017-06-10,37380.0,37350.0,37380.0,37360.0,Saturday
2017-06-11,37350.0,37350.0,37380.0,37350.0,Sunday
2017-06-12,37340.0,37290.0,37350.0,37300.0,Monday
2017-06-13,37310.0,37270.0,37310.0,37270.0,Tuesday
2017-06-14,37280.0,37270.0,37310.0,37300.0,Wednesday
2017-06-15,37320.0,37300.0,37320.0,37310.0,Thursday
2017-06-16,37320.0,37300.0,37320.0,37310.0,Friday
2017-06-17,37300.0,37270.0,37340.0,37320.0,Saturday
2017-06-18,37320.0,37320.0,37500.0,37500.0,Sunday
2017-06-19,37480.0,37440.0,37610.0,37500.0,Monday
2017-06-20,37510.0,37450.0,37520.0,37450.0,Tuesday
2017-06-21,37420.0,37370.0,37420.0,37420.0,Wednesday
2017-06-22,37460.0,37440.0,37480.0,37440.0,Thursday
2017-06-23,37460.0,37440.0,37480.0,37440.0,Friday
2017-06-24,37450.0,37450.0,37580.0,37570.0,Saturday
2017-06-25,37580.0,37540.0,37590.0,37540.0,Sunday
2017-06-26,37580.0,37540.0,37590.0,37540.0,Monday
2017-06-27,37500.0,37500.0,37540.0,37540.0,Tuesday
2017-06-28,37560.0,37560.0,37650.0,37590.0,Wednesday
2017-06-29,37640.0,37640.0,37680.0,37680.0,Thursday
2017-06-30,37640.0,37640.0,37680.0,37680.0,Friday
2017-07-01,37720.0,37720.0,37910.0,37890.0,Saturday
2017-07-02,37870.0,37840.0,37880.0,37840.0,Sunday
2017-07-03,37820.0,37780.0,37820.0,37790.0,Monday
2017-07-04,37840.0,37800.0,37860.0,37800.0,Tuesday
2017-07-05,37820.0,37790.0,37880.0,37880.0,Wednesday
2017-07-06,37890.0,37880.0,37920.0,37880.0,Thursday
2017-07-07,37890.0,37880.0,37920.0,37880.0,Friday
2017-07-08,37890.0,37880.0,37900.0,37890.0,Saturday
2017-07-09,37880.0,37860.0,37890.0,37860.0,Sunday
2017-07-10,37870.0,37860.0,37880.0,37880.0,Monday
2017-07-11,37910.0,37910.0,37960.0,37930.0,Tuesday
2017-07-12,37950.0,37900.0,37950.0,37900.0,Wednesday
2017-07-13,37890.0,37850.0,37890.0,37850.0,Thursday
2017-07-14,37890.0,37850.0,37890.0,37850.0,Friday
2017-07-15,37810.0,37800.0,37830.0,37820.0,Saturday
2017-07-16,37810.0,37790.0,37830.0,37800.0,Sunday
2017-07-17,37810.0,37770.0,37810.0,37790.0,Monday
2017-07-18,37780.0,37780.0,37790.0,37780.0,Tuesday
2017-07-19,37770.0,37770.0,37770.0,37770.0,Wednesday
2017-07-20,37820.0,37820.0,37820.0,37820.0,Thursday
2017-07-21,37820.0,37820.0,37820.0,37820.0,Friday
2017-07-22,37850.0,37760.0,37850.0,37760.0,Saturday
2017-07-23,37750.0,37740.0,37750.0,37750.0,Sunday
2017-07-24,37740.0,37710.0,37740.0,37720.0,Monday
2017-07-25,37730.0,37720.0,37790.0,37790.0,Tuesday
2017-07-26,37810.0,37810.0,38000.0,38000.0,Wednesday
2017-07-27,38020.0,38010.0,38040.0,38010.0,Thursday
2017-07-28,38020.0,38010.0,38040.0,38010.0,Friday
2017-07-29,38020.0,38010.0,38070.0,38070.0,Saturday
2017-07-30,38080.0,38080.0,38130.0,38120.0,Sunday
2017-07-31,38110.0,38100.0,38130.0,38130.0,Monday
2017-08-01,38140.0,38140.0,38210.0,38190.0,Tuesday
2017-08-02,38200.0,38190.0,38210.0,38210.0,Wednesday
2017-08-03,38220.0,38220.0,38260.0,38260.0,Thursday
2017-08-04,38220.0,38220.0,38260.0,38260.0,Friday
2017-08-05,38220.0,38220.0,38260.0,38260.0,Saturday
2017-08-06,38250.0,38200.0,38250.0,38210.0,Sunday
2017-08-07,38200.0,38150.0,38200.0,38150.0,Monday
2017-08-08,38140.0,38110.0,38140.0,38110.0,Tuesday
2017-08-09,38120.0,38110.0,38130.0,38110.0,Wednesday
2017-08-10,38120.0,38110.0,38130.0,38110.0,Thursday
2017-08-11,38120.0,38110.0,38130.0,38110.0,Friday
2017-08-12,38120.0,38120.0,38130.0,38130.0,Saturday
2017-08-13,38140.0,38100.0,38140.0,38120.0,Sunday
2017-08-14,38130.0,38130.0,38130.0,38130.0,Monday
2017-08-15,38140.0,38140.0,38170.0,38170.0,Tuesday
2017-08-16,38190.0,38180.0,38200.0,38200.0,Wednesday
2017-08-17,38190.0,38190.0,38200.0,38200.0,Thursday
2017-08-18,38190.0,38190.0,38200.0,38200.0,Friday
2017-08-19,38190.0,38190.0,38240.0,38240.0,Saturday
2017-08-20,38250.0,38250.0,38280.0,38280.0,Sunday
2017-08-21,38270.0,38270.0,38320.0,38300.0,Monday
2017-08-22,38310.0,38300.0,38310.0,38300.0,Tuesday
2017-08-23,38310.0,38310.0,38330.0,38330.0,Wednesday
2017-08-24,38340.0,38340.0,38380.0,38380.0,Thursday
2017-08-25,38340.0,38340.0,38380.0,38380.0,Friday
2017-08-26,38390.0,38390.0,38520.0,38520.0,Saturday
2017-08-27,38530.0,38530.0,38650.0,38590.0,Sunday
2017-08-28,38580.0,38580.0,38600.0,38580.0,Monday
2017-08-29,38570.0,38570.0,38630.0,38630.0,Tuesday
2017-08-30,38650.0,38650.0,38720.0,38720.0,Wednesday
2017-08-31,38730.0,38730.0,38740.0,38740.0,Thursday
2017-09-01,38730.0,38730.0,38740.0,38740.0,Friday
2017-09-02,38750.0,38750.0,38820.0,38820.0,Saturday
2017-09-03,38830.0,38830.0,38900.0,38900.0,Sunday
2017-09-04,38910.0,38790.0,38930.0,38790.0,Monday
2017-09-05,38780.0,38760.0,38820.0,38820.0,Tuesday
2017-09-06,38830.0,38830.0,38960.0,38940.0,Wednesday
2017-09-07,38950.0,38950.0,39040.0,39040.0,Thursday
2017-09-08,38950.0,38950.0,39040.0,39040.0,Friday
2017-09-09,38950.0,38950.0,39040.0,39040.0,Saturday
2017-09-10,39050.0,39000.0,39060.0,39000.0,Sunday
2017-09-11,39010.0,38980.0,39010.0,39000.0,Monday
2017-09-12,39010.0,39000.0,39170.0,39140.0,Tuesday
2017-09-13,39160.0,39090.0,39250.0,39200.0,Wednesday
2017-09-14,39140.0,39090.0,39140.0,39100.0,Thursday
2017-09-15,39140.0,39090.0,39140.0,39100.0,Friday
2017-09-16,39120.0,39040.0,39120.0,39040.0,Saturday
2017-09-17,39080.0,38980.0,39080.0,38980.0,Sunday
2017-09-18,38970.0,38960.0,39000.0,38970.0,Monday
2017-09-19,38950.0,38920.0,38950.0,38920.0,Tuesday
2017-09-20,38930.0,38910.0,38930.0,38930.0,Wednesday
2017-09-21,38920.0,38920.0,38920.0,38920.0,Thursday
2017-09-22,38920.0,38920.0,38920.0,38920.0,Friday
2017-09-23,38940.0,38910.0,38960.0,38930.0,Saturday
2017-09-24,38920.0,38920.0,38930.0,38920.0,Sunday
2017-09-25,38930.0,38930.0,39000.0,39000.0,Monday
2017-09-26,39010.0,39010.0,39130.0,39060.0,Tuesday
2017-09-27,39050.0,39050.0,39090.0,39070.0,Wednesday
2017-09-28,39080.0,39080.0,39110.0,39110.0,Thursday
2017-09-29,39080.0,39080.0,39110.0,39110.0,Friday
2017-09-30,39080.0,39080.0,39110.0,39110.0,Saturday
2017-10-01,39080.0,39080.0,39110.0,39110.0,Sunday
2017-10-02,39120.0,39120.0,39160.0,39160.0,Monday
2017-10-03,39170.0,39170.0,39300.0,39300.0,Tuesday
2017-10-04,39240.0,39240.0,39370.0,39370.0,Wednesday
2017-10-05,39380.0,39380.0,39480.0,39480.0,Thursday
2017-10-06,39380.0,39380.0,39480.0,39480.0,Friday
2017-10-07,39540.0,39530.0,39710.0,39710.0,Saturday
2017-10-08,39660.0,39600.0,39980.0,39780.0,Sunday
2017-10-09,39760.0,39740.0,40410.0,40410.0,Monday
2017-10-10,40480.0,39830.0,40490.0,40240.0,Tuesday
2017-10-11,40220.0,40040.0,40230.0,40160.0,Wednesday
2017-10-12,40180.0,40170.0,40180.0,40170.0,Thursday
2017-10-13,40180.0,40170.0,40180.0,40170.0,Friday
2017-10-14,40190.0,39970.0,40190.0,39970.0,Saturday
2017-10-15,39950.0,39930.0,40080.0,40070.0,Sunday
2017-10-16,40060.0,40010.0,40150.0,40080.0,Monday
2017-10-17,40070.0,40070.0,40190.0,40190.0,Tuesday
2017-10-18,40170.0,40170.0,40340.0,40210.0,Wednesday
2017-10-19,40220.0,40110.0,40220.0,40170.0,Thursday
2017-10-20,40220.0,40110.0,40220.0,40170.0,Friday
2017-10-21,40140.0,40130.0,40190.0,40130.0,Saturday
2017-10-22,40140.0,40110.0,40160.0,40110.0,Sunday
2017-10-23,40120.0,40110.0,40180.0,40180.0,Monday
2017-10-24,40200.0,40190.0,40350.0,40300.0,Tuesday
2017-10-25,40330.0,40220.0,40330.0,40280.0,Wednesday
2017-10-26,40300.0,40260.0,40330.0,40320.0,Thursday
2017-10-27,40300.0,40260.0,40330.0,40320.0,Friday
2017-10-28,40400.0,40390.0,40600.0,40600.0,Saturday
2017-10-29,40670.0,40620.0,40760.0,40690.0,Sunday
2017-10-30,40710.0,40540.0,40720.0,40550.0,Monday
2017-10-31,40530.0,40520.0,40570.0,40520.0,Tuesday
2017-11-01,40550.0,40520.0,40620.0,40580.0,Wednesday
2017-11-02,40570.0,40490.0,40570.0,40540.0,Thursday
2017-11-03,40570.0,40490.0,40570.0,40540.0,Friday
2017-11-04,40550.0,40500.0,40550.0,40540.0,Saturday
2017-11-05,40520.0,40510.0,40700.0,40660.0,Sunday
2017-11-06,40700.0,40690.0,40740.0,40720.0,Monday
2017-11-07,40730.0,40690.0,40770.0,40700.0,Tuesday
2017-11-08,40710.0,40700.0,40760.0,40740.0,Wednesday
2017-11-09,40710.0,40700.0,40760.0,40740.0,Thursday
2017-11-10,40710.0,40700.0,40760.0,40740.0,Friday
2017-11-11,40750.0,40750.0,40850.0,40830.0,Saturday
2017-11-12,40850.0,40850.0,40990.0,40990.0,Sunday
2017-11-13,40970.0,40970.0,41360.0,41360.0,Monday
2017-11-14,41340.0,41120.0,41380.0,41220.0,Tuesday
2017-11-15,41100.0,40970.0,41100.0,41010.0,Wednesday
2017-11-16,40980.0,40960.0,41010.0,41000.0,Thursday
2017-11-17,40980.0,40960.0,41010.0,41000.0,Friday
2017-11-18,40960.0,40950.0,40990.0,40960.0,Saturday
2017-11-19,40960.0,40950.0,40990.0,40960.0,Sunday
2017-11-20,41000.0,40930.0,41050.0,40940.0,Monday
2017-11-21,40920.0,40910.0,40990.0,40930.0,Tuesday
2017-11-22,41020.0,41010.0,41250.0,41210.0,Wednesday
2017-11-23,41230.0,41230.0,41280.0,41240.0,Thursday
2017-11-24,41230.0,41230.0,41280.0,41240.0,Friday
2017-11-25,41230.0,41200.0,41290.0,41270.0,Saturday
2017-11-26,41220.0,41110.0,41220.0,41180.0,Sunday
2017-11-27,41150.0,41150.0,41180.0,41180.0,Monday
2017-11-28,41190.0,41180.0,41290.0,41270.0,Tuesday
2017-11-29,41340.0,41250.0,41480.0,41360.0,Wednesday
2017-11-30,41380.0,41320.0,41390.0,41390.0,Thursday
2017-12-01,41380.0,41320.0,41390.0,41390.0,Friday
2017-12-02,41450.0,41440.0,41550.0,41550.0,Saturday
2017-12-03,41500.0,41480.0,41680.0,41640.0,Sunday
2017-12-04,41660.0,41660.0,41920.0,41860.0,Monday
2017-12-05,41980.0,41950.0,42140.0,42020.0,Tuesday
2017-12-06,41980.0,41950.0,42140.0,42020.0,Wednesday
2017-12-07,41960.0,41930.0,42000.0,41950.0,Thursday
2017-12-08,41960.0,41930.0,42000.0,41950.0,Friday
2017-12-09,41900.0,41860.0,42030.0,42030.0,Saturday
2017-12-10,42070.0,42060.0,42200.0,42070.0,Sunday
2017-12-11,42140.0,42070.0,42170.0,42110.0,Monday
2017-12-12,42130.0,42040.0,42220.0,42200.0,Tuesday
2017-12-13,42080.0,42080.0,42230.0,42190.0,Wednesday
2017-12-14,42090.0,42030.0,42110.0,42110.0,Thursday
2017-12-15,42090.0,42030.0,42110.0,42110.0,Friday
2017-12-16,42090.0,41900.0,42090.0,41900.0,Saturday
2017-12-17,41830.0,41810.0,42000.0,41830.0,Sunday
2017-12-18,41850.0,41780.0,41870.0,41810.0,Monday
2017-12-19,41800.0,41800.0,41970.0,41970.0,Tuesday
2017-12-20,41900.0,41860.0,41970.0,41860.0,Wednesday
2017-12-21,41940.0,41940.0,41940.0,41940.0,Thursday
2017-12-22,41940.0,41940.0,41940.0,41940.0,Friday
2017-12-23,42000.0,41850.0,42000.0,41860.0,Saturday
2017-12-24,41950.0,41860.0,41980.0,41940.0,Sunday
2017-12-25,41900.0,41790.0,41950.0,41790.0,Monday
2017-12-26,41800.0,41750.0,41890.0,41890.0,Tuesday
2017-12-27,41800.0,41800.0,42100.0,41890.0,Wednesday
2017-12-28,41930.0,41920.0,42100.0,42030.0,Thursday
2017-12-29,41930.0,41920.0,42100.0,42030.0,Friday
2017-12-30,42150.0,42110.0,42360.0,42350.0,Saturday
2017-12-31,42420.0,42420.0,42920.0,42880.0,Sunday
2018-01-01,42990.0,42880.0,43230.0,42880.0,Monday
2018-01-02,42960.0,42850.0,43460.0,43390.0,Tuesday
2018-01-03,43380.0,43000.0,43910.0,43740.0,Wednesday
2018-01-04,43640.0,43130.0,43690.0,43240.0,Thursday
2018-01-05,43640.0,43130.0,43690.0,43240.0,Friday
2018-01-06,43200.0,42800.0,43320.0,43320.0,Saturday
2018-01-07,43340.0,43340.0,43580.0,43530.0,Sunday
2018-01-08,43680.0,43680.0,44150.0,43950.0,Monday
2018-01-09,43650.0,43490.0,43970.0,43660.0,Tuesday
2018-01-10,43690.0,43690.0,44020.0,44010.0,Wednesday
2018-01-11,44030.0,44030.0,44380.0,44150.0,Thursday
2018-01-12,44030.0,44030.0,44380.0,44150.0,Friday
2018-01-13,43690.0,43670.0,44140.0,44110.0,Saturday
2018-01-14,44110.0,44090.0,44520.0,44260.0,Sunday
2018-01-15,44170.0,43920.0,44230.0,44210.0,Monday
2018-01-16,44280.0,44200.0,44480.0,44290.0,Tuesday
2018-01-17,44370.0,44100.0,44590.0,44480.0,Wednesday
2018-01-18,44610.0,44500.0,44910.0,44580.0,Thursday
2018-01-19,44610.0,44500.0,44910.0,44580.0,Friday
2018-01-20,44570.0,44570.0,45650.0,45330.0,Saturday
2018-01-21,45530.0,45420.0,46420.0,45970.0,Sunday
2018-01-22,46230.0,45600.0,46980.0,45790.0,Monday
2018-01-23,45780.0,45550.0,46460.0,45800.0,Tuesday
2018-01-24,45610.0,45530.0,46010.0,45660.0,Wednesday
2018-01-25,45630.0,45330.0,45650.0,45330.0,Thursday
2018-01-26,45630.0,45330.0,45650.0,45330.0,Friday
2018-01-27,45230.0,45010.0,45280.0,45160.0,Saturday
2018-01-28,45230.0,45230.0,45690.0,45680.0,Sunday
2018-01-29,45700.0,45490.0,46080.0,45500.0,Monday
2018-01-30,45450.0,45420.0,45830.0,45670.0,Tuesday
2018-01-31,45880.0,45620.0,46450.0,46450.0,Wednesday
2018-02-01,46480.0,46380.0,46540.0,46470.0,Thursday
2018-02-02,46480.0,46380.0,46540.0,46470.0,Friday
2018-02-03,46540.0,46410.0,47080.0,47040.0,Saturday
2018-02-04,47090.0,46890.0,47790.0,47440.0,Sunday
2018-02-05,47490.0,46730.0,47590.0,46760.0,Monday
2018-02-06,46660.0,46110.0,47020.0,46900.0,Tuesday
2018-02-07,46930.0,45410.0,47800.0,45450.0,Wednesday
2018-02-08,45430.0,45370.0,46850.0,46700.0,Thursday
2018-02-09,45430.0,45370.0,46850.0,46700.0,Friday
2018-02-10,46640.0,46420.0,47500.0,47250.0,Saturday
2018-02-11,47260.0,47250.0,47350.0,47270.0,Sunday
2018-02-12,47320.0,47320.0,48500.0,48490.0,Monday
2018-02-13,48720.0,48450.0,49120.0,48770.0,Tuesday
2018-02-14,48750.0,48160.0,48750.0,48170.0,Wednesday
2018-02-15,47900.0,47380.0,47900.0,47380.0,Thursday
2018-02-16,47900.0,47380.0,47900.0,47380.0,Friday
2018-02-17,47380.0,46970.0,47450.0,46970.0,Saturday
2018-02-18,46970.0,46090.0,46970.0,46090.0,Sunday
2018-02-19,46060.0,45670.0,46060.0,45750.0,Monday
2018-02-20,46060.0,45670.0,46060.0,45750.0,Tuesday
2018-02-21,45700.0,45180.0,45700.0,45180.0,Wednesday
2018-02-22,45130.0,44930.0,45250.0,44930.0,Thursday
2018-02-23,45130.0,44930.0,45250.0,44930.0,Friday
2018-02-24,44900.0,44770.0,44900.0,44780.0,Saturday
2018-02-25,44790.0,44750.0,44800.0,44760.0,Sunday
2018-02-26,44780.0,44760.0,44780.0,44780.0,Monday
2018-02-27,44760.0,44720.0,44760.0,44720.0,Tuesday
2018-02-28,44710.0,44710.0,44710.0,44710.0,Wednesday
2018-03-01,44700.0,44690.0,44700.0,44700.0,Thursday
2018-03-02,44690.0,44690.0,44690.0,44690.0,Friday
2018-03-03,44680.0,44670.0,47330.0,47080.0,Saturday
2018-03-04,47110.0,47080.0,47700.0,47700.0,Sunday
2018-03-05,47730.0,47630.0,47790.0,47690.0,Monday
2018-03-06,47740.0,47730.0,47800.0,47750.0,Tuesday
2018-03-07,47950.0,47840.0,47960.0,47880.0,Wednesday
2018-03-08,47890.0,47850.0,47900.0,47860.0,Thursday
2018-03-09,47890.0,47890.0,47890.0,47890.0,Friday
2018-03-10,48340.0,47960.0,48340.0,47960.0,Saturday
2018-03-11,47920.0,47850.0,48030.0,48030.0,Sunday
2018-03-12,48080.0,47230.0,48500.0,48260.0,Monday
2018-03-13,48270.0,47820.0,48420.0,48160.0,Tuesday
2018-03-14,48210.0,48060.0,48510.0,48510.0,Wednesday
2018-03-15,48550.0,48370.0,48560.0,48490.0,Thursday
2018-03-16,48650.0,48650.0,48650.0,48650.0,Friday
2018-03-17,48670.0,48290.0,48740.0,48310.0,Saturday
2018-03-18,48290.0,48190.0,48290.0,48190.0,Sunday
2018-03-19,48280.0,48280.0,48750.0,48570.0,Monday
2018-03-20,48750.0,48750.0,49130.0,48990.0,Tuesday
2018-03-21,48750.0,48750.0,49130.0,48990.0,Wednesday
2018-03-22,48750.0,48750.0,49130.0,48990.0,Thursday
2018-03-23,48750.0,48750.0,49130.0,48990.0,Friday
2018-03-24,48810.0,48810.0,49210.0,49210.0,Saturday
2018-03-25,49390.0,49210.0,50080.0,49910.0,Sunday
2018-03-26,49710.0,49710.0,51180.0,51030.0,Monday
2018-03-27,51010.0,49600.0,51400.0,50490.0,Tuesday
2018-03-28,50440.0,50340.0,50700.0,50460.0,Wednesday
2018-03-29,50570.0,50410.0,51400.0,50450.0,Thursday
2018-03-30,51020.0,51020.0,51020.0,51020.0,Friday
2018-03-31,50850.0,50800.0,50850.0,50800.0,Saturday
2018-04-01,50450.0,50290.0,50450.0,50290.0,Sunday
2018-04-02,50800.0,50800.0,50800.0,50800.0,Monday
2018-04-03,49850.0,49850.0,51450.0,50540.0,Tuesday
2018-04-04,50550.0,50050.0,50560.0,50560.0,Wednesday
2018-04-05,50430.0,50400.0,50940.0,50940.0,Thursday
2018-04-06,50430.0,50400.0,50940.0,50940.0,Friday
2018-04-07,50700.0,50700.0,51850.0,51710.0,Saturday
2018-04-08,52450.0,52080.0,57050.0,56600.0,Sunday
2018-04-09,56450.0,56450.0,60480.0,58650.0,Monday
2018-04-10,56450.0,56450.0,60480.0,58650.0,Tuesday
2018-04-11,42000.0,42000.0,42000.0,42000.0,Wednesday
2018-04-12,42000.0,42000.0,42000.0,42000.0,Thursday
2018-04-13,42000.0,42000.0,42000.0,42000.0,Friday
2018-04-14,42000.0,42000.0,42000.0,42000.0,Saturday
2018-04-15,42000.0,42000.0,42000.0,42000.0,Sunday
2018-04-16,42000.0,42000.0,42000.0,42000.0,Monday
2018-04-17,42000.0,42000.0,42000.0,42000.0,Tuesday
2018-04-18,53380.0,53310.0,55970.0,55920.0,Wednesday
2018-04-19,55930.0,55470.0,55960.0,55740.0,Thursday
2018-04-20,55730.0,55680.0,56160.0,56130.0,Friday
2018-04-21,56120.0,56020.0,56480.0,56330.0,Saturday
2018-04-22,56170.0,55870.0,56330.0,55870.0,Sunday
2018-04-23,55880.0,54880.0,56010.0,55290.0,Monday
2018-04-24,54830.0,54450.0,55240.0,54500.0,Tuesday
2018-04-25,54250.0,54110.0,55600.0,55470.0,Wednesday
2018-04-26,55460.0,55310.0,56420.0,56350.0,Thursday
2018-04-27,55460.0,55310.0,56420.0,56350.0,Friday
2018-04-28,56050.0,56040.0,57180.0,57110.0,Saturday
2018-04-29,57110.0,56950.0,58540.0,58540.0,Sunday
2018-04-30,57110.0,56950.0,58540.0,58540.0,Monday
2018-05-01,57110.0,56950.0,58540.0,58540.0,Tuesday
2018-05-02,57110.0,56950.0,58540.0,58540.0,Wednesday
2018-05-03,59630.0,59440.0,61970.0,61170.0,Thursday
2018-05-04,61190.0,61090.0,61420.0,61160.0,Friday
2018-05-05,61150.0,61100.0,65130.0,63830.0,Saturday
2018-05-06,63810.0,62180.0,65600.0,63500.0,Sunday
2018-05-07,63510.0,59060.0,63650.0,59230.0,Monday
2018-05-08,59220.0,59080.0,64420.0,63900.0,Tuesday
2018-05-09,63890.0,63650.0,66840.0,65710.0,Wednesday
2018-05-10,65720.0,64660.0,68090.0,66530.0,Thursday
2018-05-11,66520.0,66300.0,66990.0,66900.0,Friday
2018-05-12,66920.0,64370.0,67480.0,65970.0,Saturday
2018-05-13,65410.0,63990.0,66300.0,64550.0,Sunday
2018-05-14,64540.0,61130.0,64560.0,63300.0,Monday
2018-05-15,63310.0,62050.0,64290.0,64140.0,Tuesday
2018-05-16,64150.0,60940.0,65280.0,61520.0,Wednesday
2018-05-17,61530.0,61380.0,63650.0,62740.0,Thursday
2018-05-18,62750.0,62600.0,62980.0,62640.0,Friday
2018-05-19,62630.0,61380.0,62710.0,61380.0,Saturday
2018-05-20,61250.0,60650.0,62250.0,62010.0,Sunday
2018-05-21,62130.0,62060.0,64050.0,63330.0,Monday
2018-05-22,63320.0,62410.0,64410.0,63870.0,Tuesday
2018-05-23,63860.0,63310.0,63990.0,63640.0,Wednesday
2018-05-24,63630.0,62430.0,64250.0,63440.0,Thursday
2018-05-25,63450.0,63360.0,63670.0,63670.0,Friday
2018-05-26,63660.0,63280.0,63970.0,63970.0,Saturday
2018-05-27,64020.0,63300.0,64440.0,63630.0,Sunday
2018-05-28,63700.0,62740.0,64480.0,63530.0,Monday
2018-05-29,63540.0,58650.0,64150.0,62920.0,Tuesday
2018-05-30,62930.0,62890.0,65740.0,64380.0,Wednesday
2018-05-31,64370.0,64000.0,64900.0,64640.0,Thursday
2018-06-01,64630.0,64620.0,65150.0,65020.0,Friday
2018-06-02,65000.0,63830.0,65180.0,63900.0,Saturday
2018-06-03,64470.0,63610.0,64950.0,64390.0,Sunday
2018-06-04,64400.0,64090.0,64530.0,64250.0,Monday
2018-06-05,64260.0,64040.0,65460.0,65210.0,Tuesday
2018-06-06,65200.0,64710.0,65350.0,65090.0,Wednesday
2018-06-07,65070.0,64770.0,66020.0,65030.0,Thursday
2018-06-08,65040.0,64390.0,65220.0,64390.0,Friday
2018-06-09,64400.0,64310.0,67350.0,67350.0,Saturday
2018-06-10,67570.0,65760.0,68880.0,65760.0,Sunday
2018-06-11,65740.0,65500.0,68660.0,67810.0,Monday
2018-06-12,67800.0,67790.0,70910.0,70350.0,Tuesday
2018-06-13,70340.0,69780.0,71860.0,70080.0,Wednesday
2018-06-14,70070.0,66600.0,70160.0,67690.0,Thursday
2018-06-15,67680.0,67630.0,68880.0,68670.0,Friday
2018-06-16,68650.0,68520.0,69380.0,69320.0,Saturday
2018-06-17,68740.0,67940.0,70690.0,70310.0,Sunday
2018-06-18,70430.0,69300.0,72760.0,70540.0,Monday
2018-06-19,70550.0,70250.0,72720.0,72270.0,Tuesday
2018-06-20,72290.0,72260.0,74030.0,74000.0,Wednesday
2018-06-21,73980.0,73580.0,75750.0,74910.0,Thursday
2018-06-22,73980.0,73580.0,75750.0,74910.0,Friday
2018-06-23,74930.0,74530.0,75360.0,75060.0,Saturday
2018-06-24,81000.0,79620.0,90960.0,87050.0,Sunday
2018-06-25,87000.0,78760.0,89430.0,81550.0,Monday
2018-06-26,81530.0,78330.0,83640.0,78910.0,Tuesday
2018-06-27,78920.0,77900.0,80290.0,79740.0,Wednesday
2018-06-28,79710.0,79630.0,84510.0,82280.0,Thursday
2018-06-29,82270.0,81940.0,83310.0,82280.0,Friday
2018-06-30,82300.0,78200.0,85050.0,79750.0,Saturday
2018-07-01,79980.0,79870.0,83670.0,83580.0,Sunday
2018-07-02,83650.0,82170.0,85420.0,83310.0,Monday
2018-07-03,83330.0,81390.0,83610.0,81600.0,Tuesday
2018-07-04,81640.0,78850.0,82160.0,80140.0,Wednesday
2018-07-05,80150.0,76250.0,80360.0,78470.0,Thursday
2018-07-06,78460.0,78340.0,81690.0,80370.0,Friday
2018-07-07,80390.0,76930.0,80640.0,80190.0,Saturday
2018-07-08,79800.0,78610.0,80870.0,79860.0,Sunday
2018-07-09,79820.0,78630.0,79860.0,79460.0,Monday
2018-07-10,79470.0,77650.0,80090.0,77850.0,Tuesday
2018-07-11,79470.0,77650.0,80090.0,77850.0,Wednesday
2018-07-12,77920.0,77090.0,79210.0,78160.0,Thursday
2018-07-13,78170.0,77740.0,78620.0,78220.0,Friday
2018-07-14,78210.0,77770.0,80230.0,79610.0,Saturday
2018-07-15,80300.0,80300.0,83120.0,80740.0,Sunday
2018-07-16,80780.0,78790.0,81320.0,79190.0,Monday
2018-07-17,79170.0,77650.0,81990.0,81950.0,Tuesday
2018-07-18,81940.0,80450.0,83640.0,81340.0,Wednesday
2018-07-19,81360.0,80770.0,84620.0,81960.0,Thursday
2018-07-20,81980.0,81240.0,82740.0,81490.0,Friday
2018-07-21,81470.0,81340.0,86500.0,86500.0,Saturday
2018-07-22,86250.0,85990.0,90460.0,88970.0,Sunday
2018-07-23,88990.0,88730.0,95340.0,93700.0,Monday
2018-07-24,93710.0,91130.0,95750.0,94060.0,Tuesday
2018-07-25,94070.0,91450.0,94600.0,91550.0,Wednesday
2018-07-26,91560.0,91340.0,95290.0,93160.0,Thursday
2018-07-27,93170.0,93060.0,95530.0,94560.0,Friday
2018-07-28,94550.0,92880.0,96940.0,96940.0,Saturday
2018-07-29,103780.0,101000.0,118260.0,116500.0,Sunday
2018-07-30,116550.0,107810.0,117610.0,114700.0,Monday
2018-07-31,114710.0,95090.0,114890.0,105410.0,Tuesday
2018-08-01,105390.0,101010.0,111930.0,105980.0,Wednesday
2018-08-02,105990.0,95600.0,113120.0,112960.0,Thursday
2018-08-03,112970.0,102100.0,113370.0,105770.0,Friday
2018-08-04,105760.0,99000.0,113460.0,101480.0,Saturday
2018-08-05,98100.0,98170.0,101660.0,98170.0,Sunday
2018-08-06,98150.0,92450.0,99290.0,95960.0,Monday
2018-08-07,95970.0,82310.0,98050.0,89760.0,Tuesday
2018-08-08,89780.0,89250.0,107860.0,102540.0,Wednesday
2018-08-09,102520.0,91740.0,111550.0,103360.0,Thursday
2018-08-10,103350.0,103170.0,109670.0,109430.0,Friday
2018-08-11,109370.0,100370.0,111550.0,104280.0,Saturday
2018-08-12,103970.0,97470.0,105910.0,100850.0,Sunday
2018-08-13,100880.0,99470.0,106590.0,106260.0,Monday
2018-08-14,106260.0,105150.0,110300.0,105550.0,Tuesday
2018-08-15,105540.0,103070.0,107970.0,105030.0,Wednesday
2018-08-16,105040.0,103360.0,107150.0,107090.0,Thursday
2018-08-17,107120.0,106610.0,109980.0,107120.0,Friday
2018-08-18,107060.0,102600.0,107080.0,103300.0,Saturday
2018-08-19,102980.0,101960.0,105280.0,103050.0,Sunday
2018-08-20,103160.0,102880.0,105600.0,104140.0,Monday
2018-08-21,104150.0,103600.0,107110.0,105840.0,Tuesday
2018-08-22,105830.0,105230.0,106070.0,105460.0,Wednesday
2018-08-23,105470.0,103770.0,106640.0,105090.0,Thursday
2018-08-24,105080.0,102370.0,105280.0,102790.0,Friday
2018-08-25,102810.0,102720.0,105020.0,104390.0,Saturday
2018-08-26,105020.0,104390.0,106440.0,105430.0,Sunday
2018-08-27,105310.0,105270.0,108140.0,107150.0,Monday
2018-08-28,107140.0,104770.0,110700.0,110610.0,Tuesday
2018-08-29,110620.0,106020.0,110680.0,110110.0,Wednesday
2018-08-30,109430.0,109270.0,111050.0,110350.0,Thursday
2018-08-31,110250.0,109420.0,110420.0,109970.0,Friday
2018-09-01,109960.0,107420.0,112320.0,111890.0,Saturday
2018-09-02,112060.0,104000.0,121980.0,119770.0,Sunday
2018-09-03,112060.0,104000.0,121980.0,119770.0,Monday
2018-09-04,128230.0,127760.0,139610.0,136840.0,Tuesday
2018-09-05,137140.0,136400.0,150670.0,136890.0,Wednesday
2018-09-06,136430.0,134680.0,144700.0,135110.0,Thursday
2018-09-07,136430.0,134680.0,144700.0,135110.0,Friday
2018-09-08,135260.0,128930.0,137060.0,134470.0,Saturday
2018-09-09,128710.0,120970.0,130320.0,129630.0,Sunday
2018-09-10,129940.0,129550.0,138980.0,138160.0,Monday
2018-09-11,138190.0,135190.0,146060.0,135330.0,Tuesday
2018-09-12,135370.0,134170.0,138980.0,137160.0,Wednesday
2018-09-13,137210.0,136750.0,138940.0,137600.0,Thursday
2018-09-14,137210.0,136750.0,138940.0,137600.0,Friday
2018-09-15,137210.0,136750.0,138940.0,137600.0,Saturday
2018-09-16,137210.0,136750.0,138940.0,137600.0,Sunday
2018-09-17,137210.0,136750.0,138940.0,137600.0,Monday
2018-09-18,137210.0,136750.0,138940.0,137600.0,Tuesday
2018-09-19,137210.0,136750.0,138940.0,137600.0,Wednesday
2018-09-20,137210.0,136750.0,138940.0,137600.0,Thursday
2018-09-21,137210.0,136750.0,138940.0,137600.0,Friday
2018-09-22,137210.0,136750.0,138940.0,137600.0,Saturday
2018-09-23,137210.0,136750.0,138940.0,137600.0,Sunday
2018-09-24,137210.0,136750.0,138940.0,137600.0,Monday
2018-09-25,137210.0,136750.0,138940.0,137600.0,Tuesday
2018-09-26,137210.0,136750.0,138940.0,137600.0,Wednesday
2018-09-27,137210.0,136750.0,138940.0,137600.0,Thursday
2018-09-28,137210.0,136750.0,138940.0,137600.0,Friday
2018-09-29,137210.0,136750.0,138940.0,137600.0,Saturday
2018-09-30,137210.0,136750.0,138940.0,137600.0,Sunday
2018-10-01,137210.0,136750.0,138940.0,137600.0,Monday
2018-10-02,137210.0,136750.0,138940.0,137600.0,Tuesday
2018-10-03,137210.0,136750.0,138940.0,137600.0,Wednesday
2018-10-04,137210.0,136750.0,138940.0,137600.0,Thursday
2018-10-05,137210.0,136750.0,138940.0,137600.0,Friday
2018-10-06,137210.0,136750.0,138940.0,137600.0,Saturday
2018-10-07,137210.0,136750.0,138940.0,137600.0,Sunday
2018-10-08,137210.0,136750.0,138940.0,137600.0,Monday
2018-10-09,137210.0,136750.0,138940.0,137600.0,Tuesday
2018-10-10,137210.0,136750.0,138940.0,137600.0,Wednesday
2018-10-11,137210.0,136750.0,138940.0,137600.0,Thursday
2018-10-12,137210.0,136750.0,138940.0,137600.0,Friday
2018-10-13,137210.0,136750.0,138940.0,137600.0,Saturday
2018-10-14,137210.0,136750.0,138940.0,137600.0,Sunday
2018-10-15,137210.0,136750.0,138940.0,137600.0,Monday
2018-10-16,137210.0,136750.0,138940.0,137600.0,Tuesday
2018-10-17,137210.0,136750.0,138940.0,137600.0,Wednesday
2018-10-18,137210.0,136750.0,138940.0,137600.0,Thursday
2018-10-19,137210.0,136750.0,138940.0,137600.0,Friday
2018-10-20,137210.0,136750.0,138940.0,137600.0,Saturday
2018-10-21,137210.0,136750.0,138940.0,137600.0,Sunday
2018-10-22,137210.0,136750.0,138940.0,137600.0,Monday
2018-10-23,137210.0,136750.0,138940.0,137600.0,Tuesday
2018-10-24,137210.0,136750.0,138940.0,137600.0,Wednesday
2018-10-25,137210.0,136750.0,138940.0,137600.0,Thursday
2018-10-26,137210.0,136750.0,138940.0,137600.0,Friday
2018-10-27,137210.0,136750.0,138940.0,137600.0,Saturday
2018-10-28,137210.0,136750.0,138940.0,137600.0,Sunday
2018-10-29,137210.0,136750.0,138940.0,137600.0,Monday
2018-10-30,137210.0,136750.0,138940.0,137600.0,Tuesday
2018-10-31,137210.0,136750.0,138940.0,137600.0,Wednesday
2018-11-01,137210.0,136750.0,138940.0,137600.0,Thursday
2018-11-02,137210.0,136750.0,138940.0,137600.0,Friday
2018-11-03,137210.0,136750.0,138940.0,137600.0,Saturday
2018-11-04,137210.0,136750.0,138940.0,137600.0,Sunday
2018-11-05,137210.0,136750.0,138940.0,137600.0,Monday
2018-11-06,137210.0,136750.0,138940.0,137600.0,Tuesday
2018-11-07,137210.0,136750.0,138940.0,137600.0,Wednesday
2018-11-08,137210.0,136750.0,138940.0,137600.0,Thursday
2018-11-09,137210.0,136750.0,138940.0,137600.0,Friday
2018-11-10,137210.0,136750.0,138940.0,137600.0,Saturday
2018-11-11,137210.0,136750.0,138940.0,137600.0,Sunday
2018-11-12,137210.0,136750.0,138940.0,137600.0,Monday
2018-11-13,137210.0,136750.0,138940.0,137600.0,Tuesday
2018-11-14,137210.0,136750.0,138940.0,137600.0,Wednesday
2018-11-15,119000.0,118400.0,119000.0,118400.0,Thursday
2018-11-16,119000.0,118400.0,119000.0,118400.0,Friday
2018-11-17,118150.0,118150.0,118200.0,118200.0,Saturday
2018-11-18,120870.0,120870.0,120870.0,120870.0,Sunday
2018-11-19,127220.0,127220.0,127220.0,127220.0,Monday
2018-11-20,128400.0,128400.0,128400.0,128400.0,Tuesday
2018-11-21,127910.0,127910.0,127910.0,127910.0,Wednesday
2018-11-22,127710.0,127710.0,127710.0,127710.0,Thursday
2018-11-23,127710.0,127710.0,127710.0,127710.0,Friday
2018-11-24,127250.0,127250.0,127250.0,127250.0,Saturday
2018-11-25,127250.0,127250.0,127250.0,127250.0,Sunday
2018-11-26,123350.0,123350.0,123350.0,123350.0,Monday
2018-11-27,123030.0,123030.0,123030.0,123030.0,Tuesday
2018-11-28,121150.0,121150.0,121150.0,121150.0,Wednesday
2018-11-29,112680.0,112450.0,112680.0,112450.0,Thursday
2018-11-30,112680.0,112450.0,112680.0,112450.0,Friday
2018-12-01,112750.0,107620.0,115540.0,113580.0,Saturday
2018-12-02,113570.0,113570.0,121100.0,121100.0,Sunday
2018-12-03,120240.0,113660.0,120290.0,114300.0,Monday
2018-12-04,114030.0,111710.0,114800.0,113670.0,Tuesday
2018-12-05,113900.0,112690.0,114010.0,113520.0,Wednesday
2018-12-06,113640.0,109790.0,116480.0,113030.0,Thursday
2018-12-07,113640.0,109790.0,116480.0,113030.0,Friday
2018-12-08,112410.0,112340.0,116940.0,115170.0,Saturday
2018-12-09,114870.0,112110.0,114870.0,112410.0,Sunday
2018-12-10,112500.0,107360.0,112540.0,107900.0,Monday
2018-12-11,107840.0,107640.0,108230.0,108190.0,Tuesday
2018-12-12,108230.0,86900.0,109940.0,97100.0,Wednesday
2018-12-13,97900.0,97900.0,101500.0,101300.0,Thursday
2018-12-14,97900.0,97900.0,101500.0,101300.0,Friday
2018-12-15,101250.0,101250.0,101850.0,101350.0,Saturday
2018-12-16,99900.0,97050.0,99950.0,99500.0,Sunday
2018-12-17,99900.0,99400.0,99900.0,99400.0,Monday
2018-12-18,99400.0,99400.0,99400.0,99400.0,Tuesday
2018-12-19,101000.0,99900.0,101000.0,99900.0,Wednesday
2018-12-20,99800.0,99700.0,99890.0,99700.0,Thursday
2018-12-21,99800.0,99700.0,99890.0,99700.0,Friday
2018-12-22,99900.0,99900.0,99900.0,99900.0,Saturday
2018-12-23,99900.0,99900.0,99900.0,99900.0,Sunday
2018-12-24,101000.0,101000.0,101000.0,101000.0,Monday
2018-12-25,103950.0,103950.0,105000.0,105000.0,Tuesday
2018-12-26,109000.0,109000.0,118000.0,112000.0,Wednesday
2018-12-27,111900.0,107500.0,111900.0,107500.0,Thursday
2018-12-28,111900.0,107500.0,111900.0,107500.0,Friday
2018-12-29,105000.0,102800.0,105000.0,103000.0,Saturday
2018-12-30,106000.0,105500.0,108000.0,107000.0,Sunday
2018-12-31,108000.0,107900.0,108000.0,108000.0,Monday
2019-01-01,107000.0,105000.0,107000.0,105000.0,Tuesday
2019-01-02,104900.0,104200.0,105000.0,104500.0,Wednesday
2019-01-03,106000.0,105800.0,106000.0,106000.0,Thursday
2019-01-04,106000.0,105800.0,106000.0,106000.0,Friday
2019-01-05,105950.0,105500.0,106000.0,105900.0,Saturday
2019-01-06,105450.0,104900.0,105600.0,105500.0,Sunday
2019-01-07,107000.0,106900.0,107100.0,107000.0,Monday
2019-01-08,109000.0,108700.0,109000.0,109000.0,Tuesday
2019-01-09,108800.0,108600.0,109050.0,108800.0,Wednesday
2019-01-10,108900.0,108850.0,108900.0,108900.0,Thursday
2019-01-11,108900.0,108850.0,108900.0,108900.0,Friday
2019-01-12,111000.0,110850.0,113500.0,113000.0,Saturday
2019-01-13,116000.0,114000.0,118000.0,114000.0,Sunday
2019-01-14,116000.0,114000.0,118000.0,114000.0,Monday
2019-01-15,112500.0,112300.0,112650.0,112500.0,Tuesday
2019-01-16,114500.0,114350.0,114600.0,114500.0,Wednesday
2019-01-17,115900.0,115900.0,115900.0,115900.0,Thursday
2019-01-18,115900.0,115900.0,115900.0,115900.0,Friday
2019-01-19,114500.0,114300.0,114550.0,114500.0,Saturday
2019-01-20,114400.0,114300.0,114500.0,114500.0,Sunday
2019-01-21,116500.0,116300.0,116500.0,116300.0,Monday
2019-01-22,116500.0,116250.0,116500.0,116500.0,Tuesday
2019-01-23,115400.0,115200.0,115450.0,115400.0,Wednesday
2019-01-24,115100.0,115000.0,115100.0,115000.0,Thursday
2019-01-25,115100.0,115000.0,115100.0,115000.0,Friday
2019-01-26,115100.0,115100.0,118500.0,116500.0,Saturday
2019-01-27,117900.0,117750.0,117950.0,117900.0,Sunday
2019-01-28,118500.0,117800.0,118500.0,118000.0,Monday
2019-01-29,118900.0,117900.0,118900.0,118300.0,Tuesday
2019-01-30,119500.0,119300.0,119600.0,119450.0,Wednesday
2019-01-31,119000.0,118350.0,119000.0,118500.0,Thursday
2019-02-01,119000.0,118350.0,119000.0,118500.0,Friday
2019-02-02,115500.0,112700.0,115500.0,113000.0,Saturday
2019-02-03,110000.0,109700.0,110000.0,110000.0,Sunday
2019-02-04,114500.0,114400.0,116550.0,116500.0,Monday
2019-02-05,118500.0,117300.0,118600.0,117500.0,Tuesday
2019-02-06,118500.0,118200.0,118600.0,118500.0,Wednesday
2019-02-07,116500.0,116450.0,116600.0,116450.0,Thursday
2019-02-08,116500.0,116450.0,116600.0,116450.0,Friday
2019-02-09,116500.0,116450.0,116600.0,116450.0,Saturday
2019-02-10,116500.0,116500.0,117200.0,117100.0,Sunday
2019-02-11,116500.0,116500.0,117200.0,117100.0,Monday
2019-02-12,118000.0,118000.0,119000.0,119000.0,Tuesday
2019-02-13,119300.0,119100.0,119300.0,119300.0,Wednesday
2019-02-14,118500.0,118300.0,118500.0,118500.0,Thursday
2019-02-15,118500.0,118300.0,118500.0,118500.0,Friday
2019-02-16,118400.0,118300.0,123000.0,121000.0,Saturday
2019-02-17,122500.0,122550.0,123600.0,123500.0,Sunday
2019-02-18,123600.0,123600.0,129000.0,129000.0,Monday
2019-02-19,128000.0,127800.0,128000.0,128000.0,Tuesday
2019-02-20,129900.0,122800.0,129900.0,129700.0,Wednesday
2019-02-21,129600.0,129600.0,129700.0,129700.0,Thursday
2019-02-22,129600.0,129600.0,129700.0,129700.0,Friday
2019-02-23,125000.0,125000.0,125000.0,125000.0,Saturday
2019-02-24,136500.0,136500.0,136500.0,136500.0,Sunday
2019-02-25,135500.0,134500.0,135500.0,134500.0,Monday
2019-02-26,133500.0,133000.0,133500.0,133000.0,Tuesday
2019-02-27,132500.0,132500.0,132800.0,132500.0,Wednesday
2019-02-28,132000.0,132000.0,132000.0,132000.0,Thursday
2019-03-01,132000.0,132000.0,132000.0,132000.0,Friday
2019-03-02,134500.0,134400.0,134500.0,134500.0,Saturday
2019-03-03,133000.0,129800.0,133000.0,129860.0,Sunday
2019-03-04,130040.0,126850.0,130040.0,127070.0,Monday
2019-03-05,126020.0,125850.0,126100.0,125980.0,Tuesday
2019-03-06,125950.0,125900.0,132550.0,131540.0,Wednesday
2019-03-07,131560.0,130360.0,131570.0,130370.0,Thursday
2019-03-08,131560.0,130360.0,131570.0,130370.0,Friday
2019-03-09,131890.0,131360.0,132070.0,131510.0,Saturday
2019-03-10,131460.0,130360.0,131570.0,130420.0,Sunday
2019-03-11,129440.0,128930.0,129550.0,129050.0,Monday
2019-03-12,128970.0,128430.0,129050.0,128470.0,Tuesday
2019-03-13,128490.0,128430.0,128550.0,128550.0,Wednesday
2019-03-14,132040.0,130930.0,132050.0,131020.0,Thursday
2019-03-15,132040.0,130930.0,132050.0,131020.0,Friday
2019-03-16,130840.0,129800.0,139560.0,129850.0,Saturday
2019-03-17,129930.0,128800.0,129960.0,128830.0,Sunday
2019-03-18,128920.0,128800.0,128960.0,128890.0,Monday
2019-03-19,128950.0,128800.0,128960.0,128940.0,Tuesday
2019-03-20,128950.0,128800.0,128960.0,128940.0,Wednesday
2019-03-21,128950.0,128800.0,128960.0,128940.0,Thursday
2019-03-22,128950.0,128800.0,128960.0,128940.0,Friday
2019-03-23,128950.0,128800.0,128960.0,128940.0,Saturday
2019-03-24,128950.0,128800.0,128960.0,128940.0,Sunday
2019-03-25,129550.0,129410.0,129560.0,129520.0,Monday
2019-03-26,129490.0,129400.0,129560.0,129510.0,Tuesday
2019-03-27,129560.0,129400.0,129560.0,129420.0,Wednesday
2019-03-28,129540.0,129380.0,133600.0,131890.0,Thursday
2019-03-29,129540.0,129380.0,133600.0,131890.0,Friday
2019-03-30,131980.0,131880.0,132100.0,132000.0,Saturday
2019-03-31,131940.0,131890.0,132000.0,132000.0,Sunday
2019-04-01,131940.0,131890.0,132000.0,132000.0,Monday
2019-04-02,131940.0,131890.0,132000.0,132000.0,Tuesday
2019-04-03,131940.0,131890.0,132000.0,132000.0,Wednesday
2019-04-04,131890.0,131890.0,132000.0,132000.0,Thursday
2019-04-05,131890.0,131890.0,132000.0,132000.0,Friday
2019-04-06,131980.0,131890.0,132000.0,131900.0,Saturday
2019-04-07,131930.0,131890.0,138010.0,133910.0,Sunday
2019-04-08,133900.0,133890.0,136900.0,136900.0,Monday
2019-04-09,136870.0,136790.0,141800.0,141750.0,Tuesday
2019-04-10,141760.0,137390.0,141800.0,137500.0,Wednesday
2019-04-11,137380.0,137290.0,137400.0,137310.0,Thursday
2019-04-12,137380.0,137290.0,137400.0,137310.0,Friday
2019-04-13,137400.0,129790.0,137400.0,136000.0,Saturday
2019-04-14,135900.0,134390.0,136000.0,134500.0,Sunday
2019-04-15,134450.0,134390.0,136900.0,136900.0,Monday
2019-04-16,136870.0,134040.0,136900.0,135430.0,Tuesday
2019-04-17,135480.0,133890.0,135500.0,134010.0,Wednesday
2019-04-18,133990.0,133900.0,134950.0,134790.0,Thursday
2019-04-19,133990.0,133900.0,134950.0,134790.0,Friday
2019-04-20,134870.0,134650.0,135600.0,135460.0,Saturday
2019-04-21,134870.0,134650.0,135600.0,135460.0,Sunday
2019-04-22,135590.0,135350.0,137600.0,137600.0,Monday
2019-04-23,137440.0,137350.0,139100.0,137920.0,Tuesday
2019-04-24,137930.0,137850.0,138100.0,137990.0,Wednesday
2019-04-25,137970.0,137850.0,138800.0,138120.0,Thursday
2019-04-26,137970.0,137850.0,138800.0,138120.0,Friday
2019-04-27,138140.0,138050.0,138900.0,138460.0,Saturday
2019-04-28,138580.0,138350.0,141600.0,141470.0,Sunday
2019-04-29,141540.0,141350.0,142000.0,141510.0,Monday
2019-04-30,141550.0,140350.0,141600.0,140520.0,Tuesday
2019-05-01,140530.0,140350.0,142550.0,142500.0,Wednesday
2019-05-02,142530.0,142340.0,142550.0,142410.0,Thursday
2019-05-03,142530.0,142340.0,142550.0,142410.0,Friday
2019-05-04,142500.0,142340.0,145000.0,144960.0,Saturday
2019-05-05,144930.0,144840.0,149000.0,147450.0,Sunday
2019-05-06,147500.0,146360.0,147500.0,147000.0,Monday
2019-05-07,146950.0,146840.0,149500.0,149480.0,Tuesday
2019-05-08,149360.0,149360.0,149900.0,149900.0,Wednesday
2019-05-09,149840.0,149740.0,153500.0,153500.0,Thursday
2019-05-10,149840.0,149740.0,153500.0,153500.0,Friday
2019-05-11,153400.0,149340.0,153500.0,149500.0,Saturday
2019-05-12,149390.0,146340.0,149500.0,146500.0,Sunday
2019-05-13,146430.0,146340.0,148500.0,148360.0,Monday
2019-05-14,148500.0,148340.0,148500.0,148500.0,Tuesday
2019-05-15,148440.0,148340.0,149000.0,148430.0,Wednesday
2019-05-16,148500.0,146340.0,148500.0,146470.0,Thursday
2019-05-17,148500.0,146340.0,148500.0,146470.0,Friday
2019-05-18,146410.0,145340.0,146500.0,145500.0,Saturday
2019-05-19,145350.0,144840.0,146500.0,145000.0,Sunday
2019-05-20,144980.0,137340.0,145000.0,137500.0,Monday
2019-05-21,137460.0,137340.0,137500.0,137470.0,Tuesday
2019-05-22,137500.0,137350.0,139500.0,139500.0,Wednesday
2019-05-23,139370.0,139340.0,140500.0,140460.0,Thursday
2019-05-24,139370.0,139340.0,140500.0,140460.0,Friday
2019-05-25,140340.0,139540.0,140500.0,139570.0,Saturday
2019-05-26,139700.0,138340.0,139700.0,138500.0,Sunday
2019-05-27,139700.0,138340.0,139700.0,138500.0,Monday
2019-05-28,138000.0,137340.0,138000.0,137500.0,Tuesday
2019-05-29,137360.0,132340.0,137500.0,134000.0,Wednesday
2019-05-30,133970.0,133840.0,135500.0,135370.0,Thursday
2019-05-31,133970.0,133840.0,135500.0,135370.0,Friday
2019-06-01,135500.0,135340.0,135500.0,135500.0,Saturday
2019-06-02,135470.0,132370.0,135500.0,132390.0,Sunday
2019-06-03,132500.0,130870.0,132540.0,130980.0,Monday
2019-06-04,132500.0,130870.0,132540.0,130980.0,Tuesday
2019-06-05,132500.0,130870.0,132540.0,130980.0,Wednesday
2019-06-06,132500.0,130870.0,132540.0,130980.0,Thursday
2019-06-07,132500.0,130870.0,132540.0,130980.0,Friday
2019-06-08,131870.0,130850.0,132040.0,130900.0,Saturday
2019-06-09,130910.0,126890.0,131020.0,126970.0,Sunday
2019-06-10,127000.0,127000.0,128640.0,128450.0,Monday
2019-06-11,130860.0,12850.0,131040.0,128880.0,Tuesday
2019-06-12,129000.0,128840.0,129000.0,129000.0,Wednesday
2019-06-13,129000.0,128840.0,129000.0,129000.0,Thursday
2019-06-14,129000.0,128840.0,129000.0,129000.0,Friday
2019-06-15,129500.0,129340.0,129500.0,129360.0,Saturday
2019-06-16,129350.0,129340.0,135000.0,134940.0,Sunday
2019-06-17,134980.0,133340.0,135050.0,133360.0,Monday
2019-06-18,133390.0,131840.0,133550.0,132020.0,Tuesday
2019-06-19,131850.0,130840.0,132050.0,130950.0,Wednesday
2019-06-20,132000.0,130890.0,132000.0,132000.0,Thursday
2019-06-21,132000.0,130890.0,132000.0,132000.0,Friday
2019-06-22,131980.0,129890.0,132000.0,130000.0,Saturday
2019-06-23,129970.0,129890.0,130000.0,130000.0,Sunday
2019-06-24,129910.0,129890.0,132000.0,131890.0,Monday
2019-06-25,131930.0,130400.0,132000.0,131000.0,Tuesday
2019-06-26,129500.0,129390.0,129500.0,129400.0,Wednesday
2019-06-27,129420.0,129390.0,129500.0,129500.0,Thursday
2019-06-28,129420.0,129390.0,129500.0,129500.0,Friday
2019-06-29,129420.0,129390.0,129500.0,129500.0,Saturday
2019-06-30,129450.0,128390.0,129550.0,128500.0,Sunday
2019-07-01,128440.0,126890.0,128500.0,127000.0,Monday
2019-07-02,126960.0,126890.0,128000.0,128000.0,Tuesday
2019-07-03,127940.0,127390.0,128000.0,127450.0,Wednesday
2019-07-04,127500.0,127390.0,127500.0,127500.0,Thursday
2019-07-05,127500.0,127390.0,127500.0,127500.0,Friday
2019-07-06,127430.0,127390.0,129500.0,129400.0,Saturday
2019-07-07,129440.0,128890.0,130000.0,128980.0,Sunday
2019-07-08,129000.0,127890.0,129000.0,127910.0,Monday
2019-07-09,128000.0,127390.0,128000.0,127430.0,Tuesday
2019-07-10,127480.0,127390.0,127500.0,127480.0,Wednesday
2019-07-11,127420.0,127390.0,127500.0,127460.0,Thursday
2019-07-12,127420.0,127390.0,127500.0,127460.0,Friday
2019-07-13,126940.0,125890.0,127000.0,126000.0,Saturday
2019-07-14,125910.0,124890.0,126000.0,125000.0,Sunday
2019-07-15,124890.0,120890.0,125000.0,121000.0,Monday
2019-07-16,120900.0,118890.0,121000.0,118890.0,Tuesday
2019-07-17,119000.0,111890.0,119000.0,113890.0,Wednesday
2019-07-18,114890.0,114890.0,115000.0,115000.0,Thursday
2019-07-19,114890.0,114890.0,115000.0,115000.0,Friday
2019-07-20,114900.0,114890.0,117000.0,116480.0,Saturday
2019-07-21,116500.0,116390.0,119000.0,118970.0,Sunday
2019-07-22,118950.0,118890.0,119000.0,119000.0,Monday
2019-07-23,119980.0,119890.0,123000.0,123000.0,Tuesday
2019-07-24,122890.0,121890.0,124000.0,121930.0,Wednesday
2019-07-25,120000.0,119390.0,120000.0,119500.0,Thursday
2019-07-26,120000.0,119390.0,120000.0,119500.0,Friday
2019-07-27,119470.0,119390.0,121000.0,120940.0,Saturday
2019-07-28,120930.0,120890.0,122000.0,121500.0,Sunday
2019-07-29,121390.0,120390.0,121500.0,120420.0,Monday
2019-07-30,120480.0,120390.0,120500.0,120500.0,Tuesday
2019-07-31,120400.0,119390.0,120500.0,119430.0,Wednesday
2019-08-01,119000.0,118890.0,119000.0,119000.0,Thursday
2019-08-02,119000.0,118890.0,119000.0,119000.0,Friday
2019-08-03,118910.0,118890.0,120000.0,119910.0,Saturday
2019-08-04,119500.0,118890.0,119500.0,119000.0,Sunday
2019-08-05,118910.0,118890.0,119000.0,118910.0,Monday
2019-08-06,119000.0,118890.0,119500.0,119420.0,Tuesday
2019-08-07,119460.0,118890.0,119500.0,118940.0,Wednesday
2019-08-08,118430.0,118390.0,118500.0,118400.0,Thursday
2019-08-09,118430.0,118390.0,118500.0,118400.0,Friday
2019-08-10,118480.0,117890.0,118500.0,118000.0,Saturday
2019-08-11,117920.0,116890.0,118000.0,117000.0,Sunday
2019-08-12,116910.0,116890.0,117000.0,117000.0,Monday
2019-08-13,116940.0,116890.0,117000.0,116910.0,Tuesday
2019-08-14,116940.0,116890.0,117000.0,117000.0,Wednesday
2019-08-15,116930.0,116890.0,117000.0,117000.0,Thursday
2019-08-16,116930.0,116890.0,117000.0,117000.0,Friday
2019-08-17,116970.0,116890.0,117000.0,117000.0,Saturday
2019-08-18,116920.0,116890.0,117500.0,117420.0,Sunday
2019-08-19,117500.0,116890.0,117500.0,116960.0,Monday
2019-08-20,117500.0,116890.0,117500.0,116960.0,Tuesday
2019-08-21,117000.0,116390.0,117000.0,116420.0,Wednesday
2019-08-22,116500.0,115890.0,116500.0,116000.0,Thursday
2019-08-23,116500.0,115890.0,116500.0,116000.0,Friday
2019-08-24,116430.0,115890.0,116500.0,115900.0,Saturday
2019-08-25,116000.0,114390.0,116000.0,114500.0,Sunday
2019-08-26,114420.0,111890.0,114500.0,111920.0,Monday
2019-08-27,111980.0,109890.0,112000.0,111000.0,Tuesday
2019-08-28,110980.0,110900.0,112000.0,111950.0,Wednesday
2019-08-29,111890.0,111890.0,112000.0,112000.0,Thursday
2019-08-30,111890.0,111890.0,112000.0,112000.0,Friday
2019-08-31,111940.0,111890.0,113500.0,113470.0,Saturday
2019-09-01,113420.0,113390.0,114500.0,114000.0,Sunday
2019-09-02,113920.0,112390.0,114000.0,112480.0,Monday
2019-09-03,113930.0,113890.0,114000.0,114000.0,Tuesday
2019-09-04,113960.0,113390.0,113960.0,113420.0,Wednesday
2019-09-05,114000.0,113890.0,114000.0,114000.0,Thursday
2019-09-06,114000.0,113890.0,114000.0,114000.0,Friday
2019-09-07,113960.0,113890.0,114000.0,113890.0,Saturday
2019-09-08,113960.0,113890.0,116000.0,116000.0,Sunday
2019-09-09,113960.0,113890.0,116000.0,116000.0,Monday
2019-09-10,113960.0,113890.0,116000.0,116000.0,Tuesday
2019-09-11,115900.0,115890.0,116140.0,115970.0,Wednesday
2019-09-12,115000.0,114440.0,115000.0,114440.0,Thursday
2019-09-13,115000.0,114440.0,115000.0,114440.0,Friday
2019-09-14,114450.0,113940.0,114500.0,114000.0,Saturday
2019-09-15,113960.0,112890.0,114000.0,112980.0,Sunday
2019-09-16,113500.0,113390.0,113500.0,113500.0,Monday
2019-09-17,113450.0,113000.0,114500.0,114000.0,Tuesday
2019-09-18,113910.0,113890.0,114000.0,114000.0,Wednesday
2019-09-19,114500.0,114390.0,114500.0,114500.0,Thursday
2019-09-20,114500.0,114390.0,114500.0,114500.0,Friday
2019-09-21,114410.0,114390.0,114500.0,114500.0,Saturday
2019-09-22,114390.0,113890.0,114500.0,113940.0,Sunday
2019-09-23,114000.0,113390.0,114000.0,113460.0,Monday
2019-09-24,113500.0,113390.0,113500.0,113500.0,Tuesday
2019-09-25,113460.0,113390.0,113500.0,113470.0,Wednesday
2019-09-26,113480.0,113390.0,113500.0,113500.0,Thursday
2019-09-27,113480.0,113390.0,113500.0,113500.0,Friday
2019-09-28,113400.0,113390.0,114500.0,114500.0,Saturday
2019-09-29,114390.0,114390.0,114500.0,114500.0,Sunday
2019-09-30,115000.0,114890.0,115000.0,115000.0,Monday
2019-10-01,114960.0,114390.0,115000.0,114410.0,Tuesday
2019-10-02,114500.0,113890.0,114500.0,114000.0,Wednesday
2019-10-03,114460.0,114390.0,114500.0,114430.0,Thursday
2019-10-04,114460.0,114390.0,114500.0,114430.0,Friday
2019-10-05,114500.0,114390.0,114500.0,114450.0,Saturday
2019-10-06,114500.0,113890.0,114500.0,113970.0,Sunday
2019-10-07,114000.0,113890.0,114000.0,114000.0,Monday
2019-10-08,113910.0,113890.0,114000.0,113930.0,Tuesday
2019-10-09,113940.0,113890.0,114090.0,113950.0,Wednesday
2019-10-10,113980.0,113890.0,114090.0,114020.0,Thursday
2019-10-11,113980.0,113890.0,114090.0,114020.0,Friday
2019-10-12,114040.0,113890.0,114090.0,114070.0,Saturday
2019-10-13,113970.0,113890.0,114090.0,114000.0,Sunday
2019-10-14,113980.0,113390.0,114040.0,113500.0,Monday
2019-10-15,113530.0,113390.0,113540.0,113530.0,Tuesday
2019-10-16,113520.0,113390.0,114040.0,113960.0,Wednesday
2019-10-17,113900.0,113890.0,114040.0,114020.0,Thursday
2019-10-18,113900.0,113890.0,114040.0,114020.0,Friday
2019-10-19,113900.0,113890.0,114040.0,114020.0,Saturday
2019-10-20,113930.0,113890.0,114040.0,113890.0,Sunday
2019-10-21,113960.0,113390.0,114040.0,113540.0,Monday
2019-10-22,113400.0,112590.0,113540.0,112600.0,Tuesday
2019-10-23,113110.0,111590.0,113530.0,112550.0,Wednesday
2019-10-24,112050.0,111880.0,112050.0,112050.0,Thursday
2019-10-25,112050.0,111880.0,112050.0,112050.0,Friday
2019-10-26,112030.0,111380.0,112050.0,111380.0,Saturday
2019-10-27,112030.0,111380.0,112050.0,111380.0,Sunday
2019-10-28,111470.0,111380.0,111550.0,111410.0,Monday
2019-10-29,111470.0,111380.0,111550.0,111410.0,Tuesday
2019-10-30,111520.0,111380.0,111550.0,111460.0,Wednesday
2019-10-31,111520.0,111380.0,111550.0,111520.0,Thursday
2019-11-01,111520.0,111380.0,111550.0,111520.0,Friday
2019-11-02,111440.0,111380.0,112550.0,112440.0,Saturday
2019-11-03,112520.0,112380.0,112550.0,112520.0,Sunday
2019-11-04,112540.0,112380.0,113050.0,113030.0,Monday
2019-11-05,112900.0,112880.0,113050.0,112900.0,Tuesday
2019-11-06,112900.0,112880.0,113050.0,112900.0,Wednesday
2019-11-07,113490.0,113380.0,113550.0,113380.0,Thursday
2019-11-08,113490.0,113380.0,113550.0,113380.0,Friday
2019-11-09,113470.0,113380.0,113550.0,113530.0,Saturday
2019-11-10,113520.0,113380.0,113550.0,113510.0,Sunday
2019-11-11,113540.0,113540.0,114050.0,113980.0,Monday
2019-11-12,114030.0,113880.0,114550.0,114380.0,Tuesday
2019-11-13,114530.0,114380.0,114550.0,114480.0,Wednesday
2019-11-14,114940.0,114880.0,115050.0,114970.0,Thursday
2019-11-15,114940.0,114880.0,115050.0,114970.0,Friday
2019-11-16,114920.0,114920.0,119050.0,119020.0,Saturday
2019-11-17,118980.0,118880.0,119050.0,119030.0,Sunday
2019-11-18,118900.0,118880.0,123500.0,121500.0,Monday
2019-11-19,120940.0,119380.0,121050.0,119410.0,Tuesday
2019-11-20,119490.0,118880.0,119550.0,118920.0,Wednesday
2019-11-21,118500.0,117880.0,118550.0,117940.0,Thursday
2019-11-22,118500.0,117880.0,118550.0,117940.0,Friday
2019-11-23,118050.0,117880.0,118050.0,117960.0,Saturday
2019-11-24,118050.0,117880.0,119050.0,118960.0,Sunday
2019-11-25,119030.0,118880.0,120550.0,120530.0,Monday
2019-11-26,120520.0,120520.0,123550.0,123510.0,Tuesday
2019-11-27,122510.0,122380.0,122550.0,122460.0,Wednesday
2019-11-28,123930.0,123890.0,124070.0,124020.0,Thursday
2019-11-29,123930.0,123890.0,124070.0,124020.0,Friday
2019-11-30,123960.0,123900.0,125570.0,125480.0,Saturday
2019-12-01,125570.0,123900.0,125570.0,123920.0,Sunday
2019-12-02,125460.0,125400.0,125570.0,125410.0,Monday
2019-12-03,124950.0,124900.0,125070.0,124970.0,Tuesday
2019-12-04,124930.0,124900.0,127070.0,126940.0,Wednesday
2019-12-05,126910.0,126900.0,127050.0,127010.0,Thursday
2019-12-06,126910.0,126900.0,127050.0,127010.0,Friday
2019-12-07,127040.0,126900.0,129050.0,128940.0,Saturday
2019-12-08,130510.0,128400.0,130550.0,129430.0,Sunday
2019-12-09,129540.0,129400.0,135550.0,135530.0,Monday
2019-12-10,135510.0,135400.0,139050.0,138480.0,Tuesday
2019-12-11,133940.0,130900.0,134050.0,131040.0,Wednesday
2019-12-12,129480.0,128900.0,129550.0,129010.0,Thursday
2019-12-13,129480.0,128900.0,129550.0,129010.0,Friday
2019-12-14,128540.0,126940.0,128570.0,126970.0,Saturday
2019-12-15,126940.0,125440.0,127070.0,125520.0,Sunday
2019-12-16,125470.0,125440.0,128070.0,126960.0,Monday
2019-12-17,126980.0,126940.0,128070.0,127980.0,Tuesday
2019-12-18,127970.0,127940.0,129090.0,129020.0,Wednesday
2019-12-19,128500.0,128500.0,128590.0,128590.0,Thursday
2019-12-20,128500.0,128500.0,128590.0,128590.0,Friday
2019-12-21,128500.0,128500.0,129490.0,129400.0,Saturday
2019-12-22,129450.0,129400.0,129890.0,129870.0,Sunday
2019-12-23,129800.0,129800.0,129890.0,129890.0,Monday
2019-12-24,129800.0,129800.0,129890.0,129880.0,Tuesday
2019-12-25,129800.0,129700.0,129890.0,129700.0,Wednesday
2019-12-26,129770.0,129700.0,129790.0,129760.0,Thursday
2019-12-27,129770.0,129700.0,129790.0,129760.0,Friday
2019-12-28,129780.0,129700.0,129790.0,129740.0,Saturday
2019-12-29,129790.0,129500.0,129790.0,129580.0,Sunday
2019-12-30,129500.0,129500.0,129590.0,129500.0,Monday
2019-12-31,129550.0,129500.0,129590.0,129500.0,Tuesday
2020-01-01,129530.0,129500.0,129590.0,129590.0,Wednesday
2020-01-02,129500.0,129500.0,129590.0,129500.0,Thursday
2020-01-03,129500.0,129500.0,129590.0,129500.0,Friday
2020-01-04,129550.0,129500.0,133890.0,133300.0,Saturday
2020-01-05,133340.0,133300.0,133390.0,133300.0,Sunday
2020-01-06,133360.0,133300.0,133390.0,133340.0,Monday
2020-01-07,133300.0,133300.0,133890.0,133820.0,Tuesday
2020-01-08,133890.0,133800.0,133890.0,133850.0,Wednesday
2020-01-09,132000.0,132000.0,132090.0,132090.0,Thursday
2020-01-10,132000.0,132000.0,132090.0,132090.0,Friday
2020-01-11,132050.0,130500.0,132090.0,130530.0,Saturday
2020-01-12,130500.0,130500.0,130590.0,130500.0,Sunday
2020-01-13,130550.0,130200.0,130590.0,130200.0,Monday
2020-01-14,130240.0,130000.0,130290.0,130030.0,Tuesday
2020-01-15,130050.0,130000.0,131090.0,131070.0,Wednesday
2020-01-16,131050.0,131000.0,131090.0,131000.0,Thursday
2020-01-17,131050.0,131000.0,131090.0,131000.0,Friday
2020-01-18,131040.0,130500.0,131090.0,130500.0,Saturday
2020-01-19,130580.0,130000.0,130590.0,130000.0,Sunday
2020-01-20,130060.0,129500.0,130090.0,129540.0,Monday
2020-01-21,129520.0,129500.0,129590.0,129530.0,Tuesday
2020-01-22,129590.0,129500.0,129590.0,129500.0,Wednesday
2020-01-23,130000.0,129500.0,130090.0,130000.0,Thursday
2020-01-24,130000.0,129500.0,130090.0,130000.0,Friday
2020-01-25,130090.0,130000.0,133590.0,133500.0,Saturday
2020-01-26,133590.0,133500.0,134090.0,134000.0,Sunday
2020-01-27,134060.0,134000.0,134090.0,134070.0,Monday
2020-01-28,134000.0,134000.0,134090.0,134020.0,Tuesday
2020-01-29,134000.0,134000.0,134090.0,134020.0,Wednesday
2020-01-30,134530.0,134500.0,134590.0,134540.0,Thursday
2020-01-31,134530.0,134500.0,134590.0,134540.0,Friday
2020-02-01,134500.0,134500.0,135090.0,134780.0,Saturday
2020-02-02,134700.0,134000.0,134700.0,134030.0,Sunday
2020-02-03,133860.0,133800.0,133890.0,133890.0,Monday
2020-02-04,133830.0,133800.0,134390.0,134300.0,Tuesday
2020-02-05,134560.0,134500.0,134590.0,134500.0,Wednesday
2020-02-06,135070.0,135000.0,135090.0,135060.0,Thursday
2020-02-07,135070.0,135000.0,135090.0,135060.0,Friday
2020-02-08,135000.0,135000.0,135090.0,135080.0,Saturday
2020-02-09,135020.0,135000.0,135090.0,135030.0,Sunday
2020-02-10,135040.0,135000.0,137080.0,136040.0,Monday
2020-02-11,135040.0,135000.0,137080.0,136040.0,Tuesday
2020-02-12,136000.0,136000.0,137090.0,137020.0,Wednesday
2020-02-13,138500.0,138490.0,138580.0,138490.0,Thursday
2020-02-14,138500.0,138490.0,138580.0,138490.0,Friday
2020-02-15,138510.0,138490.0,138580.0,138490.0,Saturday
2020-02-16,138560.0,138490.0,139080.0,138990.0,Sunday
2020-02-17,139040.0,138990.0,139990.0,139540.0,Monday
2020-02-18,139490.0,139490.0,142080.0,141990.0,Tuesday
2020-02-19,142010.0,141990.0,142080.0,141990.0,Wednesday
2020-02-20,142040.0,141990.0,142080.0,142030.0,Thursday
2020-02-21,142040.0,141990.0,142080.0,142030.0,Friday
2020-02-22,141990.0,141990.0,145380.0,145290.0,Saturday
2020-02-23,145370.0,145290.0,147580.0,147550.0,Sunday
2020-02-24,147490.0,146990.0,147580.0,146990.0,Monday
2020-02-25,147060.0,146910.0,148010.0,148010.0,Tuesday
2020-02-26,147940.0,147910.0,156010.0,155910.0,Wednesday
2020-02-27,156990.0,156910.0,157010.0,157010.0,Thursday
2020-02-28,156990.0,156910.0,157010.0,157010.0,Friday
2020-02-29,156970.0,148910.0,157010.0,148980.0,Saturday
2020-03-01,150510.0,150410.0,151510.0,151510.0,Sunday
2020-03-02,155510.0,155410.0,155510.0,155430.0,Monday
2020-03-03,153730.0,153210.0,153810.0,153350.0,Tuesday
2020-03-04,153790.0,153750.0,153850.0,153790.0,Wednesday
2020-03-05,152500.0,149950.0,152550.0,149950.0,Thursday
2020-03-06,152500.0,149950.0,152550.0,149950.0,Friday
2020-03-07,149970.0,149950.0,150050.0,149960.0,Saturday
2020-03-08,149970.0,149950.0,150050.0,149960.0,Sunday
2020-03-09,152000.0,151950.0,152050.0,152030.0,Monday
2020-03-10,150950.0,150950.0,151050.0,151050.0,Tuesday
2020-03-11,148500.0,148450.0,148550.0,148550.0,Wednesday
2020-03-12,148460.0,148450.0,148550.0,148510.0,Thursday
2020-03-13,148460.0,148450.0,148550.0,148510.0,Friday
2020-03-14,148470.0,147000.0,148550.0,148050.0,Saturday
2020-03-15,147980.0,147950.0,148050.0,148030.0,Sunday
2020-03-16,147970.0,147950.0,156550.0,156550.0,Monday
2020-03-17,156520.0,156450.0,157550.0,157450.0,Tuesday
2020-03-18,157540.0,148950.0,157550.0,149030.0,Wednesday
2020-03-19,157540.0,148950.0,157550.0,149030.0,Thursday
2020-03-20,157540.0,148950.0,157550.0,149030.0,Friday
2020-03-21,157540.0,148950.0,157550.0,149030.0,Saturday
2020-03-22,157540.0,148950.0,157550.0,149030.0,Sunday
2020-03-23,157540.0,148950.0,157550.0,149030.0,Monday
2020-03-24,157540.0,148950.0,157550.0,149030.0,Tuesday
2020-03-25,157540.0,148950.0,157550.0,149030.0,Wednesday
2020-03-26,157540.0,148950.0,157550.0,149030.0,Thursday
2020-03-27,157540.0,148950.0,157550.0,149030.0,Friday
2020-03-28,157540.0,148950.0,157550.0,149030.0,Saturday
2020-03-29,157540.0,148950.0,157550.0,149030.0,Sunday
2020-03-30,157540.0,148950.0,157550.0,149030.0,Monday
2020-03-31,157540.0,148950.0,157550.0,149030.0,Tuesday
2020-04-01,157540.0,148950.0,157550.0,149030.0,Wednesday
2020-04-02,148980.0,148950.0,149050.0,148960.0,Thursday
2020-04-03,148980.0,148950.0,149050.0,148960.0,Friday
2020-04-04,149050.0,148950.0,159050.0,157950.0,Saturday
2020-04-05,157970.0,157950.0,158100.0,158030.0,Sunday
2020-04-06,158010.0,156990.0,158100.0,156990.0,Monday
2020-04-07,157100.0,156990.0,157100.0,156990.0,Tuesday
2020-04-08,157060.0,155990.0,157100.0,156090.0,Wednesday
2020-04-09,157060.0,155990.0,157100.0,156090.0,Thursday
2020-04-10,157060.0,155990.0,157100.0,156090.0,Friday
2020-04-11,156010.0,155990.0,156100.0,156040.0,Saturday
2020-04-12,155990.0,155990.0,156100.0,155990.0,Sunday
2020-04-13,156040.0,155990.0,156110.0,156000.0,Monday
2020-04-14,156030.0,156000.0,156110.0,156000.0,Tuesday
2020-04-15,156030.0,156000.0,156110.0,156080.0,Wednesday
2020-04-16,155000.0,155000.0,155110.0,155000.0,Thursday
2020-04-17,155000.0,155000.0,155110.0,155000.0,Friday
2020-04-18,155030.0,153500.0,155110.0,153500.0,Saturday
2020-04-19,153560.0,152500.0,153610.0,152590.0,Sunday
2020-04-20,152500.0,152500.0,152610.0,152560.0,Monday
2020-04-21,152580.0,152500.0,153610.0,153500.0,Tuesday
2020-04-22,153530.0,153500.0,155110.0,155000.0,Wednesday
2020-04-23,155040.0,155000.0,155110.0,155030.0,Thursday
2020-04-24,155040.0,155000.0,155110.0,155030.0,Friday
2020-04-25,155000.0,155000.0,155110.0,155000.0,Saturday
2020-04-26,155090.0,155000.0,156110.0,156100.0,Sunday
2020-04-27,156000.0,156000.0,156110.0,156000.0,Monday
2020-04-28,156060.0,155500.0,156110.0,155500.0,Tuesday
2020-04-29,155520.0,155500.0,155610.0,155500.0,Wednesday
2020-04-30,156100.0,156000.0,156110.0,156000.0,Thursday
2020-05-01,156100.0,156000.0,156110.0,156000.0,Friday
2020-05-02,156030.0,156000.0,156110.0,156050.0,Saturday
2020-05-03,156080.0,156000.0,156110.0,156000.0,Sunday
2020-05-04,156080.0,156000.0,156110.0,156070.0,Monday
2020-05-05,156100.0,156000.0,156110.0,156000.0,Tuesday
2020-05-06,156110.0,156000.0,157110.0,157110.0,Wednesday
2020-05-07,157000.0,157000.0,157110.0,157000.0,Thursday
2020-05-08,157000.0,157000.0,157110.0,157000.0,Friday
2020-05-09,157050.0,157000.0,158110.0,158040.0,Saturday
2020-05-10,158000.0,158000.0,162110.0,162100.0,Sunday
2020-05-11,162080.0,162000.0,165110.0,165000.0,Monday
2020-05-12,165060.0,165000.0,166110.0,166000.0,Tuesday
2020-05-13,166020.0,166000.0,168610.0,168610.0,Wednesday
2020-05-14,168550.0,168500.0,168610.0,168540.0,Thursday
2020-05-15,168550.0,168500.0,168610.0,168540.0,Friday
2020-05-16,168500.0,168000.0,168610.0,168000.0,Saturday
2020-05-17,168050.0,168000.0,170310.0,170310.0,Sunday
2020-05-18,170200.0,170200.0,172110.0,172000.0,Monday
2020-05-19,172040.0,171500.0,172110.0,171500.0,Tuesday
2020-05-20,171550.0,171500.0,173110.0,173100.0,Wednesday
2020-05-21,173000.0,173000.0,173110.0,173050.0,Thursday
2020-05-22,173000.0,173000.0,173110.0,173050.0,Friday
2020-05-23,173020.0,173000.0,173110.0,173000.0,Saturday
2020-05-24,173020.0,173000.0,173110.0,173000.0,Sunday
2020-05-25,173020.0,173000.0,173110.0,173000.0,Monday
2020-05-26,173040.0,173000.0,173110.0,173000.0,Tuesday
2020-05-27,173100.0,171500.0,173110.0,171580.0,Wednesday
2020-05-28,170580.0,170500.0,170610.0,170610.0,Thursday
2020-05-29,170580.0,170500.0,170610.0,170610.0,Friday
2020-05-30,170500.0,170500.0,171110.0,171040.0,Saturday
2020-05-31,171000.0,171000.0,171110.0,171000.0,Sunday
2020-06-01,171080.0,170700.0,171110.0,170770.0,Monday
2020-06-02,170700.0,170700.0,170810.0,170700.0,Tuesday
2020-06-03,170700.0,170700.0,170810.0,170700.0,Wednesday
2020-06-04,170700.0,170700.0,170810.0,170700.0,Thursday
2020-06-05,170700.0,170700.0,170810.0,170700.0,Friday
2020-06-06,170800.0,169800.0,170810.0,169830.0,Saturday
2020-06-07,169800.0,169300.0,169800.0,169340.0,Sunday
2020-06-08,169300.0,169300.0,169410.0,169390.0,Monday
2020-06-09,169360.0,169300.0,169410.0,169300.0,Tuesday
2020-06-10,169350.0,169300.0,172610.0,172500.0,Wednesday
2020-06-11,177500.0,177500.0,177610.0,177500.0,Thursday
2020-06-12,177500.0,177500.0,177610.0,177500.0,Friday
2020-06-13,177550.0,177500.0,177610.0,177560.0,Saturday
2020-06-14,177600.0,177500.0,177610.0,177600.0,Sunday
2020-06-15,177530.0,177500.0,178910.0,178800.0,Monday
2020-06-16,178850.0,178800.0,182110.0,182100.0,Tuesday
2020-06-17,178850.0,178800.0,182110.0,182100.0,Wednesday
2020-06-18,183500.0,183410.0,183610.0,183500.0,Thursday
2020-06-19,183500.0,183410.0,183610.0,183500.0,Friday
2020-06-20,183490.0,183410.0,186020.0,186020.0,Saturday
2020-06-21,185950.0,185910.0,188020.0,188020.0,Sunday
2020-06-22,187910.0,187910.0,188020.0,188020.0,Monday
2020-06-23,187930.0,187910.0,195970.0,195970.0,Tuesday
2020-06-24,195890.0,192910.0,195970.0,193020.0,Wednesday
2020-06-25,191510.0,188410.0,191620.0,188430.0,Thursday
2020-06-26,191510.0,188410.0,191620.0,188430.0,Friday
2020-06-27,188520.0,188410.0,188520.0,188410.0,Saturday
2020-06-28,188520.0,188410.0,190520.0,190430.0,Sunday
2020-06-29,190520.0,190410.0,190520.0,190520.0,Monday
2020-06-30,190440.0,189810.0,190520.0,189920.0,Tuesday
2020-07-01,189850.0,189410.0,189920.0,189440.0,Wednesday
2020-07-02,189520.0,189410.0,189520.0,189520.0,Thursday
2020-07-03,189520.0,189410.0,189520.0,189520.0,Friday
2020-07-04,189470.0,189410.0,209020.0,208910.0,Saturday
2020-07-05,209020.0,208910.0,216520.0,216470.0,Sunday
2020-07-06,216460.0,216410.0,218520.0,218520.0,Monday
2020-07-07,218450.0,216410.0,218520.0,217520.0,Tuesday
2020-07-08,217460.0,217410.0,222020.0,222020.0,Wednesday
2020-07-09,221940.0,221910.0,222020.0,222020.0,Thursday
2020-07-10,221940.0,221910.0,222020.0,222020.0,Friday
2020-07-11,221930.0,220410.0,222520.0,222410.0,Saturday
2020-07-12,222520.0,222410.0,225520.0,225520.0,Sunday
2020-07-13,225460.0,225410.0,227520.0,227420.0,Monday
2020-07-14,227430.0,227410.0,227520.0,227460.0,Tuesday
2020-07-15,227480.0,227410.0,229520.0,229410.0,Wednesday
2020-07-16,229520.0,229410.0,231020.0,231020.0,Thursday
2020-07-17,229520.0,229410.0,231020.0,231020.0,Friday
2020-07-18,230930.0,230910.0,231020.0,230970.0,Saturday
2020-07-19,230980.0,230910.0,231020.0,230950.0,Sunday
2020-07-20,231020.0,225910.0,231020.0,226020.0,Monday
2020-07-21,225920.0,204410.0,226020.0,204520.0,Tuesday
2020-07-22,204430.0,203410.0,204520.0,203430.0,Wednesday
2020-07-23,203000.0,202910.0,203020.0,202910.0,Thursday
2020-07-24,203000.0,202910.0,203020.0,202910.0,Friday
2020-07-25,203020.0,202910.0,203020.0,203020.0,Saturday
2020-07-26,202940.0,202910.0,203020.0,202950.0,Sunday
2020-07-27,202980.0,202910.0,205020.0,204910.0,Monday
2020-07-28,205020.0,204910.0,205020.0,204920.0,Tuesday
2020-07-29,204930.0,204910.0,205020.0,204990.0,Wednesday
2020-07-30,207990.0,207910.0,208020.0,208020.0,Thursday
2020-07-31,207990.0,207910.0,208020.0,208020.0,Friday
2020-08-01,207940.0,207910.0,213020.0,213020.0,Saturday
2020-08-02,212940.0,212910.0,217020.0,217020.0,Sunday
2020-08-03,217000.0,216910.0,219020.0,218990.0,Monday
2020-08-04,219020.0,218910.0,223020.0,222960.0,Tuesday
2020-08-05,223020.0,222910.0,227020.0,227020.0,Wednesday
2020-08-06,229970.0,229910.0,230020.0,230020.0,Thursday
2020-08-07,229970.0,229910.0,230020.0,230020.0,Friday
2020-08-08,229970.0,229910.0,230020.0,230020.0,Saturday
2020-08-09,229980.0,217910.0,230020.0,218020.0,Sunday
2020-08-10,217960.0,207910.0,218020.0,209910.0,Monday
2020-08-11,209930.0,209910.0,216820.0,216820.0,Tuesday
2020-08-12,216800.0,216710.0,218020.0,218020.0,Wednesday
2020-08-13,219520.0,219410.0,220520.0,220500.0,Thursday
2020-08-14,219520.0,219410.0,220520.0,220500.0,Friday
2020-08-15,220520.0,220410.0,220520.0,220520.0,Saturday
2020-08-16,218970.0,218910.0,219020.0,219020.0,Sunday
2020-08-17,218970.0,218910.0,224520.0,224490.0,Monday
2020-08-18,224420.0,224410.0,225520.0,225020.0,Tuesday
2020-08-19,224960.0,223910.0,225020.0,223930.0,Wednesday
2020-08-20,223950.0,223910.0,225020.0,225020.0,Thursday
2020-08-21,223950.0,223910.0,225020.0,225020.0,Friday
2020-08-22,224970.0,224910.0,225020.0,225020.0,Saturday
2020-08-23,224940.0,224910.0,225020.0,224970.0,Sunday
2020-08-24,225020.0,224710.0,225020.0,224820.0,Monday
2020-08-25,224790.0,224710.0,224820.0,224790.0,Tuesday
2020-08-26,224710.0,224710.0,230020.0,229960.0,Wednesday
2020-08-27,231020.0,230910.0,231020.0,231020.0,Thursday
2020-08-28,231020.0,230910.0,231020.0,231020.0,Friday
2020-08-29,231020.0,230910.0,231020.0,231020.0,Saturday
2020-08-30,230980.0,230910.0,231020.0,230930.0,Sunday
2020-08-31,231020.0,230410.0,231520.0,231520.0,Monday
2020-09-01,231430.0,228910.0,234020.0,229000.0,Tuesday
2020-09-02,229020.0,226910.0,229020.0,226960.0,Wednesday
2020-09-03,225020.0,224410.0,225020.0,224520.0,Thursday
2020-09-04,225020.0,224410.0,225020.0,224520.0,Friday
2020-09-05,224450.0,224410.0,224520.0,224520.0,Saturday
2020-09-06,224450.0,224410.0,226020.0,226020.0,Sunday
2020-09-07,225950.0,225910.0,226020.0,225970.0,Monday
2020-09-08,225920.0,225910.0,227520.0,227520.0,Tuesday
2020-09-09,227460.0,227410.0,227520.0,227490.0,Wednesday
2020-09-10,227910.0,227910.0,228020.0,228000.0,Thursday
2020-09-11,227910.0,227910.0,228020.0,228000.0,Friday
2020-09-12,228020.0,227910.0,231620.0,231570.0,Saturday
2020-09-13,231620.0,231510.0,234420.0,234390.0,Sunday
2020-09-14,234370.0,234310.0,235920.0,235920.0,Monday
2020-09-15,235850.0,235810.0,266060.0,266020.0,Tuesday
2020-09-16,265980.0,265950.0,266060.0,265980.0,Wednesday
2020-09-17,266020.0,265950.0,268560.0,267970.0,Thursday
2020-09-18,266020.0,265950.0,268560.0,267970.0,Friday
2020-09-19,267990.0,264450.0,268060.0,264480.0,Saturday
2020-09-20,264500.0,264450.0,273060.0,272980.0,Sunday
2020-09-21,273060.0,268450.0,273060.0,269450.0,Monday
2020-09-22,269480.0,269450.0,272060.0,272030.0,Tuesday
2020-09-23,271990.0,271950.0,278060.0,277980.0,Wednesday
2020-09-24,278000.0,277950.0,278060.0,277970.0,Thursday
2020-09-25,278000.0,277950.0,278060.0,277970.0,Friday
2020-09-26,278030.0,277950.0,287560.0,285060.0,Saturday
2020-09-27,285020.0,284950.0,287060.0,287000.0,Sunday
2020-09-28,287060.0,286950.0,289560.0,289470.0,Monday
2020-09-29,289450.0,284950.0,289560.0,285020.0,Tuesday
2020-09-30,285040.0,284950.0,287560.0,287520.0,Wednesday
2020-10-01,287990.0,287990.0,289060.0,289040.0,Thursday
2020-10-02,287990.0,287990.0,289060.0,289040.0,Friday
2020-10-03,289030.0,284450.0,289060.0,284490.0,Saturday
2020-10-04,284550.0,269950.0,284560.0,269950.0,Sunday
2020-10-05,269960.0,269450.0,282060.0,281990.0,Monday
2020-10-06,281970.0,281950.0,292060.0,292000.0,Tuesday
2020-10-07,291990.0,291950.0,292060.0,292020.0,Wednesday
2020-10-08,291990.0,291950.0,292060.0,292020.0,Thursday
2020-10-09,291990.0,291950.0,292060.0,292020.0,Friday
2020-10-10,291970.0,291950.0,299560.0,299560.0,Saturday
2020-10-11,299480.0,299450.0,311560.0,311450.0,Sunday
2020-10-12,311520.0,301950.0,311560.0,303960.0,Monday
2020-10-13,304040.0,303950.0,315060.0,313020.0,Tuesday
2020-10-14,312990.0,312950.0,315860.0,315000.0,Wednesday
2020-10-15,317000.0,316950.0,317060.0,317040.0,Thursday
2020-10-16,317000.0,316950.0,317060.0,317040.0,Friday
2020-10-17,317000.0,316950.0,317060.0,317040.0,Saturday
2020-10-18,317030.0,316950.0,320060.0,318560.0,Sunday
2020-10-19,318450.0,308950.0,318560.0,309030.0,Monday
2020-10-20,308990.0,275450.0,309060.0,275460.0,Tuesday
2020-10-21,275470.0,274450.0,290860.0,288020.0,Wednesday
2020-10-22,292780.0,292750.0,294860.0,293750.0,Thursday
2020-10-23,292780.0,292750.0,294860.0,293750.0,Friday
2020-10-24,293820.0,289950.0,293860.0,290000.0,Saturday
2020-10-25,293820.0,289950.0,293860.0,290000.0,Sunday
2020-10-26,289960.0,279750.0,289990.0,279860.0,Monday
2020-10-27,279770.0,279750.0,285360.0,282250.0,Tuesday
2020-10-28,282300.0,278450.0,282360.0,278470.0,Wednesday
2020-10-29,277460.0,277450.0,277560.0,277500.0,Thursday
2020-10-30,277460.0,277450.0,277560.0,277500.0,Friday
2020-10-31,277260.0,268650.0,277260.0,268720.0,Saturday
2020-11-01,268670.0,266950.0,272060.0,272060.0,Sunday
2020-11-02,272020.0,271950.0,282460.0,282420.0,Monday
2020-11-03,272020.0,271950.0,282460.0,282420.0,Tuesday
2020-11-04,282370.0,282350.0,289360.0,289270.0,Wednesday
2020-11-05,268460.0,263450.0,268560.0,263550.0,Thursday
2020-11-06,268460.0,263450.0,268560.0,263550.0,Friday
2020-11-07,263450.0,244950.0,263450.0,244990.0,Saturday
2020-11-08,228900.0,228850.0,235060.0,234990.0,Sunday
2020-11-09,234950.0,234950.0,248060.0,247990.0,Monday
2020-11-10,248030.0,247950.0,271060.0,270990.0,Tuesday
2020-11-11,271040.0,269950.0,271060.0,269990.0,Wednesday
2020-11-12,269530.0,268450.0,269560.0,268520.0,Thursday
2020-11-13,269530.0,268450.0,269560.0,268520.0,Friday
2020-11-14,268550.0,267450.0,269560.0,267530.0,Saturday
2020-11-15,267480.0,259950.0,267560.0,260030.0,Sunday
2020-11-16,260020.0,258950.0,260060.0,258980.0,Monday
2020-11-17,258960.0,258950.0,262060.0,258970.0,Tuesday
2020-11-18,259020.0,256150.0,259020.0,256220.0,Wednesday
2020-11-19,256170.0,256150.0,256260.0,256200.0,Thursday
2020-11-20,256170.0,256150.0,256260.0,256200.0,Friday
2020-11-21,256250.0,256150.0,260560.0,259550.0,Saturday
2020-11-22,258470.0,254450.0,258560.0,254530.0,Sunday
2020-11-23,256030.0,255450.0,256060.0,255450.0,Monday
2020-11-24,255470.0,250450.0,255560.0,250460.0,Tuesday
2020-11-25,250490.0,249500.0,250570.0,249500.0,Wednesday
2020-11-26,248500.0,247460.0,248570.0,247570.0,Thursday
2020-11-27,248500.0,247460.0,248570.0,247570.0,Friday
2020-11-28,247560.0,247460.0,247570.0,247530.0,Saturday
2020-11-29,247560.0,243950.0,247570.0,245510.0,Sunday
2020-11-30,245490.0,245460.0,253050.0,250030.0,Monday
2020-12-01,250070.0,245160.0,256270.0,256160.0,Tuesday
2020-12-02,256190.0,256160.0,256270.0,256230.0,Wednesday
2020-12-03,254730.0,254640.0,254770.0,254680.0,Thursday
2020-12-04,254730.0,254640.0,254770.0,254680.0,Friday
2020-12-05,254710.0,254670.0,257050.0,257020.0,Saturday
2020-12-06,256950.0,255940.0,257050.0,255950.0,Sunday
2020-12-07,256010.0,255940.0,256050.0,255950.0,Monday
2020-12-08,255980.0,255940.0,256050.0,255940.0,Tuesday
2020-12-09,255970.0,255940.0,259850.0,259770.0,Wednesday
2020-12-10,261250.0,260640.0,261250.0,260650.0,Thursday
2020-12-11,261250.0,260640.0,261250.0,260650.0,Friday
2020-12-12,260750.0,259940.0,260750.0,260050.0,Saturday
2020-12-13,259960.0,257940.0,260050.0,258040.0,Sunday
2020-12-14,257980.0,256940.0,258050.0,256950.0,Monday
2020-12-15,256960.0,256440.0,258550.0,258540.0,Tuesday
2020-12-16,258480.0,257940.0,259550.0,258030.0,Wednesday
2020-12-17,258040.0,257940.0,258050.0,258020.0,Thursday
2020-12-18,258040.0,257940.0,258050.0,258020.0,Friday
2020-12-19,257440.0,254940.0,257550.0,254990.0,Saturday
2020-12-20,255050.0,253940.0,255050.0,253960.0,Sunday
2020-12-21,253940.0,252940.0,254550.0,254470.0,Monday
2020-12-22,254460.0,254440.0,255250.0,255160.0,Tuesday
2020-12-23,255250.0,255140.0,257850.0,257850.0,Wednesday
2020-12-24,257810.0,257740.0,262050.0,258620.0,Thursday
2020-12-25,257810.0,257740.0,262050.0,258620.0,Friday
2020-12-26,258570.0,257040.0,258650.0,257110.0,Saturday
2020-12-27,257120.0,256840.0,257450.0,257430.0,Sunday
2020-12-28,257350.0,257340.0,257450.0,257360.0,Monday
2020-12-29,257440.0,256940.0,257450.0,256960.0,Tuesday
2020-12-30,256980.0,256940.0,257050.0,257040.0,Wednesday
2020-12-31,257020.0,256940.0,257050.0,257010.0,Thursday
2021-01-01,257020.0,256940.0,257050.0,257010.0,Friday
2021-01-02,256990.0,256140.0,257050.0,256190.0,Saturday
2021-01-03,256160.0,255640.0,256250.0,255670.0,Sunday
2021-01-04,255650.0,255640.0,257750.0,257640.0,Monday
2021-01-05,257740.0,257640.0,259050.0,259020.0,Tuesday
2021-01-06,259030.0,258440.0,259050.0,258540.0,Wednesday
2021-01-07,257530.0,255440.0,257550.0,255510.0,Thursday
2021-01-08,257530.0,255440.0,257550.0,255510.0,Friday
2021-01-09,255550.0,248640.0,255550.0,248660.0,Saturday
2021-01-10,248690.0,245840.0,248690.0,248520.0,Sunday
2021-01-11,248450.0,248440.0,249550.0,248490.0,Monday
2021-01-12,248540.0,248440.0,248550.0,248440.0,Tuesday
2021-01-13,248520.0,244940.0,248550.0,244980.0,Wednesday
2021-01-14,242870.0,239440.0,242950.0,239530.0,Thursday
2021-01-15,242870.0,239440.0,242950.0,239530.0,Friday
2021-01-16,239540.0,229440.0,239540.0,229470.0,Saturday
2021-01-17,239540.0,229440.0,239540.0,229470.0,Sunday
2021-01-18,229550.0,217900.0,229550.0,218010.0,Monday
2021-01-19,215900.0,203860.0,217950.0,217950.0,Tuesday
2021-01-20,217940.0,217840.0,227550.0,227520.0,Wednesday
2021-01-21,226510.0,226440.0,226550.0,226550.0,Thursday
2021-01-22,226510.0,226440.0,226550.0,226550.0,Friday
2021-01-23,226530.0,224240.0,226530.0,224320.0,Saturday
2021-01-24,224340.0,224240.0,224350.0,224340.0,Sunday
2021-01-25,224250.0,224240.0,229750.0,229660.0,Monday
2021-01-26,229720.0,229140.0,229750.0,229180.0,Tuesday
2021-01-27,229150.0,229140.0,234150.0,234130.0,Wednesday
2021-01-28,234070.0,232040.0,234150.0,232110.0,Thursday
2021-01-29,234070.0,232040.0,234150.0,232110.0,Friday
2021-01-30,232050.0,232040.0,237250.0,237170.0,Saturday
2021-01-31,237180.0,237140.0,239250.0,239210.0,Sunday
2021-02-01,239170.0,238640.0,239170.0,238720.0,Monday
2021-02-02,238650.0,238640.0,238750.0,238710.0,Tuesday
2021-02-03,238680.0,237640.0,238750.0,237660.0,Wednesday
2021-02-04,237500.0,237440.0,237550.0,237470.0,Thursday
2021-02-05,237500.0,237440.0,237550.0,237470.0,Friday
2021-02-06,237520.0,237440.0,237550.0,237550.0,Saturday
2021-02-07,237490.0,236940.0,237550.0,236960.0,Sunday
2021-02-08,237050.0,236940.0,237050.0,236940.0,Monday
2021-02-09,238970.0,238940.0,241050.0,241030.0,Tuesday
2021-02-10,238970.0,238940.0,241050.0,241030.0,Wednesday
2021-02-11,245960.0,245940.0,247050.0,246960.0,Thursday
2021-02-12,245960.0,245940.0,247050.0,246960.0,Friday
2021-02-13,247040.0,246940.0,249850.0,249810.0,Saturday
2021-02-14,249830.0,249740.0,249850.0,249770.0,Sunday
2021-02-15,249780.0,249740.0,249850.0,249740.0,Monday
2021-02-16,249820.0,249740.0,249850.0,249740.0,Tuesday
2021-02-17,249780.0,249740.0,251850.0,251750.0,Wednesday
2021-02-18,251710.0,251640.0,253620.0,251710.0,Thursday
2021-02-19,251710.0,251640.0,253620.0,251710.0,Friday
2021-02-20,251750.0,249920.0,252250.0,249990.0,Saturday
2021-02-21,249970.0,242400.0,250030.0,242530.0,Sunday
2021-02-22,242510.0,241790.0,243750.0,241880.0,Monday
2021-02-23,241810.0,241790.0,246520.0,246420.0,Tuesday
2021-02-24,246510.0,246410.0,252520.0,248210.0,Wednesday
2021-02-25,246510.0,246410.0,252520.0,248210.0,Thursday
2021-02-26,246510.0,246410.0,252520.0,248210.0,Friday
2021-02-27,248150.0,248110.0,253720.0,252400.0,Saturday
2021-02-28,252430.0,246960.0,252440.0,247050.0,Sunday
2021-03-01,247030.0,246960.0,249500.0,247480.0,Monday
2021-03-02,247580.0,244280.0,247590.0,244370.0,Tuesday
2021-03-03,244330.0,244330.0,247910.0,246680.0,Wednesday
2021-03-04,246700.0,246530.0,246790.0,246610.0,Thursday
2021-03-05,246700.0,246530.0,246790.0,246610.0,Friday
2021-03-06,246580.0,242700.0,246770.0,242710.0,Saturday
2021-03-07,242800.0,239850.0,242810.0,239900.0,Sunday
2021-03-08,239960.0,239850.0,244610.0,243210.0,Monday
2021-03-09,243240.0,241050.0,244280.0,242070.0,Tuesday
2021-03-10,242100.0,241240.0,242710.0,242420.0,Wednesday
2021-03-11,242100.0,241240.0,242710.0,242420.0,Thursday
2021-03-12,242100.0,241240.0,242710.0,242420.0,Friday
2021-03-13,242400.0,241770.0,243850.0,241770.0,Saturday
2021-03-14,241810.0,239100.0,241880.0,239170.0,Sunday
2021-03-15,239200.0,239100.0,239210.0,239170.0,Monday
2021-03-16,239200.0,239100.0,241380.0,240890.0,Tuesday
2021-03-17,240920.0,240320.0,240950.0,240400.0,Wednesday
2021-03-18,240410.0,239550.0,240430.0,239630.0,Thursday
2021-03-19,240410.0,239550.0,240430.0,239630.0,Friday
2021-03-20,240410.0,239550.0,240430.0,239630.0,Saturday
2021-03-21,240410.0,239550.0,240430.0,239630.0,Sunday
2021-03-22,240410.0,239550.0,240430.0,239630.0,Monday
2021-03-23,240410.0,239550.0,240430.0,239630.0,Tuesday
2021-03-24,240410.0,239550.0,240430.0,239630.0,Wednesday
2021-03-25,240410.0,239550.0,240430.0,239630.0,Thursday
2021-03-26,240410.0,239550.0,240430.0,239630.0,Friday
2021-03-27,239640.0,239550.0,247580.0,247560.0,Saturday
2021-03-28,247510.0,247470.0,252350.0,252330.0,Sunday
2021-03-29,247510.0,247470.0,252350.0,252330.0,Monday
2021-03-30,252340.0,252240.0,257120.0,252540.0,Tuesday
2021-03-31,252550.0,251990.0,252550.0,252040.0,Wednesday
2021-04-01,252040.0,251990.0,252100.0,252100.0,Thursday
2021-04-02,252040.0,251990.0,252100.0,252100.0,Friday
2021-04-03,252010.0,244600.0,252100.0,244650.0,Saturday
2021-04-04,244700.0,242630.0,244710.0,242720.0,Sunday
2021-04-05,242660.0,242630.0,245310.0,244050.0,Monday
2021-04-06,244100.0,244010.0,247170.0,247110.0,Tuesday
2021-04-07,247150.0,244620.0,247170.0,244620.0,Wednesday
2021-04-08,244730.0,244620.0,244730.0,244660.0,Thursday
2021-04-09,244730.0,244620.0,244730.0,244660.0,Friday
2021-04-10,242890.0,241860.0,243570.0,241880.0,Saturday
2021-04-11,241950.0,241860.0,243930.0,242850.0,Sunday
2021-04-12,242920.0,242520.0,243740.0,242960.0,Monday
2021-04-13,243020.0,240790.0,243060.0,240900.0,Tuesday
2021-04-14,240800.0,240790.0,242390.0,242350.0,Wednesday
2021-04-15,240920.0,239860.0,241010.0,239870.0,Thursday
2021-04-16,240920.0,239860.0,241010.0,239870.0,Friday
2021-04-17,239930.0,239860.0,240000.0,239930.0,Saturday
2021-04-18,239900.0,238750.0,240000.0,238820.0,Sunday
2021-04-19,238830.0,238170.0,238860.0,238170.0,Monday
2021-04-20,238190.0,233640.0,238280.0,233740.0,Tuesday
2021-04-21,233650.0,233640.0,233750.0,233690.0,Wednesday
2021-04-22,233750.0,233280.0,233750.0,233300.0,Thursday
2021-04-23,233750.0,233280.0,233750.0,233300.0,Friday
2021-04-24,233350.0,233280.0,233390.0,233370.0,Saturday
2021-04-25,233280.0,233280.0,233390.0,233390.0,Sunday
2021-04-26,233380.0,232750.0,233390.0,232760.0,Monday
2021-04-27,232770.0,232540.0,234090.0,232610.0,Tuesday
2021-04-28,232640.0,232310.0,232650.0,232330.0,Wednesday
2021-04-29,232410.0,232310.0,232420.0,232310.0,Thursday
2021-04-30,232410.0,232310.0,232420.0,232310.0,Friday
2021-05-01,232340.0,229020.0,232420.0,229100.0,Saturday
2021-05-02,229110.0,218380.0,229130.0,218380.0,Sunday
2021-05-03,218430.0,217260.0,218490.0,217310.0,Monday
2021-05-04,218430.0,217260.0,218490.0,217310.0,Tuesday
2021-05-05,214080.0,206210.0,214080.0,209450.0,Wednesday
2021-05-06,206440.0,206370.0,206480.0,206480.0,Thursday
2021-05-07,206440.0,206370.0,206480.0,206480.0,Friday
2021-05-08,206390.0,206370.0,206480.0,206370.0,Saturday
2021-05-09,206450.0,206370.0,207300.0,207260.0,Sunday
2021-05-10,207240.0,207190.0,217040.0,216130.0,Monday
2021-05-11,216080.0,216080.0,223410.0,221850.0,Tuesday
2021-05-12,221860.0,219750.0,221950.0,219750.0,Wednesday
2021-05-13,219790.0,216130.0,219860.0,216130.0,Thursday
2021-05-14,219790.0,216130.0,219860.0,216130.0,Friday
2021-05-15,220760.0,220410.0,221880.0,220500.0,Saturday
2021-05-16,220520.0,220410.0,224160.0,224140.0,Sunday
2021-05-17,224160.0,222140.0,225270.0,222190.0,Monday
2021-05-18,222240.0,222140.0,225380.0,225340.0,Tuesday
2021-05-19,225270.0,221720.0,225380.0,221790.0,Wednesday
2021-05-20,223990.0,222930.0,224020.0,223000.0,Thursday
2021-05-21,223990.0,222930.0,224020.0,223000.0,Friday
2021-05-22,222980.0,222930.0,223550.0,223490.0,Saturday
2021-05-23,223440.0,223390.0,223990.0,223510.0,Sunday
2021-05-24,223590.0,223490.0,225110.0,224110.0,Monday
2021-05-25,224120.0,223150.0,224430.0,224100.0,Tuesday
2021-05-26,224190.0,224100.0,225270.0,225160.0,Wednesday
2021-05-27,225260.0,225170.0,231470.0,231470.0,Thursday
2021-05-28,225260.0,225170.0,231470.0,231470.0,Friday
2021-05-29,226560.0,226460.0,234660.0,234660.0,Saturday
2021-05-30,234640.0,234550.0,238660.0,238570.0,Sunday
2021-05-31,238590.0,232950.0,238660.0,234060.0,Monday
2021-06-01,234000.0,233970.0,238660.0,234160.0,Tuesday
2021-06-02,234060.0,228150.0,234360.0,234240.0,Wednesday
2021-06-03,234330.0,233900.0,234350.0,234330.0,Thursday
2021-06-04,234330.0,233900.0,234350.0,234330.0,Friday
2021-06-05,234330.0,233900.0,234350.0,234330.0,Saturday
2021-06-06,234330.0,233900.0,234350.0,234330.0,Sunday
2021-06-07,234340.0,234240.0,235960.0,235950.0,Monday
2021-06-08,235890.0,234820.0,235960.0,235490.0,Tuesday
2021-06-09,235480.0,235440.0,241550.0,241440.0,Wednesday
2021-06-10,240010.0,239140.0,240450.0,239230.0,Thursday
2021-06-11,240010.0,239140.0,240450.0,239230.0,Friday
2021-06-12,236830.0,236140.0,238350.0,237750.0,Saturday
2021-06-13,238970.0,238940.0,241250.0,241030.0,Sunday
2021-06-14,240970.0,238550.0,241050.0,239720.0,Monday
2021-06-15,239970.0,239950.0,240050.0,240490.0,Tuesday
2021-06-16,240470.0,239450.0,242250.0,241750.0,Wednesday
2021-06-17,242010.0,241950.0,244640.0,244290.0,Thursday
2021-06-18,242010.0,241950.0,244640.0,244290.0,Friday
2021-06-19,244490.0,234690.0,244640.0,234890.0,Saturday
2021-06-20,234810.0,234690.0,240440.0,239600.0,Sunday
2021-06-21,239940.0,239190.0,241440.0,240990.0,Monday
2021-06-22,241190.0,241190.0,243140.0,242670.0,Tuesday
2021-06-23,243310.0,240790.0,243340.0,241790.0,Wednesday
2021-06-24,241690.0,241190.0,242440.0,241890.0,Thursday
2021-06-25,241690.0,241190.0,242440.0,241890.0,Friday
2021-06-26,244500.0,242290.0,245940.0,244540.0,Saturday
2021-06-27,243490.0,243490.0,246940.0,246770.0,Sunday
2021-06-28,246360.0,246290.0,248640.0,247120.0,Monday
2021-06-29,249000.0,248890.0,252040.0,249650.0,Tuesday
2021-06-30,250020.0,249990.0,254130.0,254000.0,Wednesday
2021-07-01,253290.0,250690.0,253440.0,251510.0,Thursday
2021-07-02,253290.0,250690.0,253440.0,251510.0,Friday
2021-07-03,251600.0,251390.0,253840.0,252360.0,Saturday
2021-07-04,254490.0,251090.0,254640.0,251510.0,Sunday
2021-07-05,251220.0,249490.0,251340.0,249720.0,Monday
2021-07-06,250990.0,250590.0,251640.0,251090.0,Tuesday
2021-07-07,250490.0,250010.0,251340.0,250860.0,Wednesday
2021-07-08,251070.0,249490.0,251140.0,250190.0,Thursday
2021-07-09,251070.0,249490.0,251140.0,250190.0,Friday
2021-07-10,250340.0,248190.0,250340.0,249490.0,Saturday
2021-07-11,249210.0,248790.0,250140.0,249990.0,Sunday
2021-07-12,250040.0,249290.0,250140.0,249690.0,Monday
2021-07-13,249740.0,247090.0,249740.0,247590.0,Tuesday
2021-07-14,247610.0,244990.0,247640.0,246040.0,Wednesday
2021-07-15,246190.0,246190.0,247940.0,246990.0,Thursday
2021-07-16,246190.0,246190.0,247940.0,246990.0,Friday
2021-07-17,247610.0,247190.0,248340.0,247290.0,Saturday
2021-07-18,246890.0,245190.0,247640.0,245290.0,Sunday
2021-07-19,245600.0,244090.0,245640.0,244640.0,Monday
2021-07-20,244820.0,244790.0,245440.0,245190.0,Tuesday
2021-07-21,244820.0,244790.0,245440.0,245190.0,Wednesday
2021-07-22,246240.0,246190.0,246340.0,246280.0,Thursday
2021-07-23,246240.0,246190.0,246340.0,246280.0,Friday
2021-07-24,246190.0,246190.0,247340.0,247090.0,Saturday
2021-07-25,247490.0,247490.0,249630.0,247790.0,Sunday
2021-07-26,248130.0,247890.0,251040.0,250490.0,Monday
2021-07-27,250780.0,250690.0,252340.0,251660.0,Tuesday
2021-07-28,251800.0,251690.0,256240.0,255990.0,Wednesday
2021-07-29,251800.0,251690.0,256240.0,255990.0,Thursday
2021-07-30,251800.0,251690.0,256240.0,255990.0,Friday
2021-07-31,260270.0,256990.0,260640.0,257290.0,Saturday
2021-08-01,257190.0,254290.0,257640.0,254890.0,Sunday
2021-08-02,255690.0,254590.0,256640.0,255190.0,Monday
2021-08-03,255790.0,255690.0,258140.0,257290.0,Tuesday
2021-08-04,257250.0,254690.0,257340.0,256190.0,Wednesday
2021-08-05,256490.0,255790.0,256740.0,256190.0,Thursday
2021-08-06,256490.0,255790.0,256740.0,256190.0,Friday
2021-08-07,254190.0,253990.0,257140.0,256380.0,Saturday
2021-08-08,256290.0,252390.0,257440.0,256890.0,Sunday
2021-08-09,256340.0,256190.0,259940.0,259090.0,Monday
2021-08-10,258990.0,258990.0,263940.0,263340.0,Tuesday
2021-08-11,264690.0,263790.0,267640.0,266090.0,Wednesday
2021-08-12,265890.0,262890.0,266840.0,264290.0,Thursday
2021-08-13,265890.0,262890.0,266840.0,264290.0,Friday
2021-08-14,263110.0,262590.0,267240.0,263190.0,Saturday
2021-08-15,263490.0,263490.0,269540.0,268990.0,Sunday
2021-08-16,269110.0,268990.0,269140.0,269070.0,Monday
2021-08-17,269080.0,268990.0,269140.0,268990.0,Tuesday
2021-08-18,269080.0,268990.0,269140.0,268990.0,Wednesday
2021-08-19,269080.0,268990.0,269140.0,268990.0,Thursday
2021-08-20,269080.0,268990.0,269140.0,268990.0,Friday
2021-08-21,269030.0,268990.0,272500.0,272500.0,Saturday
2021-08-22,274500.0,273490.0,275440.0,274490.0,Sunday
2021-08-23,274390.0,273690.0,276940.0,276590.0,Monday
2021-08-24,277190.0,275690.0,278940.0,276530.0,Tuesday
2021-08-25,277530.0,276790.0,280940.0,278490.0,Wednesday
2021-08-26,279490.0,277890.0,280240.0,278990.0,Thursday
2021-08-27,279490.0,277890.0,280240.0,278990.0,Friday
2021-08-28,282460.0,281190.0,283740.0,282010.0,Saturday
2021-08-29,281890.0,275490.0,282040.0,276080.0,Sunday
2021-08-30,273850.0,269350.0,274010.0,270640.0,Monday
2021-08-31,273870.0,272250.0,274310.0,274220.0,Tuesday
2021-09-01,273310.0,270050.0,273410.0,270350.0,Wednesday
2021-09-02,270860.0,270850.0,272910.0,272910.0,Thursday
2021-09-03,270860.0,270850.0,272910.0,272910.0,Friday
2021-09-04,272810.0,270050.0,274110.0,270310.0,Saturday
2021-09-05,271110.0,270550.0,272810.0,270680.0,Sunday
2021-09-06,271110.0,269660.0,271510.0,271210.0,Monday
2021-09-07,271810.0,270760.0,274010.0,273810.0,Tuesday
2021-09-08,275120.0,275050.0,277310.0,276810.0,Wednesday
2021-09-09,276880.0,276350.0,279010.0,278270.0,Thursday
2021-09-10,276880.0,276350.0,279010.0,278270.0,Friday
2021-09-11,278670.0,276550.0,278810.0,277310.0,Saturday
2021-09-12,277210.0,272250.0,277210.0,272510.0,Sunday
2021-09-13,270490.0,269050.0,273210.0,273110.0,Monday
2021-09-14,274510.0,273350.0,277310.0,276470.0,Tuesday
2021-09-15,272210.0,272050.0,274210.0,273210.0,Wednesday
2021-09-16,273610.0,272150.0,274510.0,274460.0,Thursday
2021-09-17,273610.0,272150.0,274510.0,274460.0,Friday
2021-09-18,276010.0,273050.0,276410.0,273710.0,Saturday
2021-09-19,272850.0,272850.0,275010.0,274650.0,Sunday
2021-09-20,274210.0,273350.0,274510.0,274430.0,Monday
2021-09-21,274450.0,273650.0,276310.0,274030.0,Tuesday
2021-09-22,274610.0,274450.0,276110.0,275210.0,Wednesday
2021-09-23,275270.0,275050.0,276810.0,276810.0,Thursday
2021-09-24,275270.0,275050.0,276810.0,276810.0,Friday
2021-09-25,276480.0,274850.0,276810.0,275610.0,Saturday
2021-09-26,275390.0,275350.0,276910.0,276810.0,Sunday
2021-09-27,275390.0,275350.0,276910.0,276810.0,Monday
2021-09-28,277590.0,277550.0,280710.0,280710.0,Tuesday
2021-09-29,281490.0,281270.0,283210.0,282510.0,Wednesday
2021-09-30,283160.0,282550.0,284710.0,284710.0,Thursday
2021-10-01,283160.0,282550.0,284710.0,284710.0,Friday
2021-10-02,282980.0,281150.0,283510.0,282010.0,Saturday
2021-10-03,281560.0,279450.0,281610.0,280410.0,Sunday
2021-10-04,279950.0,279650.0,281680.0,281360.0,Monday
2021-10-05,279950.0,279650.0,281680.0,281360.0,Tuesday
2021-10-06,281210.0,279100.0,281680.0,279320.0,Wednesday
2021-10-07,281210.0,279100.0,281680.0,279320.0,Thursday
2021-10-08,281210.0,279100.0,281680.0,279320.0,Friday
2021-10-09,279230.0,275500.0,279380.0,275600.0,Saturday
2021-10-10,275620.0,274700.0,276280.0,275810.0,Sunday
2021-10-11,275730.0,272610.0,276080.0,273330.0,Monday
2021-10-12,273440.0,269900.0,273680.0,270730.0,Tuesday
2021-10-13,270670.0,270100.0,272780.0,271560.0,Wednesday
2021-10-14,272380.0,270400.0,272480.0,270870.0,Thursday
2021-10-15,272380.0,270400.0,272480.0,270870.0,Friday
2021-10-16,272810.0,271900.0,273280.0,272850.0,Saturday
2021-10-17,272840.0,271120.0,272980.0,271820.0,Sunday
2021-10-18,271470.0,271100.0,273180.0,272640.0,Monday
2021-10-19,273530.0,273400.0,275380.0,274830.0,Tuesday
2021-10-20,274060.0,272610.0,274180.0,273080.0,Wednesday
2021-10-21,273670.0,273500.0,274680.0,274150.0,Thursday
2021-10-22,273670.0,273500.0,274680.0,274150.0,Friday
2021-10-23,274220.0,274100.0,276080.0,276030.0,Saturday
2021-10-24,274220.0,274100.0,276080.0,276030.0,Sunday
2021-10-25,276530.0,275400.0,276780.0,275620.0,Monday
2021-10-26,275110.0,273900.0,275780.0,275770.0,Tuesday
2021-10-27,275690.0,275400.0,278080.0,276780.0,Wednesday
2021-10-28,277020.0,276400.0,277080.0,276570.0,Thursday
2021-10-29,277020.0,276400.0,277080.0,276570.0,Friday
2021-10-30,276640.0,274100.0,276680.0,276140.0,Saturday
2021-10-31,275390.0,274300.0,276080.0,275750.0,Sunday
2021-11-01,275980.0,274700.0,276380.0,275070.0,Monday
2021-11-02,275150.0,275100.0,276080.0,276010.0,Tuesday
2021-11-03,275920.0,275800.0,279280.0,278970.0,Wednesday
2021-11-04,277280.0,276300.0,277280.0,276510.0,Thursday
2021-11-05,277280.0,276300.0,277280.0,276510.0,Friday
2021-11-06,277460.0,277300.0,279580.0,278240.0,Saturday
2021-11-07,278010.0,277200.0,280080.0,279910.0,Sunday
2021-11-08,279840.0,279700.0,281380.0,280240.0,Monday
2021-11-09,280230.0,280200.0,281780.0,281060.0,Tuesday
2021-11-10,281760.0,281400.0,283880.0,283660.0,Wednesday
2021-11-11,283180.0,283100.0,284480.0,284240.0,Thursday
2021-11-12,283180.0,283100.0,284480.0,284240.0,Friday
2021-11-13,284130.0,284100.0,287480.0,286400.0,Saturday
2021-11-14,286540.0,284900.0,287480.0,285230.0,Sunday
2021-11-15,283520.0,269700.0,283550.0,280280.0,Monday
2021-11-16,279710.0,278930.0,280370.0,279930.0,Tuesday
2021-11-17,279590.0,278890.0,279740.0,279700.0,Wednesday
2021-11-18,279440.0,278730.0,279540.0,281400.0,Thursday
2021-11-19,279440.0,278730.0,279540.0,281400.0,Friday
2021-11-20,280350.0,280030.0,281080.0,280770.0,Saturday
2021-11-21,280320.0,280130.0,283400.0,282960.0,Sunday
2021-11-22,282530.0,281850.0,284100.0,283870.0,Monday
2021-11-23,284980.0,283850.0,286100.0,286010.0,Tuesday
2021-11-24,286720.0,286600.0,292600.0,291020.0,Wednesday
2021-11-25,289400.0,287650.0,289400.0,288080.0,Thursday
2021-11-26,289400.0,287650.0,289400.0,288080.0,Friday
2021-11-27,286950.0,278070.0,287090.0,282100.0,Saturday
2021-11-28,281700.0,273470.0,281700.0,273700.0,Sunday
2021-11-29,293500.0,291200.0,293500.0,291200.0,Monday
2021-11-30,288800.0,286550.0,292840.0,289070.0,Tuesday
2021-12-01,260370.0,260230.0,266270.0,266170.0,Wednesday
2021-12-02,266930.0,266860.0,273290.0,273240.0,Thursday
2021-12-03,266930.0,266860.0,273290.0,273240.0,Friday
2021-12-04,273260.0,273130.0,280230.0,279750.0,Saturday
2021-12-05,279730.0,278560.0,279770.0,278640.0,Sunday
2021-12-06,278720.0,278080.0,278720.0,278240.0,Monday
2021-12-07,278200.0,278080.0,278240.0,278130.0,Tuesday
2021-12-08,278160.0,277610.0,278240.0,277770.0,Wednesday
2021-12-09,277640.0,277000.0,277770.0,277040.0,Thursday
2021-12-10,277640.0,277000.0,277770.0,277040.0,Friday
2021-12-11,277160.0,276820.0,277160.0,276950.0,Saturday
2021-12-12,276940.0,276770.0,276980.0,276930.0,Sunday
2021-12-13,276830.0,274630.0,276930.0,274790.0,Monday
2021-12-14,274650.0,274050.0,274690.0,274140.0,Tuesday
2021-12-15,274120.0,274050.0,274210.0,274110.0,Wednesday
2021-12-16,274220.0,274060.0,274220.0,274170.0,Thursday
2021-12-17,274220.0,274060.0,274220.0,274170.0,Friday
2021-12-18,274150.0,274060.0,274420.0,274420.0,Saturday
2021-12-19,274350.0,273860.0,274420.0,274020.0,Sunday
2021-12-20,273990.0,273860.0,274020.0,273860.0,Monday
2021-12-21,274020.0,272850.0,274020.0,273010.0,Tuesday
2021-12-22,272850.0,272850.0,274020.0,274020.0,Wednesday
2021-12-23,273970.0,273860.0,274020.0,274020.0,Thursday
2021-12-24,273970.0,273860.0,274020.0,274020.0,Friday
2021-12-25,274000.0,273860.0,274020.0,274020.0,Saturday
2021-12-26,273950.0,273860.0,274020.0,273990.0,Sunday
2021-12-27,273950.0,273860.0,274020.0,274020.0,Monday
2021-12-28,273950.0,273860.0,274020.0,273880.0,Tuesday
2021-12-29,274340.0,274260.0,274420.0,274330.0,Wednesday
2021-12-30,274420.0,273790.0,274420.0,273880.0,Thursday
2021-12-31,274420.0,273790.0,274420.0,273880.0,Friday
2022-01-01,273950.0,273790.0,273950.0,273950.0,Saturday
2022-01-02,273990.0,273790.0,273990.0,273950.0,Sunday
2022-01-03,273860.0,273790.0,273950.0,273950.0,Monday
2022-01-04,273860.0,269740.0,273950.0,269900.0,Tuesday
2022-01-05,269760.0,269740.0,269900.0,269900.0,Wednesday
2022-01-06,269760.0,269740.0,269900.0,269900.0,Thursday
2022-01-07,269760.0,269740.0,269900.0,269900.0,Friday
2022-01-08,269880.0,268730.0,269900.0,268890.0,Saturday
2022-01-09,268810.0,268230.0,268890.0,268310.0,Sunday
2022-01-10,268390.0,267220.0,268390.0,267380.0,Monday
2022-01-11,267320.0,267010.0,267380.0,267050.0,Tuesday
2022-01-12,267140.0,266510.0,267170.0,266670.0,Wednesday
2022-01-13,277400.0,277400.0,277400.0,277400.0,Thursday
2022-01-14,277400.0,277400.0,277400.0,277400.0,Friday
2022-01-15,266670.0,264990.0,276300.0,274530.0,Saturday
2022-01-16,276440.0,273340.0,276590.0,275080.0,Sunday
2022-01-17,271690.0,271570.0,273290.0,272850.0,Monday
2022-01-18,271870.0,271250.0,274600.0,273490.0,Tuesday
2022-01-19,274270.0,274050.0,276100.0,274760.0,Wednesday
2022-01-20,274650.0,274550.0,275590.0,275250.0,Thursday
2022-01-21,274650.0,274550.0,275590.0,275250.0,Friday
2022-01-22,275950.0,274550.0,276400.0,275230.0,Saturday
2022-01-23,274750.0,274350.0,277800.0,277640.0,Sunday
2022-01-24,279300.0,278850.0,281400.0,279790.0,Monday
2022-01-25,278170.0,277350.0,278800.0,277760.0,Tuesday
2022-01-26,279020.0,278360.0,281300.0,278610.0,Wednesday
2022-01-27,277240.0,276860.0,278100.0,277710.0,Thursday
2022-01-28,277240.0,276860.0,278100.0,277710.0,Friday
2022-01-29,282080.0,279050.0,282800.0,279270.0,Saturday
2022-01-30,277880.0,277750.0,279400.0,278880.0,Sunday
2022-01-31,278810.0,276350.0,278970.0,276870.0,Monday
2022-02-01,277540.0,273750.0,277600.0,274580.0,Tuesday
2022-02-02,273770.0,272250.0,274200.0,272550.0,Wednesday
2022-02-03,273050.0,271960.0,274000.0,272650.0,Thursday
2022-02-04,273050.0,271960.0,274000.0,272650.0,Friday
2022-02-05,268730.0,263050.0,268900.0,263660.0,Saturday
2022-02-06,261170.0,261050.0,267800.0,267610.0,Sunday
2022-02-07,266690.0,263750.0,266900.0,264480.0,Monday
2022-02-08,262070.0,259250.0,262400.0,260580.0,Tuesday
2022-02-09,263690.0,260650.0,263700.0,262340.0,Wednesday
2022-02-10,262390.0,262150.0,262400.0,262270.0,Thursday
2022-02-11,262390.0,262150.0,262400.0,262270.0,Friday
2022-02-12,262190.0,262150.0,266400.0,264590.0,Saturday
2022-02-13,264490.0,264280.0,268800.0,268640.0,Sunday
2022-02-14,270840.0,268390.0,270860.0,269700.0,Monday
2022-02-15,270840.0,268390.0,270860.0,269700.0,Tuesday
2022-02-16,267040.0,264850.0,268300.0,265100.0,Wednesday
2022-02-17,264980.0,262850.0,265300.0,263290.0,Thursday
2022-02-18,264980.0,262850.0,265300.0,263290.0,Friday
2022-02-19,263120.0,259920.0,263120.0,260090.0,Saturday
2022-02-20,258800.0,254050.0,258800.0,254090.0,Sunday
2022-02-21,255380.0,254850.0,258400.0,258040.0,Monday
2022-02-22,258540.0,258360.0,261890.0,260370.0,Tuesday
2022-02-23,262080.0,259350.0,262600.0,259370.0,Wednesday
2022-02-24,261690.0,259850.0,262100.0,261440.0,Thursday
2022-02-25,261690.0,259850.0,262100.0,261440.0,Friday
2022-02-26,260830.0,259150.0,260890.0,260370.0,Saturday
2022-02-27,260140.0,259350.0,260400.0,259950.0,Sunday
2022-02-28,259860.0,259550.0,260300.0,259650.0,Monday
2022-03-01,259860.0,259550.0,260300.0,259650.0,Tuesday
2022-03-02,258710.0,255550.0,259000.0,255720.0,Wednesday
2022-03-03,255530.0,255350.0,257800.0,256150.0,Thursday
2022-03-04,255530.0,255350.0,257800.0,256150.0,Friday
2022-03-05,256600.0,253760.0,256700.0,254300.0,Saturday
2022-03-06,252610.0,251250.0,254300.0,253830.0,Sunday
2022-03-07,254750.0,254270.0,258890.0,258180.0,Monday
2022-03-08,258860.0,258650.0,262600.0,260410.0,Tuesday
2022-03-09,258750.0,254850.0,258990.0,257450.0,Wednesday
2022-03-10,257770.0,256570.0,258300.0,256960.0,Thursday
2022-03-11,257770.0,256570.0,258300.0,256960.0,Friday
2022-03-12,257080.0,256850.0,264390.0,258980.0,Saturday
2022-03-13,260740.0,260650.0,265900.0,264170.0,Sunday
2022-03-14,262550.0,261550.0,263100.0,262650.0,Monday
2022-03-15,263440.0,263150.0,265900.0,263620.0,Tuesday
2022-03-16,262560.0,262350.0,264400.0,263790.0,Wednesday
2022-03-17,262060.0,262050.0,262300.0,262300.0,Thursday
2022-03-18,262060.0,262050.0,262300.0,262300.0,Friday
2022-03-19,262060.0,262050.0,262300.0,262300.0,Saturday
2022-03-20,262060.0,262050.0,262300.0,262300.0,Sunday
2022-03-21,262060.0,262050.0,262300.0,262300.0,Monday
2022-03-22,262060.0,262050.0,262300.0,262300.0,Tuesday
2022-03-23,262060.0,262050.0,262300.0,262300.0,Wednesday
2022-03-24,262060.0,262050.0,262300.0,262300.0,Thursday
2022-03-25,262060.0,262050.0,262300.0,262300.0,Friday
2022-03-26,262240.0,261650.0,266100.0,262340.0,Saturday
2022-03-27,262210.0,262100.0,262750.0,262590.0,Sunday
2022-03-28,262750.0,262500.0,267490.0,266620.0,Monday
2022-03-29,267400.0,267050.0,270700.0,270250.0,Tuesday
2022-03-30,271800.0,269450.0,272000.0,270670.0,Wednesday
2022-03-31,270460.0,269950.0,271500.0,271140.0,Thursday
2022-04-01,270460.0,269950.0,271500.0,271140.0,Friday
2022-04-02,270460.0,269950.0,271500.0,271140.0,Saturday
2022-04-03,270140.0,268000.0,270200.0,269020.0,Sunday
2022-04-04,269140.0,269000.0,272000.0,269880.0,Monday
2022-04-05,270140.0,269200.0,275400.0,275270.0,Tuesday
2022-04-06,274960.0,271880.0,275100.0,272670.0,Wednesday
2022-04-07,272680.0,272500.0,276000.0,274830.0,Thursday
2022-04-08,272680.0,272500.0,276000.0,274830.0,Friday
2022-04-09,274970.0,274900.0,277300.0,276930.0,Saturday
2022-04-10,276310.0,275700.0,279300.0,279090.0,Sunday
2022-04-11,278880.0,252660.0,281300.0,279450.0,Monday
2022-04-12,279620.0,278200.0,281500.0,278900.0,Tuesday
2022-04-13,278680.0,275600.0,278700.0,278050.0,Wednesday
2022-04-14,277320.0,277200.0,277400.0,277910.0,Thursday
2022-04-15,277320.0,277200.0,277400.0,277910.0,Friday
2022-04-16,275340.0,275200.0,279600.0,278910.0,Saturday
2022-04-17,278710.0,278600.0,280800.0,278970.0,Sunday
2022-04-18,278370.0,276000.0,279900.0,276510.0,Monday
2022-04-19,276520.0,275510.0,278090.0,275720.0,Tuesday
2022-04-20,275610.0,275500.0,278200.0,277350.0,Wednesday
2022-04-21,277440.0,277400.0,279200.0,278640.0,Thursday
2022-04-22,277440.0,277400.0,279200.0,278640.0,Friday
2022-04-23,277440.0,277400.0,279200.0,278640.0,Saturday
2022-04-24,278570.0,277900.0,279300.0,278060.0,Sunday
2022-04-25,277790.0,277000.0,278800.0,278410.0,Monday
2022-04-26,278460.0,278300.0,280600.0,279350.0,Tuesday
2022-04-27,279390.0,279200.0,281100.0,280380.0,Wednesday
2022-04-28,279240.0,278500.0,280700.0,279500.0,Thursday
2022-04-29,279240.0,278500.0,280700.0,279500.0,Friday
2022-04-30,279720.0,279100.0,280490.0,279220.0,Saturday
2022-05-01,279460.0,279400.0,279900.0,279560.0,Sunday
2022-05-02,279530.0,279050.0,280300.0,280210.0,Monday
2022-05-03,279530.0,279050.0,280300.0,280210.0,Tuesday
2022-05-04,279530.0,279050.0,280300.0,280210.0,Wednesday
2022-05-05,279800.0,279300.0,280630.0,280560.0,Thursday
2022-05-06,279800.0,279300.0,280630.0,280560.0,Friday
2022-05-07,279550.0,279410.0,283200.0,281760.0,Saturday
2022-05-08,281490.0,280700.0,282100.0,281030.0,Sunday
2022-05-09,282930.0,281800.0,283100.0,282290.0,Monday
2022-05-10,282210.0,282210.0,288300.0,287410.0,Tuesday
2022-05-11,255800.0,255800.0,255800.0,255800.0,Wednesday
2022-05-12,255800.0,255800.0,255800.0,255800.0,Thursday
2022-05-13,255800.0,255800.0,255800.0,255800.0,Friday
2022-05-14,255800.0,255800.0,255800.0,255800.0,Saturday
2022-05-15,255800.0,255800.0,255800.0,255800.0,Sunday
2022-05-16,255800.0,255800.0,255800.0,255800.0,Monday
2022-05-17,255800.0,255800.0,255800.0,255800.0,Tuesday
2022-05-18,255800.0,255800.0,255800.0,255800.0,Wednesday
2022-05-19,255800.0,255800.0,255800.0,255800.0,Thursday
2022-05-20,255800.0,255800.0,255800.0,255800.0,Friday
2022-05-21,255800.0,255800.0,255800.0,255800.0,Saturday
2022-05-22,255800.0,255800.0,255800.0,255800.0,Sunday
2022-05-23,255800.0,255800.0,255800.0,255800.0,Monday
2022-05-24,255800.0,255800.0,255800.0,255800.0,Tuesday
2022-05-25,255800.0,255800.0,255800.0,255800.0,Wednesday
2022-05-26,255800.0,255800.0,255800.0,255800.0,Thursday
2022-05-27,255800.0,255800.0,255800.0,255800.0,Friday
2022-05-28,255800.0,255800.0,255800.0,255800.0,Saturday
2022-05-29,255800.0,255800.0,255800.0,255800.0,Sunday
2022-05-30,255800.0,255800.0,255800.0,255800.0,Monday
2022-05-31,255800.0,255800.0,255800.0,255800.0,Tuesday
2022-06-01,255800.0,255800.0,255800.0,255800.0,Wednesday
2022-06-02,255800.0,255800.0,255800.0,255800.0,Thursday
2022-06-03,255800.0,255800.0,255800.0,255800.0,Friday
2022-06-04,255800.0,255800.0,255800.0,255800.0,Saturday
2022-06-05,255800.0,255800.0,255800.0,255800.0,Sunday
2022-06-06,255800.0,255800.0,255800.0,255800.0,Monday
2022-06-07,255800.0,255800.0,255800.0,255800.0,Tuesday
2022-06-08,255800.0,255800.0,255800.0,255800.0,Wednesday
2022-06-09,255800.0,255800.0,255800.0,255800.0,Thursday
2022-06-10,255800.0,255800.0,255800.0,255800.0,Friday
2022-06-11,255800.0,255800.0,255800.0,255800.0,Saturday
2022-06-12,255800.0,255800.0,255800.0,255800.0,Sunday
2022-06-13,255800.0,255800.0,255800.0,255800.0,Monday
2022-06-14,255800.0,255800.0,255800.0,255800.0,Tuesday
2022-06-15,255800.0,255800.0,255800.0,255800.0,Wednesday
2022-06-16,255800.0,255800.0,255800.0,255800.0,Thursday
2022-06-17,255800.0,255800.0,255800.0,255800.0,Friday
2022-06-18,255800.0,255800.0,255800.0,255800.0,Saturday
2022-06-19,255800.0,255800.0,255800.0,255800.0,Sunday
2022-06-20,255800.0,255800.0,255800.0,255800.0,Monday
2022-06-21,255800.0,255800.0,255800.0,255800.0,Tuesday
2022-06-22,255800.0,255800.0,255800.0,255800.0,Wednesday
2022-06-23,255800.0,255800.0,255800.0,255800.0,Thursday
2022-06-24,255800.0,255800.0,255800.0,255800.0,Friday
2022-06-25,255800.0,255800.0,255800.0,255800.0,Saturday
2022-06-26,255800.0,255800.0,255800.0,255800.0,Sunday
2022-06-27,255800.0,255800.0,255800.0,255800.0,Monday
2022-06-28,255800.0,255800.0,255800.0,255800.0,Tuesday
2022-06-29,255800.0,255800.0,255800.0,255800.0,Wednesday
2022-06-30,255800.0,255800.0,255800.0,255800.0,Thursday
2022-07-01,255800.0,255800.0,255800.0,255800.0,Friday
2022-07-02,255800.0,255800.0,255800.0,255800.0,Saturday
2022-07-03,255800.0,255800.0,255800.0,255800.0,Sunday
2022-07-04,255800.0,255800.0,255800.0,255800.0,Monday
2022-07-05,255800.0,255800.0,255800.0,255800.0,Tuesday
2022-07-06,255800.0,255800.0,255800.0,255800.0,Wednesday
2022-07-07,255800.0,255800.0,255800.0,255800.0,Thursday
2022-07-08,255800.0,255800.0,255800.0,255800.0,Friday
2022-07-09,255800.0,255800.0,255800.0,255800.0,Saturday
2022-07-10,255800.0,255800.0,255800.0,255800.0,Sunday
2022-07-11,255800.0,255800.0,255800.0,255800.0,Monday
2022-07-12,255800.0,255800.0,255800.0,255800.0,Tuesday
2022-07-13,255800.0,255800.0,255800.0,255800.0,Wednesday
2022-07-14,255800.0,255800.0,255800.0,255800.0,Thursday
2022-07-15,255800.0,255800.0,255800.0,255800.0,Friday
2022-07-16,255800.0,255800.0,255800.0,255800.0,Saturday
2022-07-17,255800.0,255800.0,255800.0,255800.0,Sunday
2022-07-18,255800.0,255800.0,255800.0,255800.0,Monday
2022-07-19,255800.0,255800.0,255800.0,255800.0,Tuesday
2022-07-20,255800.0,255800.0,255800.0,255800.0,Wednesday
2022-07-21,255800.0,255800.0,255800.0,255800.0,Thursday
2022-07-22,255800.0,255800.0,255800.0,255800.0,Friday
2022-07-23,255800.0,255800.0,255800.0,255800.0,Saturday
2022-07-24,255800.0,255800.0,255800.0,255800.0,Sunday
2022-07-25,255800.0,255800.0,255800.0,255800.0,Monday
2022-07-26,255800.0,255800.0,255800.0,255800.0,Tuesday
2022-07-27,255800.0,255800.0,255800.0,255800.0,Wednesday
2022-07-28,255800.0,255800.0,255800.0,255800.0,Thursday
2022-07-29,255800.0,255800.0,255800.0,255800.0,Friday
2022-07-30,255800.0,255800.0,255800.0,255800.0,Saturday
2022-07-31,255800.0,255800.0,255800.0,255800.0,Sunday
2022-08-01,255800.0,255800.0,255800.0,255800.0,Monday
2022-08-02,255800.0,255800.0,255800.0,255800.0,Tuesday
2022-08-03,255800.0,255800.0,255800.0,255800.0,Wednesday
2022-08-04,255800.0,255800.0,255800.0,255800.0,Thursday
2022-08-05,255800.0,255800.0,255800.0,255800.0,Friday
2022-08-06,255800.0,255800.0,255800.0,255800.0,Saturday
2022-08-07,255800.0,255800.0,255800.0,255800.0,Sunday
2022-08-08,255800.0,255800.0,255800.0,255800.0,Monday
2022-08-09,255800.0,255800.0,255800.0,255800.0,Tuesday
2022-08-10,255800.0,255800.0,255800.0,255800.0,Wednesday
2022-08-11,255800.0,255800.0,255800.0,255800.0,Thursday
2022-08-12,255800.0,255800.0,255800.0,255800.0,Friday
2022-08-13,255800.0,255800.0,255800.0,255800.0,Saturday
2022-08-14,255800.0,255800.0,255800.0,255800.0,Sunday
2022-08-15,255800.0,255800.0,255800.0,255800.0,Monday
2022-08-16,255800.0,255800.0,255800.0,255800.0,Tuesday
2022-08-17,255800.0,255800.0,255800.0,255800.0,Wednesday
2022-08-18,255800.0,255800.0,255800.0,255800.0,Thursday
2022-08-19,255800.0,255800.0,255800.0,255800.0,Friday
2022-08-20,255800.0,255800.0,255800.0,255800.0,Saturday
2022-08-21,255800.0,255800.0,255800.0,255800.0,Sunday
2022-08-22,255800.0,255800.0,255800.0,255800.0,Monday
2022-08-23,255800.0,255800.0,255800.0,255800.0,Tuesday
2022-08-24,255800.0,255800.0,255800.0,255800.0,Wednesday
2022-08-25,255800.0,255800.0,255800.0,255800.0,Thursday
2022-08-26,255800.0,255800.0,255800.0,255800.0,Friday
2022-08-27,255800.0,255800.0,255800.0,255800.0,Saturday
2022-08-28,255800.0,255800.0,255800.0,255800.0,Sunday
2022-08-29,255800.0,255800.0,255800.0,255800.0,Monday
2022-08-30,295300.0,294950.0,297720.0,297610.0,Tuesday
2022-08-31,300860.0,298950.0,301220.0,299050.0,Wednesday
2022-09-01,298260.0,297950.0,298520.0,298470.0,Thursday
2022-09-02,298260.0,297950.0,298520.0,298470.0,Friday
2022-09-03,298820.0,298350.0,300320.0,299450.0,Saturday
2022-09-04,300990.0,300950.0,303220.0,302560.0,Sunday
2022-09-05,302420.0,297450.0,302420.0,302170.0,Monday
2022-09-06,301990.0,301150.0,303020.0,302480.0,Tuesday
2022-09-07,301210.0,299750.0,302520.0,302170.0,Wednesday
2022-09-08,301510.0,300950.0,303020.0,302410.0,Thursday
2022-09-09,301510.0,300950.0,303020.0,302410.0,Friday
2022-09-10,304520.0,303650.0,307520.0,303750.0,Saturday
2022-09-11,303820.0,303750.0,309020.0,309020.0,Sunday
2022-09-12,309160.0,307150.0,310020.0,309760.0,Monday
2022-09-13,309980.0,309750.0,316520.0,316480.0,Tuesday
2022-09-14,315320.0,311750.0,315320.0,313720.0,Wednesday
2022-09-15,316010.0,315450.0,316720.0,315560.0,Thursday
2022-09-16,316010.0,315450.0,316720.0,315560.0,Friday
2022-09-17,316010.0,315450.0,316720.0,315560.0,Saturday
2022-09-18,319220.0,315250.0,319520.0,315360.0,Sunday
2022-09-19,315250.0,314650.0,316920.0,316520.0,Monday
2022-09-20,317270.0,315450.0,317520.0,316820.0,Tuesday
2022-09-21,316220.0,315650.0,317220.0,317120.0,Wednesday
2022-09-22,315950.0,314950.0,317720.0,316660.0,Thursday
2022-09-23,315950.0,314950.0,317720.0,316660.0,Friday
2022-09-24,317150.0,316450.0,318810.0,317010.0,Saturday
2022-09-25,317150.0,316450.0,318810.0,317010.0,Sunday
2022-09-26,316020.0,316020.0,317520.0,316810.0,Monday
2022-09-27,316020.0,316020.0,317520.0,316810.0,Tuesday
2022-09-28,317310.0,317150.0,318520.0,318310.0,Wednesday
2022-09-29,318510.0,318450.0,318520.0,318480.0,Thursday
2022-09-30,318510.0,318450.0,318520.0,318480.0,Friday
2022-10-01,321480.0,321450.0,331820.0,331170.0,Saturday
2022-10-02,327320.0,325750.0,332520.0,331460.0,Sunday
2022-10-03,333450.0,330750.0,334520.0,332460.0,Monday
2022-10-04,333180.0,330450.0,333220.0,331020.0,Tuesday
2022-10-05,333180.0,330450.0,333220.0,331020.0,Wednesday
2022-10-06,327010.0,325950.0,327020.0,326610.0,Thursday
2022-10-07,327010.0,325950.0,327020.0,326610.0,Friday
2022-10-08,328060.0,325460.0,328110.0,326190.0,Saturday
2022-10-09,326110.0,322950.0,326110.0,323020.0,Sunday
2022-10-10,323070.0,320850.0,325620.0,324960.0,Monday
2022-10-11,324980.0,324750.0,328120.0,327520.0,Tuesday
2022-10-12,327020.0,325650.0,327520.0,326510.0,Wednesday
2022-10-13,326210.0,326150.0,329520.0,329460.0,Thursday
2022-10-14,326210.0,326150.0,329520.0,329460.0,Friday
2022-10-15,328620.0,327450.0,328620.0,328020.0,Saturday
2022-10-16,329170.0,328950.0,331520.0,331210.0,Sunday
2022-10-17,329820.0,328350.0,329820.0,328620.0,Monday
2022-10-18,326970.0,326450.0,328520.0,328390.0,Tuesday
2022-10-19,329450.0,327950.0,329520.0,327970.0,Wednesday
2022-10-20,327190.0,325750.0,327220.0,326550.0,Thursday
2022-10-21,327190.0,325750.0,327220.0,326550.0,Friday
2022-10-22,326520.0,326450.0,328620.0,327660.0,Saturday
2022-10-23,328380.0,327560.0,329020.0,328150.0,Sunday
2022-10-24,327160.0,326250.0,328020.0,327720.0,Monday
2022-10-25,328010.0,327750.0,328820.0,328760.0,Tuesday
2022-10-26,328910.0,327850.0,328920.0,328810.0,Wednesday
2022-10-27,330220.0,329950.0,330820.0,330520.0,Thursday
2022-10-28,330220.0,329950.0,330820.0,330520.0,Friday
2022-10-29,330110.0,329150.0,330820.0,329150.0,Saturday
2022-10-30,329110.0,328350.0,330020.0,329770.0,Sunday
2022-10-31,351820.0,351820.0,351820.0,351820.0,Monday
2022-11-01,351820.0,351820.0,351820.0,351820.0,Tuesday
2022-11-02,351820.0,351820.0,351820.0,351820.0,Wednesday
2022-11-03,351820.0,351820.0,351820.0,351820.0,Thursday
2022-11-04,351820.0,351820.0,351820.0,351820.0,Friday
2022-11-05,351820.0,351820.0,351820.0,351820.0,Saturday
2022-11-06,351820.0,351820.0,351820.0,351820.0,Sunday
2022-11-07,351820.0,351820.0,351820.0,351820.0,Monday
2022-11-08,351820.0,351820.0,351820.0,351820.0,Tuesday
2022-11-09,353560.0,353560.0,353890.0,353890.0,Wednesday
2022-11-10,354050.0,348350.0,354120.0,350590.0,Thursday
2022-11-11,354050.0,348350.0,354120.0,350590.0,Friday
2022-11-12,350780.0,348750.0,351320.0,349410.0,Saturday
2022-11-13,349020.0,348650.0,355020.0,353520.0,Sunday
2022-11-14,353260.0,352490.0,354820.0,352490.0,Monday
2022-11-15,352080.0,351690.0,356600.0,352450.0,Tuesday
2022-11-16,355320.0,349580.0,355680.0,351450.0,Wednesday
2022-11-17,353680.0,344460.0,353680.0,347510.0,Thursday
2022-11-18,353680.0,344460.0,353680.0,347510.0,Friday
2022-11-19,350400.0,347670.0,352330.0,348170.0,Saturday
2022-11-20,348240.0,348160.0,352700.0,351600.0,Sunday
2022-11-21,353490.0,350380.0,354950.0,352000.0,Monday
2022-11-22,351410.0,347770.0,353060.0,348800.0,Tuesday
2022-11-23,349850.0,347590.0,352130.0,347990.0,Wednesday
2022-11-24,345230.0,345090.0,352900.0,352900.0,Thursday
2022-11-25,345230.0,345090.0,352900.0,352900.0,Friday
2022-11-26,350400.0,349030.0,354400.0,352620.0,Saturday
2022-11-27,352520.0,351350.0,357250.0,354700.0,Sunday
2022-11-28,355960.0,351820.0,360420.0,358120.0,Monday
2022-11-29,356190.0,353780.0,357800.0,354500.0,Tuesday
2022-11-30,353850.0,352610.0,354500.0,354500.0,Wednesday
2022-12-01,351970.0,351770.0,356950.0,356950.0,Thursday
2022-12-02,351970.0,351770.0,356950.0,356950.0,Friday
2022-12-03,354670.0,354020.0,357240.0,357240.0,Saturday
2022-12-04,357350.0,356300.0,357500.0,357500.0,Sunday
2022-12-05,359520.0,356120.0,362810.0,358500.0,Monday
2022-12-06,360580.0,357730.0,361500.0,358970.0,Tuesday
2022-12-07,357630.0,355210.0,361400.0,359300.0,Wednesday
2022-12-08,360440.0,357760.0,361160.0,358620.0,Thursday
2022-12-09,360440.0,357760.0,361160.0,358620.0,Friday
2022-12-10,357060.0,356840.0,363940.0,361070.0,Saturday
2022-12-11,361790.0,361290.0,372000.0,372000.0,Sunday
2022-12-12,369010.0,367710.0,375730.0,375600.0,Monday
2022-12-13,374470.0,368100.0,379570.0,374350.0,Tuesday
2022-12-14,375070.0,369980.0,380720.0,379300.0,Wednesday
2022-12-15,375070.0,369980.0,380720.0,379300.0,Thursday
2022-12-16,375070.0,369980.0,380720.0,379300.0,Friday
2022-12-17,375770.0,375770.0,389430.0,386910.0,Saturday
2022-12-18,388400.0,379010.0,389170.0,385330.0,Sunday
2022-12-19,385750.0,382610.0,393500.0,388320.0,Monday
2022-12-20,385020.0,378820.0,388820.0,384670.0,Tuesday
2022-12-21,384520.0,378000.0,387250.0,384080.0,Wednesday
2022-12-22,382400.0,382210.0,390500.0,390500.0,Thursday
2022-12-23,382400.0,382210.0,390500.0,390500.0,Friday
2022-12-24,390270.0,389200.0,396810.0,395620.0,Saturday
2022-12-25,395670.0,393270.0,399000.0,395650.0,Sunday
2022-12-26,395590.0,390090.0,405790.0,397210.0,Monday
2022-12-27,395590.0,390090.0,405790.0,397210.0,Tuesday
2022-12-28,401040.0,397830.0,425060.0,403000.0,Wednesday
2022-12-29,418960.0,418960.0,418960.0,418960.0,Thursday
2022-12-30,418960.0,418960.0,418960.0,418960.0,Friday
2022-12-31,406690.0,389000.0,407020.0,389000.0,Saturday
2023-01-01,386820.0,379820.0,397090.0,393000.0,Sunday
2023-01-02,391440.0,387320.0,391590.0,387590.0,Monday
2023-01-03,387530.0,374520.0,387590.0,397530.0,Tuesday
2023-01-04,387060.0,386820.0,395100.0,391420.0,Wednesday
2023-01-05,387530.0,387390.0,395100.0,394830.0,Thursday
2023-01-06,387530.0,387390.0,395100.0,394830.0,Friday
2023-01-07,396750.0,396020.0,402100.0,401440.0,Saturday
2023-01-08,404830.0,400500.0,407370.0,402820.0,Sunday
2023-01-09,403480.0,395000.0,404100.0,400410.0,Monday
2023-01-10,402240.0,401100.0,405600.0,402000.0,Tuesday
2023-01-11,401810.0,400300.0,404900.0,404740.0,Wednesday
2023-01-12,405080.0,403800.0,406000.0,405140.0,Thursday
2023-01-13,405080.0,403800.0,406000.0,405140.0,Friday
2023-01-14,402860.0,401300.0,403400.0,402650.0,Saturday
2023-01-15,402360.0,400500.0,402800.0,401390.0,Sunday
2023-01-16,400850.0,400560.0,402900.0,402850.0,Monday
2023-01-17,406630.0,406170.0,410600.0,410390.0,Tuesday
2023-01-18,411290.0,411100.0,423600.0,423240.0,Wednesday
2023-01-19,419240.0,418210.0,422400.0,420030.0,Thursday
2023-01-20,419240.0,418210.0,422400.0,420030.0,Friday
2023-01-21,422330.0,422100.0,440400.0,430030.0,Saturday
2023-01-22,431590.0,424810.0,444100.0,444320.0,Sunday
2023-01-23,433450.0,431800.0,447600.0,432000.0,Monday
2023-01-24,431820.0,419300.0,432600.0,425000.0,Tuesday
2023-01-25,414310.0,411420.0,425600.0,420640.0,Wednesday
2023-01-26,419450.0,417300.0,426100.0,424340.0,Thursday
2023-01-27,419450.0,417300.0,426100.0,424340.0,Friday
2023-01-28,431360.0,419350.0,440100.0,437130.0,Saturday
2023-01-29,436480.0,432800.0,439800.0,438810.0,Sunday
2023-01-30,439400.0,433810.0,440900.0,436560.0,Monday
2023-01-31,435880.0,433310.0,438900.0,437290.0,Tuesday
2023-02-01,437070.0,425880.0,438090.0,436440.0,Wednesday
2023-02-02,436050.0,435810.0,436370.0,436100.0,Thursday
2023-02-03,436050.0,435810.0,436370.0,436100.0,Friday
2023-02-04,436050.0,435810.0,436370.0,436100.0,Saturday
2023-02-05,436260.0,435540.0,436360.0,435570.0,Sunday
2023-02-06,435750.0,435250.0,435890.0,435370.0,Monday
2023-02-07,435520.0,434730.0,435550.0,435020.0,Tuesday
2023-02-08,434980.0,434430.0,435030.0,434500.0,Wednesday
2023-02-09,434220.0,434000.0,434440.0,434130.0,Thursday
2023-02-10,434220.0,434000.0,434440.0,434130.0,Friday
2023-02-11,434220.0,434000.0,434440.0,434130.0,Saturday
2023-02-12,434100.0,433700.0,434460.0,433820.0,Sunday
2023-02-13,434370.0,434100.0,434400.0,434130.0,Monday
2023-02-14,434010.0,434000.0,434390.0,434110.0,Tuesday
2023-02-15,434290.0,434090.0,450540.0,450180.0,Wednesday
2023-02-16,450350.0,450100.0,451300.0,451120.0,Thursday
2023-02-17,450350.0,450100.0,451300.0,451120.0,Friday
2023-02-18,450350.0,450100.0,451300.0,451120.0,Saturday
2023-02-19,451180.0,451100.0,452180.0,452050.0,Sunday
2023-02-20,452070.0,451980.0,452180.0,452020.0,Monday
2023-02-21,451990.0,415480.0,452180.0,415600.0,Tuesday
2023-02-22,415490.0,415490.0,415490.0,415490.0,Wednesday
2023-02-23,417000.0,417000.0,417000.0,417000.0,Thursday
2023-02-24,417000.0,417000.0,417000.0,417000.0,Friday
2023-02-25,417590.0,417590.0,417590.0,417590.0,Saturday
2023-02-26,426810.0,426810.0,426810.0,426810.0,Sunday
2023-02-27,430920.0,430920.0,430920.0,430920.0,Monday
2023-02-28,433370.0,433370.0,433370.0,433370.0,Tuesday
2023-03-01,438150.0,438150.0,438150.0,438150.0,Wednesday
2023-03-02,446470.0,446470.0,446470.0,446470.0,Thursday
2023-03-03,446470.0,446470.0,446470.0,446470.0,Friday
2023-03-04,448160.0,448160.0,448160.0,525000.0,Saturday
2023-03-05,435790.0,435790.0,511000.0,501000.0,Sunday
2023-03-06,498000.0,493830.0,503590.0,498890.0,Monday
2023-03-07,483960.0,481300.0,499600.0,491350.0,Tuesday
2023-03-08,483960.0,481300.0,499600.0,491350.0,Wednesday
2023-03-09,498670.0,485800.0,499100.0,486670.0,Thursday
2023-03-10,498670.0,485800.0,499100.0,486670.0,Friday
2023-03-11,473440.0,438700.0,473600.0,439200.0,Saturday
2023-03-12,433760.0,416000.0,454300.0,432200.0,Sunday
2023-03-13,433300.0,433000.0,450300.0,448170.0,Monday
2023-03-14,445300.0,445000.0,459910.0,459910.0,Tuesday
2023-03-15,461960.0,451820.0,462100.0,460460.0,Wednesday
2023-03-16,452940.0,448300.0,456600.0,456320.0,Thursday
2023-03-17,452940.0,448300.0,456600.0,456320.0,Friday
2023-03-18,462380.0,458800.0,465100.0,459880.0,Saturday
2023-03-19,538000.0,538000.0,538000.0,538000.0,Sunday
2023-03-20,538000.0,538000.0,538000.0,538000.0,Monday
2023-03-21,538000.0,538000.0,538000.0,538000.0,Tuesday
2023-03-22,538000.0,538000.0,538000.0,538000.0,Wednesday
2023-03-23,538000.0,538000.0,538000.0,538000.0,Thursday
2023-03-24,538000.0,538000.0,538000.0,538000.0,Friday
2023-03-25,538000.0,538000.0,538000.0,538000.0,Saturday
2023-03-26,538000.0,538000.0,538000.0,538000.0,Sunday
2023-03-27,538000.0,538000.0,538000.0,538000.0,Monday
2023-03-28,538000.0,538000.0,538000.0,538000.0,Tuesday
2023-03-29,538000.0,538000.0,538000.0,538000.0,Wednesday
2023-03-30,538000.0,538000.0,538000.0,538000.0,Thursday
2023-03-31,538000.0,538000.0,538000.0,538000.0,Friday
2023-04-01,538000.0,538000.0,538000.0,538000.0,Saturday
2023-04-02,538000.0,538000.0,538000.0,538000.0,Sunday
2023-04-03,535400.0,506950.0,535600.0,515100.0,Monday
2023-04-04,515070.0,496340.0,515100.0,507800.0,Tuesday
2023-04-05,508030.0,505320.0,513100.0,507950.0,Wednesday
2023-04-06,500300.0,498810.0,507100.0,507060.0,Thursday
2023-04-07,500300.0,498810.0,507100.0,507060.0,Friday
2023-04-08,509580.0,502810.0,511600.0,507830.0,Saturday
2023-04-09,507030.0,499800.0,508600.0,499900.0,Sunday
2023-04-10,500550.0,495800.0,505600.0,503310.0,Monday
2023-04-11,508870.0,505820.0,513600.0,508020.0,Tuesday
2023-04-12,508870.0,505820.0,513600.0,508020.0,Wednesday
2023-04-13,509430.0,507510.0,510600.0,508980.0,Thursday
2023-04-14,509430.0,507510.0,510600.0,508980.0,Friday
2023-04-15,511990.0,506800.0,512060.0,508400.0,Saturday
2023-04-16,505060.0,502800.0,513600.0,511440.0,Sunday
2023-04-17,511640.0,511300.0,517700.0,513050.0,Monday
2023-04-18,513130.0,509400.0,517600.0,517600.0,Tuesday
2023-04-19,518560.0,516800.0,519600.0,517030.0,Wednesday
2023-04-20,517100.0,513800.0,517100.0,514050.0,Thursday
2023-04-21,517100.0,513800.0,517100.0,514050.0,Friday
2023-04-22,517100.0,513800.0,517100.0,514050.0,Saturday
2023-04-23,517100.0,513800.0,517100.0,514050.0,Sunday
2023-04-24,517450.0,512300.0,517600.0,517460.0,Monday
2023-04-25,518410.0,514800.0,518600.0,516020.0,Tuesday
2023-04-26,516080.0,515800.0,522100.0,522010.0,Wednesday
2023-04-27,524640.0,524400.0,533600.0,532830.0,Thursday
2023-04-28,524640.0,524400.0,533600.0,532830.0,Friday
2023-04-29,534320.0,534300.0,545100.0,541830.0,Saturday
2023-04-30,538980.0,538800.0,546100.0,545930.0,Sunday
2023-05-01,548860.0,548800.0,555600.0,550510.0,Monday
2023-05-02,547300.0,540520.0,547600.0,540520.0,Tuesday
2023-05-03,531040.0,530800.0,539100.0,535240.0,Wednesday
2023-05-04,539340.0,536110.0,540100.0,536840.0,Thursday
2023-05-05,539340.0,536110.0,540100.0,536840.0,Friday
2023-05-06,534060.0,527300.0,535100.0,533370.0,Saturday
2023-05-07,526080.0,524300.0,529100.0,525430.0,Sunday
2023-05-08,525540.0,525300.0,534100.0,534040.0,Monday
2023-05-09,531850.0,531300.0,536100.0,531840.0,Tuesday
2023-05-10,532080.0,525300.0,533100.0,529510.0,Wednesday
2023-05-11,530510.0,528830.0,532100.0,530360.0,Thursday
2023-05-12,530510.0,528830.0,532100.0,530360.0,Friday
2023-05-13,519080.0,518800.0,522600.0,520900.0,Saturday
2023-05-14,524390.0,512800.0,524600.0,514070.0,Sunday
2023-05-15,515530.0,514300.0,520600.0,520050.0,Monday
2023-05-16,515530.0,514300.0,520600.0,520050.0,Tuesday
2023-05-17,514100.0,509300.0,514300.0,510850.0,Wednesday
2023-05-18,511700.0,509500.0,512100.0,510980.0,Thursday
2023-05-19,511700.0,509500.0,512100.0,510980.0,Friday
2023-05-20,510890.0,508800.0,514600.0,513530.0,Saturday
2023-05-21,514600.0,514300.0,521600.0,517480.0,Sunday
2023-05-22,521410.0,520800.0,524100.0,521360.0,Monday
2023-05-23,522890.0,519300.0,523600.0,520480.0,Tuesday
2023-05-24,520610.0,512840.0,521100.0,513060.0,Wednesday
2023-05-25,512530.0,512300.0,514600.0,514320.0,Thursday
2023-05-26,512530.0,512300.0,514600.0,514320.0,Friday
2023-05-27,516290.0,516100.0,527800.0,517850.0,Saturday
2023-05-28,517660.0,514900.0,517900.0,515120.0,Sunday
2023-05-29,512630.0,511900.0,518100.0,517170.0,Monday
2023-05-30,511900.0,511800.0,514600.0,512520.0,Tuesday
2023-05-31,508440.0,507300.0,510600.0,508340.0,Wednesday
2023-06-01,512390.0,508800.0,512400.0,510890.0,Thursday
2023-06-02,512390.0,508800.0,512400.0,510890.0,Friday
2023-06-03,509320.0,506300.0,510230.0,510230.0,Saturday
2023-06-04,509320.0,506300.0,510230.0,510230.0,Sunday
2023-06-05,509320.0,506300.0,510230.0,510230.0,Monday
2023-06-06,508870.0,507300.0,517900.0,507990.0,Tuesday
2023-06-07,506540.0,494110.0,506540.0,494390.0,Wednesday
2023-06-08,496540.0,489300.0,496600.0,490840.0,Thursday
2023-06-09,496540.0,489300.0,496600.0,490840.0,Friday
2023-06-10,494080.0,492700.0,496100.0,493390.0,Saturday
2023-06-11,490200.0,468610.0,491900.0,469830.0,Sunday
2023-06-12,473160.0,470600.0,482900.0,481750.0,Monday
2023-06-13,484350.0,484100.0,499900.0,498810.0,Tuesday
2023-06-14,493090.0,484600.0,498900.0,488550.0,Wednesday
2023-06-15,486260.0,486100.0,488400.0,488100.0,Thursday
2023-06-16,486260.0,486100.0,488400.0,488100.0,Friday
2023-06-17,494370.0,491600.0,499400.0,493180.0,Saturday
2023-06-18,495770.0,491750.0,495900.0,491980.0,Sunday
2023-06-19,489640.0,485300.0,489800.0,486840.0,Monday
2023-06-20,486170.0,485120.0,490400.0,489390.0,Tuesday
2023-06-21,486680.0,485600.0,488900.0,485730.0,Wednesday
2023-06-22,495600.0,494100.0,497400.0,497130.0,Thursday
2023-06-23,495600.0,494100.0,497400.0,497130.0,Friday
2023-06-24,500370.0,497500.0,508680.0,508610.0,Saturday
2023-06-25,501560.0,497410.0,502200.0,499400.0,Sunday
2023-06-26,498200.0,495600.0,499900.0,497810.0,Monday
2023-06-27,499320.0,492600.0,499400.0,492820.0,Tuesday
2023-06-28,492600.0,490600.0,492900.0,492230.0,Wednesday
2023-06-29,492600.0,490600.0,492900.0,492230.0,Thursday
2023-06-30,492600.0,490600.0,492900.0,492230.0,Friday
2023-07-01,492660.0,492600.0,498400.0,498220.0,Saturday
2023-07-02,500810.0,498600.0,500900.0,499340.0,Sunday
2023-07-03,503210.0,501400.0,503400.0,502000.0,Monday
2023-07-04,502140.0,498300.0,502200.0,500750.0,Tuesday
2023-07-05,499030.0,498400.0,501400.0,500950.0,Wednesday
