,Open,Low,High,Close,DayOfWeek,Is_Imputed,Daily_Return
2011-11-27,13700.0,13700.0,13700.0,13700.0,Sunday,False,
2011-11-28,13440.0,13440.0,13440.0,13440.0,Monday,False,-0.01897810218978102
2011-11-29,13350.0,13350.0,13350.0,13350.0,Tuesday,False,-0.006696428571428603
2011-11-30,13400.0,13400.0,13400.0,13400.0,Wednesday,False,0.0037453183520599342
2011-12-01,13500.0,13500.0,13500.0,13500.0,Thursday,False,0.00746268656716409
2011-12-02,13500.0,13500.0,13500.0,13500.0,Friday,True,0.0
2011-12-03,13650.0,13650.0,13650.0,13650.0,Saturday,False,0.011111111111111072
2011-12-04,13610.0,13610.0,13610.0,13610.0,Sunday,False,-0.00293040293040292
2011-12-05,13610.0,13610.0,13610.0,13610.0,Monday,True,0.0
2011-12-06,13610.0,13610.0,13610.0,13610.0,Tuesday,True,0.0
2011-12-07,13650.0,13650.0,13650.0,13650.0,Wednesday,False,0.0029390154298309934
2011-12-08,13550.0,13550.0,13550.0,13550.0,Thursday,False,-0.0073260073260073
2011-12-09,13550.0,13550.0,13550.0,13550.0,Friday,True,0.0
2011-12-10,13450.0,13450.0,13450.0,13450.0,Saturday,False,-0.0073800738007380184
2011-12-11,13450.0,13450.0,13450.0,13450.0,Sunday,False,0.0
2011-12-12,13530.0,13530.0,13530.0,13530.0,Monday,False,0.005947955390334547
2011-12-13,13630.0,13630.0,13630.0,13630.0,Tuesday,False,0.007390983000739038
2011-12-14,13770.0,13770.0,13770.0,13770.0,Wednesday,False,0.010271460014673606
2011-12-15,13710.0,13710.0,13710.0,13710.0,Thursday,False,-0.004357298474945481
2011-12-16,13710.0,13710.0,13710.0,13710.0,Friday,True,0.0
2011-12-17,13840.0,13840.0,13840.0,13840.0,Saturday,False,0.009482129832239172
2011-12-18,14080.0,14080.0,14080.0,14080.0,Sunday,False,0.01734104046242768
2011-12-19,14500.0,14500.0,14500.0,14500.0,Monday,False,0.029829545454545414
2011-12-20,15300.0,15300.0,15300.0,15300.0,Tuesday,False,0.05517241379310356
2011-12-21,15150.0,15150.0,15150.0,15150.0,Wednesday,False,-0.009803921568627416
2011-12-22,14230.0,14230.0,14230.0,14230.0,Thursday,False,-0.060726072607260706
2011-12-23,14230.0,14230.0,14230.0,14230.0,Friday,True,0.0
2011-12-24,14350.0,14350.0,14350.0,14350.0,Saturday,False,0.008432888264230609
2011-12-25,14800.0,14800.0,14800.0,14800.0,Sunday,False,0.03135888501742157
2011-12-26,15250.0,15250.0,15250.0,15250.0,Monday,False,0.030405405405405483
2011-12-27,15150.0,15150.0,15150.0,15150.0,Tuesday,False,-0.006557377049180357
2011-12-28,15200.0,15200.0,15200.0,15200.0,Wednesday,False,0.0033003300330032292
2011-12-29,15220.0,15220.0,15220.0,15220.0,Thursday,False,0.001315789473684159
2011-12-30,15220.0,15220.0,15220.0,15220.0,Friday,True,0.0
2011-12-31,15550.0,15550.0,15550.0,15550.0,Saturday,False,0.021681997371879147
2012-01-01,15900.0,15900.0,15900.0,15900.0,Sunday,False,0.022508038585209
2012-01-02,17400.0,17400.0,17400.0,17400.0,Monday,False,0.09433962264150941
2012-01-03,16200.0,16200.0,16200.0,16200.0,Tuesday,False,-0.06896551724137934
2012-01-04,15800.0,15800.0,15800.0,15800.0,Wednesday,False,-0.024691358024691357
2012-01-05,15980.0,15980.0,15980.0,15980.0,Thursday,False,0.0113924050632912
2012-01-06,15980.0,15980.0,15980.0,15980.0,Friday,True,0.0
2012-01-07,15970.0,15970.0,15970.0,15970.0,Saturday,False,-0.0006257822277847547
2012-01-08,16550.0,16550.0,16550.0,16550.0,Sunday,False,0.036318096430807856
2012-01-09,16900.0,16900.0,16900.0,16900.0,Monday,False,0.02114803625377637
2012-01-10,16900.0,16900.0,16900.0,16900.0,Tuesday,False,0.0
2012-01-11,16920.0,16920.0,16920.0,16920.0,Wednesday,False,0.0011834319526626835
2012-01-12,16950.0,16950.0,16950.0,16950.0,Thursday,False,0.0017730496453900457
2012-01-13,16950.0,16950.0,16950.0,16950.0,Friday,True,0.0
2012-01-14,16950.0,16950.0,16950.0,16950.0,Saturday,True,0.0
2012-01-15,16950.0,16950.0,16950.0,16950.0,Sunday,True,0.0
2012-01-16,16900.0,16900.0,16900.0,16900.0,Monday,False,-0.002949852507374673
2012-01-17,17400.0,17400.0,17400.0,17400.0,Tuesday,False,0.029585798816567976
2012-01-18,18200.0,18200.0,18200.0,18200.0,Wednesday,False,0.04597701149425282
2012-01-19,18200.0,18200.0,18200.0,18200.0,Thursday,False,0.0
2012-01-20,18200.0,18200.0,18200.0,18200.0,Friday,True,0.0
2012-01-21,19000.0,19000.0,19000.0,19000.0,Saturday,False,0.04395604395604402
2012-01-22,19000.0,19000.0,19000.0,19000.0,Sunday,True,0.0
2012-01-23,21000.0,21000.0,21000.0,21000.0,Monday,False,0.10526315789473695
2012-01-24,21000.0,21000.0,21000.0,21000.0,Tuesday,True,0.0
2012-01-25,19000.0,19000.0,19000.0,19000.0,Wednesday,False,-0.09523809523809523
2012-01-26,17000.0,17000.0,17000.0,17000.0,Thursday,False,-0.10526315789473684
2012-01-27,17000.0,17000.0,17000.0,17000.0,Friday,True,0.0
2012-01-28,17700.0,17700.0,17700.0,17700.0,Saturday,False,0.04117647058823537
2012-01-29,18300.0,18300.0,18300.0,18300.0,Sunday,False,0.03389830508474567
2012-01-30,18300.0,18300.0,18300.0,18300.0,Monday,False,0.0
2012-01-31,18300.0,18300.0,18300.0,18300.0,Tuesday,True,0.0
2012-02-01,18300.0,18300.0,18300.0,18300.0,Wednesday,False,0.0
2012-02-02,18300.0,18300.0,18300.0,18300.0,Thursday,True,0.0
2012-02-03,18300.0,18300.0,18300.0,18300.0,Friday,True,0.0
2012-02-04,17750.0,17750.0,17750.0,17750.0,Saturday,False,-0.030054644808743203
2012-02-05,18500.0,18500.0,18500.0,18500.0,Sunday,False,0.04225352112676051
2012-02-06,18800.0,18800.0,18800.0,18800.0,Monday,False,0.016216216216216273
2012-02-07,18900.0,18900.0,18900.0,18900.0,Tuesday,False,0.005319148936170137
2012-02-08,19200.0,19200.0,19200.0,19200.0,Wednesday,False,0.015873015873015817
2012-02-09,19200.0,19200.0,19200.0,19200.0,Thursday,True,0.0
2012-02-10,19200.0,19200.0,19200.0,19200.0,Friday,True,0.0
2012-02-11,19200.0,19200.0,19200.0,19200.0,Saturday,True,0.0
2012-02-12,19400.0,19400.0,19400.0,19400.0,Sunday,False,0.01041666666666674
2012-02-13,19000.0,19000.0,19000.0,19000.0,Monday,False,-0.020618556701030966
2012-02-14,19350.0,19350.0,19350.0,19350.0,Tuesday,False,0.018421052631578894
2012-02-15,19500.0,19500.0,19500.0,19500.0,Wednesday,False,0.007751937984496138
2012-02-16,19600.0,19600.0,19600.0,19600.0,Thursday,False,0.00512820512820511
2012-02-17,19600.0,19600.0,19600.0,19600.0,Friday,True,0.0
2012-02-18,19400.0,19400.0,19400.0,19400.0,Saturday,False,-0.010204081632653073
2012-02-19,19200.0,19200.0,19200.0,19200.0,Sunday,False,-0.010309278350515427
2012-02-20,19400.0,19400.0,19400.0,19400.0,Monday,False,0.01041666666666674
2012-02-21,19450.0,19450.0,19450.0,19450.0,Tuesday,False,0.002577319587628857
2012-02-22,19350.0,19350.0,19350.0,19350.0,Wednesday,False,-0.005141388174807249
2012-02-23,19350.0,19350.0,19350.0,19350.0,Thursday,False,0.0
2012-02-24,19350.0,19350.0,19350.0,19350.0,Friday,True,0.0
2012-02-25,19350.0,19350.0,19350.0,19350.0,Saturday,True,0.0
2012-02-26,19300.0,19300.0,19300.0,19300.0,Sunday,False,-0.0025839793281653423
2012-02-27,18700.0,18700.0,18700.0,18700.0,Monday,False,-0.031088082901554404
2012-02-28,18500.0,18500.0,18500.0,18500.0,Tuesday,False,-0.010695187165775444
2012-02-29,19200.0,19200.0,19200.0,19200.0,Wednesday,False,0.037837837837837895
2012-03-01,19250.0,19250.0,19250.0,19250.0,Thursday,False,0.0026041666666667407
2012-03-02,19250.0,19250.0,19250.0,19250.0,Friday,True,0.0
2012-03-03,19250.0,19250.0,19250.0,19250.0,Saturday,False,0.0
2012-03-04,19000.0,19000.0,19000.0,19000.0,Sunday,False,-0.012987012987012991
2012-03-05,19100.0,19100.0,19100.0,19100.0,Monday,False,0.0052631578947368585
2012-03-06,18950.0,18950.0,18950.0,18950.0,Tuesday,False,-0.007853403141361293
2012-03-07,18850.0,18850.0,18850.0,18850.0,Wednesday,False,-0.00527704485488123
2012-03-08,19000.0,19000.0,19000.0,19000.0,Thursday,False,0.007957559681697646
2012-03-09,19000.0,19000.0,19000.0,19000.0,Friday,True,0.0
2012-03-10,18800.0,18800.0,18800.0,18800.0,Saturday,False,-0.010526315789473717
2012-03-11,18700.0,18700.0,18700.0,18700.0,Sunday,False,-0.005319148936170248
2012-03-12,18850.0,18850.0,18850.0,18850.0,Monday,False,0.008021390374331583
2012-03-13,18800.0,18800.0,18800.0,18800.0,Tuesday,False,-0.0026525198938992522
2012-03-14,18600.0,18600.0,18600.0,18600.0,Wednesday,False,-0.010638297872340385
2012-03-15,18500.0,18500.0,18500.0,18500.0,Thursday,False,-0.005376344086021501
2012-03-16,18500.0,18500.0,18500.0,18500.0,Friday,True,0.0
2012-03-17,19250.0,19250.0,19250.0,19250.0,Saturday,False,0.04054054054054057
2012-03-18,19150.0,19150.0,19150.0,19150.0,Sunday,False,-0.0051948051948051965
2012-03-19,19150.0,19150.0,19150.0,19150.0,Monday,True,0.0
2012-03-20,19150.0,19150.0,19150.0,19150.0,Tuesday,True,0.0
2012-03-21,19150.0,19150.0,19150.0,19150.0,Wednesday,True,0.0
2012-03-22,19150.0,19150.0,19150.0,19150.0,Thursday,True,0.0
2012-03-23,19150.0,19150.0,19150.0,19150.0,Friday,True,0.0
2012-03-24,19150.0,19150.0,19150.0,19150.0,Saturday,True,0.0
2012-03-25,18900.0,18900.0,18900.0,18900.0,Sunday,False,-0.01305483028720622
2012-03-26,19000.0,19000.0,19000.0,19000.0,Monday,False,0.005291005291005346
2012-03-27,19000.0,19000.0,19000.0,19000.0,Tuesday,True,0.0
2012-03-28,19200.0,19200.0,19200.0,19200.0,Wednesday,False,0.010526315789473717
2012-03-29,19200.0,19200.0,19200.0,19200.0,Thursday,False,0.0
2012-03-30,19200.0,19200.0,19200.0,19200.0,Friday,True,0.0
2012-03-31,19200.0,19200.0,19200.0,19200.0,Saturday,True,0.0
2012-04-01,19200.0,19200.0,19200.0,19200.0,Sunday,True,0.0
2012-04-02,19120.0,19120.0,19120.0,19120.0,Monday,False,-0.004166666666666652
2012-04-03,19000.0,19000.0,19000.0,19000.0,Tuesday,False,-0.006276150627615107
2012-04-04,18950.0,18950.0,18950.0,18950.0,Wednesday,False,-0.0026315789473684292
2012-04-05,19000.0,19000.0,19000.0,19000.0,Thursday,False,0.0026385224274405594
2012-04-06,19000.0,19000.0,19000.0,19000.0,Friday,True,0.0
2012-04-07,19100.0,19100.0,19100.0,19100.0,Saturday,False,0.0052631578947368585
2012-04-08,19010.0,19010.0,19010.0,19010.0,Sunday,False,-0.0047120418848167755
2012-04-09,19000.0,19000.0,19000.0,19000.0,Monday,False,-0.0005260389268806342
2012-04-10,18650.0,18650.0,18650.0,18650.0,Tuesday,False,-0.018421052631578894
2012-04-11,18800.0,18800.0,18800.0,18800.0,Wednesday,False,0.008042895442359255
2012-04-12,18840.0,18840.0,18840.0,18840.0,Thursday,False,0.0021276595744681437
2012-04-13,18840.0,18840.0,18840.0,18840.0,Friday,True,0.0
2012-04-14,18800.0,18800.0,18800.0,18800.0,Saturday,False,-0.002123142250530785
2012-04-15,17300.0,17300.0,17300.0,17300.0,Sunday,False,-0.07978723404255317
2012-04-16,17800.0,17800.0,17800.0,17800.0,Monday,False,0.028901734104046284
2012-04-17,18000.0,18000.0,18000.0,18000.0,Tuesday,False,0.011235955056179803
2012-04-18,18240.0,18240.0,18240.0,18240.0,Wednesday,False,0.01333333333333342
2012-04-19,18180.0,18180.0,18180.0,18180.0,Thursday,False,-0.003289473684210509
2012-04-20,18180.0,18180.0,18180.0,18180.0,Friday,True,0.0
2012-04-21,18030.0,18030.0,18030.0,18030.0,Saturday,False,-0.008250825082508295
2012-04-22,17950.0,17950.0,17950.0,17950.0,Sunday,False,-0.00443704936217415
2012-04-23,17790.0,17790.0,17790.0,17790.0,Monday,False,-0.008913649025069637
2012-04-24,17580.0,17580.0,17580.0,17580.0,Tuesday,False,-0.01180438448566612
2012-04-25,17580.0,17580.0,17580.0,17580.0,Wednesday,True,0.0
2012-04-26,17480.0,17480.0,17480.0,17480.0,Thursday,False,-0.005688282138794132
2012-04-27,17480.0,17480.0,17480.0,17480.0,Friday,True,0.0
2012-04-28,16650.0,16650.0,16650.0,16650.0,Saturday,False,-0.04748283752860416
2012-04-29,17340.0,17340.0,17340.0,17340.0,Sunday,False,0.04144144144144146
2012-04-30,17250.0,17250.0,17250.0,17250.0,Monday,False,-0.00519031141868509
2012-05-01,17100.0,17100.0,17100.0,17100.0,Tuesday,False,-0.008695652173912993
2012-05-02,17090.0,17090.0,17090.0,17090.0,Wednesday,False,-0.0005847953216374657
2012-05-03,17050.0,17050.0,17050.0,17050.0,Thursday,False,-0.002340550029256927
2012-05-04,17050.0,17050.0,17050.0,17050.0,Friday,True,0.0
2012-05-05,16780.0,16780.0,16780.0,16780.0,Saturday,False,-0.015835777126099737
2012-05-06,16720.0,16720.0,16720.0,16720.0,Sunday,False,-0.0035756853396901045
2012-05-07,16640.0,16640.0,16640.0,16640.0,Monday,False,-0.004784688995215336
2012-05-08,16550.0,16550.0,16550.0,16550.0,Tuesday,False,-0.005408653846153855
2012-05-09,16500.0,16500.0,16500.0,16500.0,Wednesday,False,-0.0030211480362537513
2012-05-10,16190.0,16190.0,16190.0,16190.0,Thursday,False,-0.018787878787878798
2012-05-11,16190.0,16190.0,16190.0,16190.0,Friday,True,0.0
2012-05-12,15890.0,15890.0,15890.0,15890.0,Saturday,False,-0.018529956763434163
2012-05-13,15750.0,15750.0,15750.0,15750.0,Sunday,False,-0.008810572687224627
2012-05-14,16250.0,16250.0,16250.0,16250.0,Monday,False,0.031746031746031855
2012-05-15,16690.0,16690.0,16690.0,16690.0,Tuesday,False,0.027076923076923
2012-05-16,16380.0,16380.0,16380.0,16380.0,Wednesday,False,-0.01857399640503299
2012-05-17,16650.0,16650.0,16650.0,16650.0,Thursday,False,0.016483516483516425
2012-05-18,16650.0,16650.0,16650.0,16650.0,Friday,True,0.0
2012-05-19,16850.0,16850.0,16850.0,16850.0,Saturday,False,0.012012012012011963
2012-05-20,16760.0,16760.0,16760.0,16760.0,Sunday,False,-0.005341246290801238
2012-05-21,16850.0,16850.0,16850.0,16850.0,Monday,False,0.005369928400954738
2012-05-22,16690.0,16690.0,16690.0,16690.0,Tuesday,False,-0.00949554896142435
2012-05-23,16710.0,16710.0,16710.0,16710.0,Wednesday,False,0.0011983223487117556
2012-05-24,17600.0,17600.0,17600.0,17600.0,Thursday,False,0.05326152004787543
2012-05-25,17600.0,17600.0,17600.0,17600.0,Friday,True,0.0
2012-05-26,17670.0,17670.0,17670.0,17670.0,Saturday,False,0.003977272727272663
2012-05-27,17200.0,17200.0,17200.0,17200.0,Sunday,False,-0.026598754951895898
2012-05-28,17300.0,17300.0,17300.0,17300.0,Monday,False,0.005813953488372103
2012-05-29,17600.0,17600.0,17600.0,17600.0,Tuesday,False,0.01734104046242768
2012-05-30,17680.0,17680.0,17680.0,17680.0,Wednesday,False,0.00454545454545463
2012-05-31,17700.0,17700.0,17700.0,17700.0,Thursday,False,0.0011312217194570096
2012-06-01,17700.0,17700.0,17700.0,17700.0,Friday,True,0.0
2012-06-02,17770.0,17770.0,17770.0,17770.0,Saturday,False,0.00395480225988698
2012-06-03,17770.0,17770.0,17770.0,17770.0,Sunday,True,0.0
2012-06-04,17770.0,17770.0,17770.0,17770.0,Monday,True,0.0
2012-06-05,17680.0,17680.0,17680.0,17680.0,Tuesday,False,-0.005064715813168252
2012-06-06,17700.0,17700.0,17700.0,17700.0,Wednesday,False,0.0011312217194570096
2012-06-07,17850.0,17850.0,17850.0,17850.0,Thursday,False,0.008474576271186418
2012-06-08,17850.0,17850.0,17850.0,17850.0,Friday,True,0.0
2012-06-09,18250.0,18250.0,18250.0,18250.0,Saturday,False,0.022408963585434094
2012-06-10,18210.0,18210.0,18210.0,18210.0,Sunday,False,-0.0021917808219178436
2012-06-11,18150.0,18150.0,18150.0,18150.0,Monday,False,-0.0032948929159802853
2012-06-12,17900.0,17900.0,17900.0,17900.0,Tuesday,False,-0.01377410468319562
2012-06-13,17600.0,17600.0,17600.0,17600.0,Wednesday,False,-0.016759776536312887
2012-06-14,17800.0,17800.0,17800.0,17800.0,Thursday,False,0.011363636363636465
2012-06-15,17800.0,17800.0,17800.0,17800.0,Friday,True,0.0
2012-06-16,17850.0,17850.0,17850.0,17850.0,Saturday,False,0.002808988764045006
2012-06-17,18000.0,18000.0,18000.0,18000.0,Sunday,False,0.008403361344537785
2012-06-18,18000.0,18000.0,18000.0,18000.0,Monday,True,0.0
2012-06-19,18100.0,18100.0,18100.0,18100.0,Tuesday,False,0.005555555555555536
2012-06-20,18280.0,18280.0,18280.0,18280.0,Wednesday,False,0.009944751381215422
2012-06-21,18300.0,18300.0,18300.0,18300.0,Thursday,False,0.001094091903719896
2012-06-22,18300.0,18300.0,18300.0,18300.0,Friday,True,0.0
2012-06-23,18800.0,18800.0,18800.0,18800.0,Saturday,False,0.02732240437158473
2012-06-24,19050.0,19050.0,19050.0,19050.0,Sunday,False,0.013297872340425565
2012-06-25,18950.0,18950.0,18950.0,18950.0,Monday,False,-0.005249343832021025
2012-06-26,19200.0,19200.0,19200.0,19200.0,Tuesday,False,0.013192612137203241
2012-06-27,19400.0,19400.0,19400.0,19400.0,Wednesday,False,0.01041666666666674
2012-06-28,20150.0,20150.0,20150.0,20150.0,Thursday,False,0.038659793814433074
2012-06-29,20150.0,20150.0,20150.0,20150.0,Friday,False,0.0
2012-06-30,19800.0,19520.0,20000.0,19940.0,Saturday,False,-0.01042183622828785
2012-07-01,19890.0,19520.0,19890.0,19530.0,Sunday,False,-0.020561685055165535
2012-07-02,19460.0,19280.0,19560.0,19430.0,Monday,False,-0.005120327700972815
2012-07-03,19410.0,19400.0,19760.0,19760.0,Tuesday,False,0.016984045290787453
2012-07-04,19800.0,19610.0,19830.0,19680.0,Wednesday,False,-0.004048582995951455
2012-07-05,19800.0,19610.0,19830.0,19680.0,Thursday,True,0.0
2012-07-06,19800.0,19610.0,19830.0,19680.0,Friday,True,0.0
2012-07-07,19580.0,19410.0,19600.0,19460.0,Saturday,False,-0.011178861788617933
2012-07-08,19390.0,19040.0,19390.0,19100.0,Sunday,False,-0.018499486125385434
2012-07-09,19020.0,18810.0,19160.0,19130.0,Monday,False,0.0015706806282722585
2012-07-10,19200.0,19200.0,19460.0,19360.0,Tuesday,False,0.01202300052273908
2012-07-11,19330.0,19100.0,19340.0,19140.0,Wednesday,False,-0.011363636363636354
2012-07-12,19170.0,19150.0,19240.0,19220.0,Thursday,False,0.004179728317659448
2012-07-13,19170.0,19150.0,19240.0,19220.0,Friday,True,0.0
2012-07-14,19350.0,19150.0,19350.0,19150.0,Saturday,False,-0.0036420395421435936
2012-07-15,19130.0,19010.0,19130.0,19020.0,Sunday,False,-0.006788511749347248
2012-07-16,18900.0,18900.0,19200.0,19200.0,Monday,False,0.009463722397476282
2012-07-17,19280.0,19090.0,19280.0,19090.0,Tuesday,False,-0.005729166666666674
2012-07-18,19040.0,19030.0,19220.0,19150.0,Wednesday,False,0.0031430068098481367
2012-07-19,19140.0,19080.0,19140.0,19100.0,Thursday,False,-0.0026109660574412663
2012-07-20,19140.0,19080.0,19140.0,19100.0,Friday,True,0.0
2012-07-21,19080.0,19030.0,19100.0,19090.0,Saturday,False,-0.0005235602094241232
2012-07-22,19070.0,18980.0,19080.0,18990.0,Sunday,False,-0.005238344683080154
2012-07-23,18960.0,18960.0,19090.0,19080.0,Monday,False,0.004739336492890933
2012-07-24,19100.0,19100.0,19230.0,19210.0,Tuesday,False,0.006813417190775661
2012-07-25,19200.0,19200.0,19340.0,19290.0,Wednesday,False,0.004164497657470179
2012-07-26,19350.0,19350.0,19600.0,19570.0,Thursday,False,0.014515292897874454
2012-07-27,19350.0,19350.0,19600.0,19570.0,Friday,True,0.0
2012-07-28,19600.0,19600.0,19740.0,19700.0,Saturday,False,0.006642820643842695
2012-07-29,19650.0,19420.0,19650.0,19470.0,Sunday,False,-0.011675126903553323
2012-07-30,19500.0,19500.0,19680.0,19680.0,Monday,False,0.01078582434514641
2012-07-31,19710.0,19630.0,19710.0,19710.0,Tuesday,False,0.0015243902439023849
2012-08-01,19820.0,19800.0,20080.0,20070.0,Wednesday,False,0.0182648401826484
2012-08-02,20080.0,20080.0,20250.0,20190.0,Thursday,False,0.005979073243647326
2012-08-03,20080.0,20080.0,20250.0,20190.0,Friday,True,0.0
2012-08-04,20070.0,20020.0,20170.0,20080.0,Saturday,False,-0.00544824170381375
2012-08-05,20040.0,20040.0,20480.0,20440.0,Sunday,False,0.017928286852589626
2012-08-06,20700.0,20700.0,21550.0,21460.0,Monday,False,0.04990215264187858
2012-08-07,21800.0,21570.0,22100.0,21980.0,Tuesday,False,0.024231127679403608
2012-08-08,21970.0,20850.0,21970.0,20850.0,Wednesday,False,-0.05141037306642404
2012-08-09,20700.0,20570.0,20950.0,20950.0,Thursday,False,0.004796163069544335
2012-08-10,20700.0,20570.0,20950.0,20950.0,Friday,True,0.0
2012-08-11,20800.0,20800.0,21350.0,21300.0,Saturday,False,0.01670644391408116
2012-08-12,21390.0,21370.0,21520.0,21480.0,Sunday,False,0.008450704225352101
2012-08-13,21400.0,21290.0,21410.0,21300.0,Monday,False,-0.008379888268156388
2012-08-14,21290.0,21210.0,21310.0,21210.0,Tuesday,False,-0.004225352112676051
2012-08-15,21230.0,21070.0,21240.0,21070.0,Wednesday,False,-0.0066006600660065695
2012-08-16,21110.0,21060.0,21260.0,21260.0,Thursday,False,0.009017560512577072
2012-08-17,21110.0,21060.0,21260.0,21260.0,Friday,True,0.0
2012-08-18,21300.0,21200.0,21320.0,21200.0,Saturday,False,-0.002822201317027262
2012-08-19,21300.0,21200.0,21320.0,21200.0,Sunday,True,0.0
2012-08-20,21300.0,21200.0,21320.0,21200.0,Monday,True,0.0
2012-08-21,21210.0,21180.0,21290.0,21290.0,Tuesday,False,0.004245283018867951
2012-08-22,21360.0,21290.0,21360.0,21360.0,Wednesday,False,0.0032879286049789513
2012-08-23,21420.0,21420.0,21690.0,21630.0,Thursday,False,0.012640449438202195
2012-08-24,21420.0,21420.0,21690.0,21630.0,Friday,True,0.0
2012-08-25,21830.0,21820.0,22100.0,21940.0,Saturday,False,0.01433194637078139
2012-08-26,22000.0,21650.0,22000.0,21730.0,Sunday,False,-0.009571558796718338
2012-08-27,21750.0,21720.0,21960.0,21960.0,Monday,False,0.010584445467096248
2012-08-28,21930.0,21930.0,21940.0,21940.0,Tuesday,False,-0.0009107468123861207
2012-08-29,21930.0,21930.0,21950.0,21940.0,Wednesday,False,0.0
2012-08-30,21930.0,21930.0,21950.0,21940.0,Thursday,True,0.0
2012-08-31,21930.0,21930.0,21950.0,21940.0,Friday,True,0.0
2012-09-01,21850.0,21770.0,21850.0,21800.0,Saturday,False,-0.006381039197812188
2012-09-02,21780.0,21590.0,21780.0,21590.0,Sunday,False,-0.009633027522935822
2012-09-03,21500.0,21330.0,21730.0,21730.0,Monday,False,0.006484483557202436
2012-09-04,21820.0,21750.0,21910.0,21820.0,Tuesday,False,0.004141739530602928
2012-09-05,21820.0,21810.0,22190.0,22180.0,Wednesday,False,0.016498625114573784
2012-09-06,22370.0,22210.0,22500.0,22210.0,Thursday,False,0.0013525698827772104
2012-09-07,22370.0,22210.0,22500.0,22210.0,Friday,True,0.0
2012-09-08,22500.0,22500.0,23020.0,23020.0,Saturday,False,0.03647005853219265
2012-09-09,23140.0,23140.0,24480.0,24480.0,Sunday,False,0.06342311033883585
2012-09-10,24900.0,24900.0,26300.0,25600.0,Monday,False,0.045751633986928164
2012-09-11,25200.0,24250.0,25200.0,24750.0,Tuesday,False,-0.033203125
2012-09-12,25200.0,24250.0,25200.0,24750.0,Wednesday,True,0.0
2012-09-13,23900.0,23820.0,24000.0,23910.0,Thursday,False,-0.033939393939393936
2012-09-14,23900.0,23820.0,24000.0,23910.0,Friday,True,0.0
2012-09-15,23850.0,23850.0,24480.0,24480.0,Saturday,False,0.023839397741530766
2012-09-16,24350.0,24320.0,24550.0,24470.0,Sunday,False,-0.00040849673202614234
2012-09-17,24470.0,24470.0,25240.0,24930.0,Monday,False,0.018798528810788806
2012-09-18,24700.0,24300.0,24820.0,24360.0,Tuesday,False,-0.022864019253910906
2012-09-19,24210.0,23990.0,24360.0,24280.0,Wednesday,False,-0.003284072249589487
2012-09-20,24340.0,24340.0,24410.0,24380.0,Thursday,False,0.004118616144975329
2012-09-21,24340.0,24340.0,24410.0,24380.0,Friday,True,0.0
2012-09-22,24740.0,24370.0,24740.0,24690.0,Saturday,False,0.012715340442986056
2012-09-23,24660.0,24510.0,24780.0,24760.0,Sunday,False,0.0028351559335764165
2012-09-24,24600.0,24600.0,25300.0,25200.0,Monday,False,0.017770597738287597
2012-09-25,25310.0,25310.0,26530.0,25480.0,Tuesday,False,0.011111111111111072
2012-09-26,26150.0,26120.0,26460.0,26300.0,Wednesday,False,0.032182103610675084
2012-09-27,26760.0,26760.0,26900.0,26900.0,Thursday,False,0.02281368821292773
2012-09-28,26760.0,26760.0,26900.0,26900.0,Friday,True,0.0
2012-09-29,27160.0,27160.0,28500.0,28440.0,Saturday,False,0.057249070631970156
2012-09-30,29600.0,29410.0,29800.0,29800.0,Sunday,False,0.047819971870604716
2012-10-01,29680.0,29680.0,34700.0,34700.0,Monday,False,0.16442953020134232
2012-10-02,33300.0,33300.0,36100.0,36100.0,Tuesday,False,0.04034582132564846
2012-10-03,35700.0,30000.0,36300.0,34000.0,Wednesday,False,-0.05817174515235457
2012-10-04,31000.0,29600.0,32000.0,30000.0,Thursday,False,-0.11764705882352944
2012-10-05,31000.0,29600.0,32000.0,30000.0,Friday,True,0.0
2012-10-06,29000.0,28500.0,31500.0,30300.0,Saturday,False,0.010000000000000009
2012-10-07,29800.0,28500.0,31200.0,30000.0,Sunday,False,-0.00990099009900991
2012-10-08,30670.0,30670.0,33400.0,33400.0,Monday,False,0.11333333333333329
2012-10-09,34000.0,33000.0,34500.0,33000.0,Tuesday,False,-0.0119760479041916
2012-10-10,32200.0,31250.0,33500.0,33000.0,Wednesday,False,0.0
2012-10-11,33000.0,33000.0,33450.0,33250.0,Thursday,False,0.007575757575757569
2012-10-12,33000.0,33000.0,33450.0,33250.0,Friday,True,0.0
2012-10-13,33950.0,33950.0,33950.0,33950.0,Saturday,False,0.021052631578947434
2012-10-14,33700.0,33500.0,34200.0,34000.0,Sunday,False,0.0014727540500736325
2012-10-15,34600.0,34600.0,35400.0,35200.0,Monday,False,0.03529411764705892
2012-10-16,36000.0,36000.0,36000.0,36000.0,Tuesday,False,0.022727272727272707
2012-10-17,33350.0,33350.0,33350.0,33350.0,Wednesday,False,-0.07361111111111107
2012-10-18,33350.0,33350.0,36000.0,35300.0,Thursday,False,0.058470764617691184
2012-10-19,33350.0,33350.0,36000.0,35300.0,Friday,True,0.0
2012-10-20,36000.0,36000.0,36000.0,36000.0,Saturday,False,0.019830028328611915
2012-10-21,35500.0,35000.0,35500.0,35400.0,Sunday,False,-0.01666666666666672
2012-10-22,36000.0,36000.0,36000.0,36000.0,Monday,False,0.016949152542372836
2012-10-23,33000.0,32700.0,33000.0,32700.0,Tuesday,False,-0.09166666666666667
2012-10-24,34000.0,34000.0,34000.0,34000.0,Wednesday,False,0.039755351681957096
2012-10-25,34000.0,34000.0,34000.0,34000.0,Thursday,False,0.0
2012-10-26,34000.0,34000.0,34000.0,34000.0,Friday,False,0.0
2012-10-27,33400.0,33400.0,33400.0,33400.0,Saturday,False,-0.01764705882352946
2012-10-28,32900.0,32900.0,32900.0,32900.0,Sunday,False,-0.014970059880239472
2012-10-29,33400.0,33400.0,33400.0,33400.0,Monday,False,0.015197568389057725
2012-10-30,33000.0,33000.0,33000.0,33000.0,Tuesday,False,-0.0119760479041916
2012-10-31,32900.0,32900.0,32900.0,32900.0,Wednesday,False,-0.00303030303030305
2012-11-01,32900.0,32900.0,32900.0,32900.0,Thursday,False,0.0
2012-11-02,32900.0,32900.0,32900.0,32900.0,Friday,False,0.0
2012-11-03,32900.0,32900.0,32900.0,32900.0,Saturday,False,0.0
2012-11-04,31000.0,29500.0,31000.0,29500.0,Sunday,False,-0.10334346504559266
2012-11-05,29500.0,29500.0,29500.0,29500.0,Monday,False,0.0
2012-11-06,32000.0,32000.0,32000.0,32000.0,Tuesday,False,0.0847457627118644
2012-11-07,31800.0,31800.0,31800.0,31800.0,Wednesday,False,-0.006249999999999978
2012-11-08,31800.0,31800.0,31800.0,31800.0,Thursday,False,0.0
2012-11-09,31800.0,31800.0,31800.0,31800.0,Friday,False,0.0
2012-11-10,31000.0,31000.0,31000.0,31000.0,Saturday,False,-0.02515723270440251
2012-11-11,30700.0,30700.0,30700.0,30700.0,Sunday,False,-0.009677419354838679
2012-11-12,30500.0,30500.0,30500.0,30500.0,Monday,False,-0.006514657980456029
2012-11-13,30000.0,30000.0,30000.0,30000.0,Tuesday,False,-0.016393442622950838
2012-11-14,29800.0,29800.0,29800.0,29800.0,Wednesday,False,-0.00666666666666671
2012-11-15,29800.0,29800.0,29800.0,29800.0,Thursday,False,0.0
2012-11-16,29800.0,29800.0,29800.0,29800.0,Friday,False,0.0
2012-11-17,29400.0,29400.0,29400.0,29400.0,Saturday,False,-0.01342281879194629
2012-11-18,28500.0,28500.0,28500.0,28500.0,Sunday,False,-0.030612244897959218
2012-11-19,28000.0,28000.0,28000.0,28000.0,Monday,False,-0.01754385964912286
2012-11-20,26500.0,26500.0,26500.0,26500.0,Tuesday,False,-0.0535714285714286
2012-11-21,28400.0,28400.0,28400.0,28400.0,Wednesday,False,0.07169811320754715
2012-11-22,28400.0,28400.0,29000.0,29000.0,Thursday,False,0.021126760563380254
2012-11-23,29000.0,29000.0,29000.0,29000.0,Friday,False,0.0
2012-11-24,29000.0,29000.0,29000.0,29000.0,Saturday,False,0.0
2012-11-25,29000.0,29000.0,29000.0,29000.0,Sunday,False,0.0
2012-11-26,28900.0,28900.0,28900.0,28900.0,Monday,False,-0.0034482758620689724
2012-11-27,28000.0,28000.0,28000.0,28000.0,Tuesday,False,-0.03114186851211076
2012-11-28,29000.0,29000.0,29000.0,29000.0,Wednesday,False,0.03571428571428581
2012-11-29,28700.0,28700.0,28700.0,28700.0,Thursday,False,-0.010344827586206917
2012-11-30,28700.0,28700.0,28700.0,28700.0,Friday,True,0.0
2012-12-01,29500.0,29500.0,29500.0,29500.0,Saturday,False,0.027874564459930307
2012-12-02,29300.0,29300.0,29300.0,29300.0,Sunday,False,-0.006779661016949157
2012-12-03,29300.0,29300.0,29300.0,29300.0,Monday,False,0.0
2012-12-04,29100.0,29100.0,29100.0,29100.0,Tuesday,False,-0.0068259385665528916
2012-12-05,29300.0,29300.0,29300.0,29300.0,Wednesday,False,0.0068728522336769515
2012-12-06,29300.0,29300.0,29300.0,29300.0,Thursday,False,0.0
2012-12-07,29300.0,29300.0,29300.0,29300.0,Friday,False,0.0
2012-12-08,30500.0,30500.0,30500.0,30500.0,Saturday,False,0.04095563139931735
2012-12-09,29000.0,29000.0,29000.0,29000.0,Sunday,False,-0.049180327868852514
2012-12-10,29800.0,29800.0,29800.0,29800.0,Monday,False,0.02758620689655178
2012-12-11,30100.0,30100.0,30100.0,30100.0,Tuesday,False,0.010067114093959662
2012-12-12,29950.0,29950.0,29950.0,29950.0,Wednesday,False,-0.004983388704318914
2012-12-13,30200.0,30200.0,30200.0,30200.0,Thursday,False,0.008347245409014992
2012-12-14,30200.0,30200.0,30200.0,30200.0,Friday,True,0.0
2012-12-15,29700.0,29700.0,29700.0,29700.0,Saturday,False,-0.01655629139072845
2012-12-16,30000.0,30000.0,30000.0,30000.0,Sunday,False,0.010101010101010166
2012-12-17,30000.0,30000.0,30330.0,30330.0,Monday,False,0.010999999999999899
2012-12-18,30900.0,30900.0,31100.0,31100.0,Tuesday,False,0.025387405209363667
2012-12-19,31250.0,30850.0,31350.0,30850.0,Wednesday,False,-0.008038585209003246
2012-12-20,31000.0,31000.0,31000.0,31000.0,Thursday,False,0.004862236628849326
2012-12-21,31000.0,31000.0,31000.0,31000.0,Friday,True,0.0
2012-12-22,31500.0,31300.0,31700.0,31700.0,Saturday,False,0.022580645161290214
2012-12-23,31800.0,31800.0,32400.0,32400.0,Sunday,False,0.02208201892744488
2012-12-24,33500.0,33320.0,33500.0,33320.0,Monday,False,0.02839506172839501
2012-12-25,34200.0,33320.0,34200.0,33320.0,Tuesday,False,0.0
2012-12-26,32640.0,32480.0,33280.0,32750.0,Wednesday,False,-0.01710684273709484
2012-12-27,32850.0,32600.0,32850.0,32600.0,Thursday,False,-0.004580152671755711
2012-12-28,32850.0,32600.0,32850.0,32600.0,Friday,True,0.0
2012-12-29,32800.0,32100.0,32800.0,32100.0,Saturday,False,-0.015337423312883458
2012-12-30,31950.0,31600.0,32300.0,32300.0,Sunday,False,0.006230529595015577
2012-12-31,32900.0,32400.0,32900.0,32400.0,Monday,False,0.003095975232198178
2013-01-01,32400.0,32400.0,32550.0,32400.0,Tuesday,False,0.0
2013-01-02,32350.0,32350.0,32500.0,32450.0,Wednesday,False,0.0015432098765431057
2013-01-03,32350.0,32350.0,32500.0,32450.0,Thursday,True,0.0
2013-01-04,32350.0,32350.0,32500.0,32450.0,Friday,True,0.0
2013-01-05,32350.0,32350.0,32350.0,32350.0,Saturday,False,-0.0030816640986132127
2013-01-06,32400.0,32330.0,32460.0,32460.0,Sunday,False,0.0034003091190109025
2013-01-07,32400.0,32300.0,32400.0,32350.0,Monday,False,-0.0033887861983979972
2013-01-08,32420.0,32400.0,32660.0,32660.0,Tuesday,False,0.009582689335394079
2013-01-09,32550.0,32550.0,33250.0,32850.0,Wednesday,False,0.00581751377832207
2013-01-10,32800.0,32800.0,32800.0,32800.0,Thursday,False,-0.0015220700152207556
2013-01-11,32800.0,32800.0,32800.0,32800.0,Friday,True,0.0
2013-01-12,32800.0,32800.0,32800.0,32800.0,Saturday,True,0.0
2013-01-13,32700.0,32700.0,33080.0,32880.0,Sunday,False,0.0024390243902439046
2013-01-14,32900.0,32850.0,32950.0,32900.0,Monday,False,0.0006082725060827521
2013-01-15,32930.0,32900.0,33100.0,33050.0,Tuesday,False,0.004559270516717229
2013-01-16,33300.0,33010.0,33300.0,33050.0,Wednesday,False,0.0
2013-01-17,33080.0,33050.0,33080.0,33050.0,Thursday,False,0.0
2013-01-18,33080.0,33050.0,33080.0,33050.0,Friday,True,0.0
2013-01-19,33150.0,33150.0,33400.0,33400.0,Saturday,False,0.010590015128593144
2013-01-20,33300.0,33300.0,34350.0,34100.0,Sunday,False,0.020958083832335328
2013-01-21,34400.0,34400.0,35430.0,35150.0,Monday,False,0.030791788856304958
2013-01-22,35240.0,35240.0,36500.0,36190.0,Tuesday,False,0.029587482219061156
2013-01-23,36500.0,34960.0,36500.0,35600.0,Wednesday,False,-0.016302846090080148
2013-01-24,35400.0,35200.0,35400.0,35250.0,Thursday,False,-0.0098314606741573
2013-01-25,35400.0,35200.0,35400.0,35250.0,Friday,True,0.0
2013-01-26,35000.0,35000.0,35500.0,35500.0,Saturday,False,0.007092198581560183
2013-01-27,35600.0,35600.0,36520.0,36520.0,Sunday,False,0.028732394366197234
2013-01-28,36300.0,36000.0,36710.0,36500.0,Monday,False,-0.0005476451259583959
2013-01-29,36600.0,36600.0,36600.0,36600.0,Tuesday,False,0.00273972602739736
2013-01-30,36800.0,36800.0,38100.0,37950.0,Wednesday,False,0.03688524590163933
2013-01-31,37800.0,37800.0,38900.0,38900.0,Thursday,False,0.025032938076416267
2013-02-01,37800.0,37800.0,38900.0,38900.0,Friday,True,0.0
2013-02-02,39400.0,37800.0,39700.0,38200.0,Saturday,False,-0.01799485861182515
2013-02-03,38100.0,37800.0,38100.0,38100.0,Sunday,False,-0.002617801047120394
2013-02-04,37700.0,37700.0,38250.0,38250.0,Monday,False,0.003937007874015741
2013-02-05,38900.0,38500.0,38900.0,38500.0,Tuesday,False,0.006535947712418277
2013-02-06,37700.0,37150.0,37700.0,37150.0,Wednesday,False,-0.03506493506493502
2013-02-07,37900.0,37900.0,38200.0,38200.0,Thursday,False,0.02826379542395685
2013-02-08,37900.0,37900.0,38200.0,38200.0,Friday,True,0.0
2013-02-09,38250.0,38250.0,38500.0,38500.0,Saturday,False,0.007853403141361293
2013-02-10,38250.0,38250.0,38500.0,38500.0,Sunday,True,0.0
2013-02-11,38300.0,37700.0,38300.0,37700.0,Monday,False,-0.020779220779220786
2013-02-12,37500.0,37200.0,37500.0,37200.0,Tuesday,False,-0.01326259946949604
2013-02-13,36000.0,35900.0,36500.0,36500.0,Wednesday,False,-0.018817204301075252
2013-02-14,36900.0,36900.0,37500.0,37500.0,Thursday,False,0.027397260273972712
2013-02-15,36900.0,36900.0,37500.0,37500.0,Friday,True,0.0
2013-02-16,37450.0,37140.0,37450.0,37300.0,Saturday,False,-0.005333333333333301
2013-02-17,37000.0,36800.0,37000.0,36800.0,Sunday,False,-0.013404825737265424
2013-02-18,36600.0,36600.0,37100.0,37100.0,Monday,False,0.008152173913043459
2013-02-19,37400.0,37250.0,37500.0,37250.0,Tuesday,False,0.0040431266846361336
2013-02-20,36800.0,36800.0,37100.0,36900.0,Wednesday,False,-0.00939597315436247
2013-02-21,36700.0,36700.0,36750.0,36750.0,Thursday,False,-0.004065040650406471
2013-02-22,36700.0,36700.0,36750.0,36750.0,Friday,True,0.0
2013-02-23,37000.0,36800.0,37100.0,36800.0,Saturday,False,0.0013605442176871652
2013-02-24,36650.0,36550.0,36750.0,36750.0,Sunday,False,-0.0013586956521739468
2013-02-25,36890.0,36890.0,37460.0,37460.0,Monday,False,0.019319727891156546
2013-02-26,37450.0,37450.0,37850.0,37650.0,Tuesday,False,0.0050720768820073925
2013-02-27,37900.0,37050.0,37900.0,37050.0,Wednesday,False,-0.015936254980079667
2013-02-28,37000.0,36750.0,37000.0,36750.0,Thursday,False,-0.0080971659919028
2013-03-01,37000.0,36750.0,37000.0,36750.0,Friday,True,0.0
2013-03-02,36500.0,36450.0,36650.0,36450.0,Saturday,False,-0.008163265306122436
2013-03-03,36100.0,34900.0,36100.0,34900.0,Sunday,False,-0.04252400548696844
2013-03-04,33900.0,32850.0,33900.0,33050.0,Monday,False,-0.05300859598853869
2013-03-05,33300.0,33300.0,34700.0,34400.0,Tuesday,False,0.0408472012102874
2013-03-06,34800.0,34800.0,35900.0,35900.0,Wednesday,False,0.043604651162790775
2013-03-07,36400.0,35700.0,36400.0,35700.0,Thursday,False,-0.005571030640668551
2013-03-08,36400.0,35700.0,36400.0,35700.0,Friday,True,0.0
2013-03-09,35450.0,34800.0,35450.0,34800.0,Saturday,False,-0.025210084033613467
2013-03-10,34850.0,34450.0,34850.0,34750.0,Sunday,False,-0.001436781609195359
2013-03-11,35300.0,34900.0,35500.0,35100.0,Monday,False,0.010071942446043147
2013-03-12,35050.0,34700.0,35050.0,34750.0,Tuesday,False,-0.009971509971509973
2013-03-13,34300.0,34100.0,34450.0,34400.0,Wednesday,False,-0.010071942446043147
2013-03-14,34200.0,34000.0,34250.0,34000.0,Thursday,False,-0.011627906976744207
2013-03-15,34200.0,34000.0,34250.0,34000.0,Friday,True,0.0
2013-03-16,33950.0,33300.0,33950.0,33320.0,Saturday,False,-0.020000000000000018
2013-03-17,33400.0,33400.0,34200.0,34100.0,Sunday,False,0.02340936374549818
2013-03-18,34000.0,33950.0,34050.0,34050.0,Monday,False,-0.0014662756598240456
2013-03-19,34000.0,33950.0,34050.0,34050.0,Tuesday,True,0.0
2013-03-20,34000.0,33950.0,34050.0,34050.0,Wednesday,True,0.0
2013-03-21,34000.0,33950.0,34050.0,34050.0,Thursday,True,0.0
2013-03-22,34000.0,33950.0,34050.0,34050.0,Friday,True,0.0
2013-03-23,34000.0,33950.0,34050.0,34050.0,Saturday,True,0.0
2013-03-24,34000.0,33950.0,34050.0,34050.0,Sunday,True,0.0
2013-03-25,34000.0,33950.0,34050.0,34050.0,Monday,True,0.0
2013-03-26,34000.0,33950.0,34050.0,34050.0,Tuesday,True,0.0
2013-03-27,34000.0,33950.0,34050.0,34050.0,Wednesday,True,0.0
2013-03-28,34000.0,33950.0,34050.0,34050.0,Thursday,True,0.0
2013-03-29,34000.0,33950.0,34050.0,34050.0,Friday,True,0.0
2013-03-30,34000.0,33950.0,34050.0,34050.0,Saturday,True,0.0
2013-03-31,34000.0,33950.0,34050.0,34050.0,Sunday,True,0.0
2013-04-01,34000.0,33950.0,34050.0,34050.0,Monday,True,0.0
2013-04-02,34000.0,33950.0,34050.0,34050.0,Tuesday,True,0.0
2013-04-03,34000.0,33950.0,34050.0,34050.0,Wednesday,True,0.0
2013-04-04,34000.0,33950.0,34050.0,34050.0,Thursday,True,0.0
2013-04-05,34000.0,33950.0,34050.0,34050.0,Friday,True,0.0
2013-04-06,34500.0,34500.0,35400.0,35100.0,Saturday,False,0.03083700440528636
2013-04-07,36000.0,35950.0,36400.0,36350.0,Sunday,False,0.035612535612535634
2013-04-08,36150.0,35400.0,36150.0,35400.0,Monday,False,-0.02613480055020634
2013-04-09,35400.0,35400.0,35650.0,35400.0,Tuesday,False,0.0
2013-04-10,35500.0,35150.0,35500.0,35150.0,Wednesday,False,-0.007062146892655385
2013-04-11,35300.0,35050.0,35300.0,35050.0,Thursday,False,-0.002844950213371278
2013-04-12,35300.0,35050.0,35300.0,35050.0,Friday,True,0.0
2013-04-13,35200.0,35050.0,35300.0,35150.0,Saturday,False,0.0028530670470756636
2013-04-14,35200.0,35050.0,35300.0,35150.0,Sunday,True,0.0
2013-04-15,35100.0,35050.0,35200.0,35050.0,Monday,False,-0.002844950213371278
2013-04-16,35200.0,35000.0,35200.0,35050.0,Tuesday,False,0.0
2013-04-17,35100.0,35100.0,35250.0,35250.0,Wednesday,False,0.005706134094151105
2013-04-18,35350.0,35300.0,35350.0,35300.0,Thursday,False,0.0014184397163119478
2013-04-19,35350.0,35300.0,35350.0,35300.0,Friday,True,0.0
2013-04-20,35450.0,35100.0,35500.0,35200.0,Saturday,False,-0.0028328611898017497
2013-04-21,35150.0,35150.0,35350.0,35350.0,Sunday,False,0.0042613636363635354
2013-04-22,35450.0,35400.0,35500.0,35500.0,Monday,False,0.004243281471004279
2013-04-23,35600.0,35450.0,35600.0,35600.0,Tuesday,False,0.0028169014084507005
2013-04-24,35650.0,35650.0,36400.0,36400.0,Wednesday,False,0.022471910112359605
2013-04-25,36350.0,36150.0,36350.0,36150.0,Thursday,False,-0.006868131868131844
2013-04-26,36350.0,36150.0,36350.0,36150.0,Friday,True,0.0
2013-04-27,36200.0,35850.0,36200.0,35850.0,Saturday,False,-0.008298755186721962
2013-04-28,35700.0,35600.0,35850.0,35850.0,Sunday,False,0.0
2013-04-29,35800.0,35800.0,36100.0,35900.0,Monday,False,0.001394700139470073
2013-04-30,35950.0,35800.0,35950.0,35800.0,Tuesday,False,-0.0027855153203342198
2013-05-01,35750.0,35700.0,35750.0,35700.0,Wednesday,False,-0.0027932960893854997
2013-05-02,35400.0,35400.0,35550.0,35550.0,Thursday,False,-0.004201680672268893
2013-05-03,35400.0,35400.0,35550.0,35550.0,Friday,True,0.0
2013-05-04,35700.0,35500.0,35700.0,35600.0,Saturday,False,0.0014064697609001975
2013-05-05,35800.0,35750.0,36000.0,36000.0,Sunday,False,0.011235955056179803
2013-05-06,35850.0,35700.0,35850.0,35700.0,Monday,False,-0.008333333333333304
2013-05-07,35650.0,35550.0,35650.0,35600.0,Tuesday,False,-0.0028011204481792618
2013-05-08,35650.0,35450.0,35650.0,35450.0,Wednesday,False,-0.004213483146067398
2013-05-09,35350.0,35300.0,35350.0,35350.0,Thursday,False,-0.0028208744710860323
2013-05-10,35350.0,35300.0,35350.0,35350.0,Friday,True,0.0
2013-05-11,35300.0,34650.0,35300.0,34650.0,Saturday,False,-0.01980198019801982
2013-05-12,34850.0,34700.0,34900.0,34900.0,Sunday,False,0.00721500721500723
2013-05-13,34850.0,34850.0,35300.0,35300.0,Monday,False,0.011461318051575908
2013-05-14,35270.0,35250.0,35300.0,35250.0,Tuesday,False,-0.0014164305949008194
2013-05-15,35000.0,34750.0,35050.0,35050.0,Wednesday,False,-0.005673758865248235
2013-05-16,35100.0,35100.0,35150.0,35150.0,Thursday,False,0.0028530670470756636
2013-05-17,35100.0,35100.0,35150.0,35150.0,Friday,True,0.0
2013-05-18,35160.0,35000.0,35160.0,35050.0,Saturday,False,-0.002844950213371278
2013-05-19,34800.0,34750.0,34900.0,34750.0,Sunday,False,-0.008559201141226769
2013-05-20,34550.0,34500.0,34750.0,34700.0,Monday,False,-0.0014388489208633226
2013-05-21,35000.0,34900.0,35000.0,34900.0,Tuesday,False,0.0057636887608070175
2013-05-22,35600.0,35450.0,35700.0,35650.0,Wednesday,False,0.02148997134670494
2013-05-23,35550.0,35400.0,35550.0,35450.0,Thursday,False,-0.005610098176718092
2013-05-24,35550.0,35400.0,35550.0,35450.0,Friday,True,0.0
2013-05-25,35500.0,35500.0,35800.0,35700.0,Saturday,False,0.007052186177715081
2013-05-26,35850.0,35850.0,36280.0,36150.0,Sunday,False,0.012605042016806678
2013-05-27,36100.0,36100.0,36280.0,36280.0,Monday,False,0.003596127247579517
2013-05-28,36300.0,36300.0,36850.0,36850.0,Tuesday,False,0.01571113561190729
2013-05-29,36900.0,36480.0,36900.0,36580.0,Wednesday,False,-0.007327001356852159
2013-05-30,36450.0,36150.0,36450.0,36200.0,Thursday,False,-0.010388190267905939
2013-05-31,36450.0,36150.0,36450.0,36200.0,Friday,True,0.0
2013-06-01,36180.0,36180.0,36520.0,36450.0,Saturday,False,0.006906077348066253
2013-06-02,36480.0,36280.0,36500.0,36280.0,Sunday,False,-0.004663923182441687
2013-06-03,36320.0,36280.0,36350.0,36350.0,Monday,False,0.0019294377067253787
2013-06-04,36320.0,36280.0,36350.0,36350.0,Tuesday,True,0.0
2013-06-05,36320.0,36280.0,36350.0,36350.0,Wednesday,True,0.0
2013-06-06,36320.0,36280.0,36350.0,36350.0,Thursday,True,0.0
2013-06-07,36320.0,36280.0,36350.0,36350.0,Friday,True,0.0
2013-06-08,36480.0,36480.0,36700.0,36700.0,Saturday,False,0.009628610729023324
2013-06-09,36650.0,36300.0,36650.0,36300.0,Sunday,False,-0.010899182561307952
2013-06-10,36300.0,36200.0,36300.0,36200.0,Monday,False,-0.0027548209366391463
2013-06-11,35950.0,35850.0,36000.0,35850.0,Tuesday,False,-0.00966850828729282
2013-06-12,35950.0,35950.0,36450.0,36450.0,Wednesday,False,0.01673640167364021
2013-06-13,36350.0,36300.0,36350.0,36300.0,Thursday,False,-0.004115226337448541
2013-06-14,36350.0,36300.0,36350.0,36300.0,Friday,True,0.0
2013-06-15,36000.0,34500.0,36000.0,34800.0,Saturday,False,-0.04132231404958675
2013-06-16,34400.0,34400.0,35200.0,35100.0,Sunday,False,0.008620689655172376
2013-06-17,35000.0,34500.0,35000.0,34550.0,Monday,False,-0.015669515669515688
2013-06-18,35000.0,34500.0,35000.0,34500.0,Tuesday,False,-0.0014471780028944004
2013-06-19,34400.0,33900.0,34400.0,34000.0,Wednesday,False,-0.01449275362318836
2013-06-20,33500.0,32850.0,33500.0,33000.0,Thursday,False,-0.02941176470588236
2013-06-21,33500.0,32850.0,33500.0,33000.0,Friday,True,0.0
2013-06-22,32900.0,32000.0,32900.0,32000.0,Saturday,False,-0.030303030303030276
2013-06-23,30700.0,29800.0,31500.0,30900.0,Sunday,False,-0.034375000000000044
2013-06-24,30700.0,29800.0,31500.0,30900.0,Monday,True,0.0
2013-06-25,31200.0,31200.0,33100.0,33100.0,Tuesday,False,0.07119741100323629
2013-06-26,32400.0,32400.0,33200.0,32950.0,Wednesday,False,-0.004531722054380682
2013-06-27,33700.0,33600.0,34000.0,33600.0,Thursday,False,0.019726858877086473
2013-06-28,33700.0,33600.0,34000.0,33600.0,Friday,True,0.0
2013-06-29,33400.0,33150.0,33700.0,33200.0,Saturday,False,-0.011904761904761862
2013-06-30,33600.0,33400.0,33600.0,33500.0,Sunday,False,0.009036144578313143
2013-07-01,34100.0,33750.0,34100.0,33900.0,Monday,False,0.011940298507462588
2013-07-02,34000.0,33700.0,34000.0,33700.0,Tuesday,False,-0.005899705014749235
2013-07-03,33550.0,33400.0,33650.0,33600.0,Wednesday,False,-0.0029673590504450953
2013-07-04,33550.0,33550.0,33650.0,33650.0,Thursday,False,0.0014880952380953438
2013-07-05,33550.0,33550.0,33650.0,33650.0,Friday,True,0.0
2013-07-06,33500.0,33200.0,33500.0,33200.0,Saturday,False,-0.013372956909361022
2013-07-07,33200.0,32950.0,33200.0,32950.0,Sunday,False,-0.0075301204819276935
2013-07-08,33350.0,33300.0,33500.0,33350.0,Monday,False,0.012139605462822445
2013-07-09,33150.0,32950.0,33150.0,33100.0,Tuesday,False,-0.007496251874062998
2013-07-10,33050.0,32900.0,33050.0,33000.0,Wednesday,False,-0.0030211480362537513
2013-07-11,33300.0,33100.0,33300.0,33150.0,Thursday,False,0.00454545454545463
2013-07-12,33300.0,33100.0,33300.0,33150.0,Friday,True,0.0
2013-07-13,33050.0,32850.0,33050.0,32850.0,Saturday,False,-0.009049773755656076
2013-07-14,32700.0,32350.0,32700.0,32700.0,Sunday,False,-0.004566210045662156
2013-07-15,32750.0,32550.0,32750.0,32600.0,Monday,False,-0.003058103975535187
2013-07-16,32550.0,32550.0,32600.0,32600.0,Tuesday,False,0.0
2013-07-17,32500.0,32100.0,32500.0,32150.0,Wednesday,False,-0.013803680981595123
2013-07-18,32000.0,31650.0,32000.0,31650.0,Thursday,False,-0.015552099533437058
2013-07-19,32000.0,31650.0,32000.0,31650.0,Friday,True,0.0
2013-07-20,31200.0,30850.0,31200.0,31000.0,Saturday,False,-0.020537124802527673
2013-07-21,30800.0,30700.0,31150.0,31150.0,Sunday,False,0.004838709677419395
2013-07-22,31850.0,31450.0,31850.0,31600.0,Monday,False,0.014446227929374
2013-07-23,31450.0,31150.0,31450.0,31200.0,Tuesday,False,-0.012658227848101222
2013-07-24,31300.0,31200.0,31650.0,31650.0,Wednesday,False,0.014423076923076872
2013-07-25,31500.0,31500.0,31650.0,31600.0,Thursday,False,-0.0015797788309637184
2013-07-26,31500.0,31500.0,31650.0,31600.0,Friday,True,0.0
2013-07-27,31500.0,31500.0,31700.0,31700.0,Saturday,False,0.0031645569620253333
2013-07-28,31900.0,31700.0,31900.0,31800.0,Sunday,False,0.003154574132492094
2013-07-29,31700.0,31600.0,31750.0,31700.0,Monday,False,-0.0031446540880503138
2013-07-30,31700.0,31600.0,31750.0,31700.0,Tuesday,True,0.0
2013-07-31,31750.0,31650.0,31750.0,31700.0,Wednesday,False,0.0
2013-08-01,31750.0,31750.0,31800.0,31800.0,Thursday,False,0.003154574132492094
2013-08-02,31750.0,31750.0,31800.0,31800.0,Friday,True,0.0
2013-08-03,32100.0,32050.0,32900.0,32850.0,Saturday,False,0.03301886792452824
2013-08-04,32650.0,32400.0,32800.0,32400.0,Sunday,False,-0.013698630136986356
2013-08-05,32150.0,31900.0,32200.0,32000.0,Monday,False,-0.012345679012345734
2013-08-06,31900.0,31750.0,31950.0,31900.0,Tuesday,False,-0.0031250000000000444
2013-08-07,32050.0,32050.0,32350.0,32250.0,Wednesday,False,0.01097178683385569
2013-08-08,32300.0,32100.0,32350.0,32150.0,Thursday,False,-0.0031007751937984773
2013-08-09,32300.0,32100.0,32350.0,32150.0,Friday,True,0.0
2013-08-10,32300.0,32100.0,32350.0,32150.0,Saturday,True,0.0
2013-08-11,32150.0,32150.0,32200.0,32200.0,Sunday,False,0.0015552099533437946
2013-08-12,32300.0,32200.0,32400.0,32250.0,Monday,False,0.0015527950310558758
2013-08-13,32100.0,31900.0,32100.0,31950.0,Tuesday,False,-0.009302325581395321
2013-08-14,31900.0,31800.0,31950.0,31950.0,Wednesday,False,0.0
2013-08-15,32000.0,32000.0,32050.0,32000.0,Thursday,False,0.0015649452269170805
2013-08-16,32000.0,32000.0,32050.0,32000.0,Friday,True,0.0
2013-08-17,31850.0,31600.0,31850.0,31700.0,Saturday,False,-0.009375000000000022
2013-08-18,31650.0,31550.0,31650.0,31580.0,Sunday,False,-0.003785488958990557
2013-08-19,31650.0,31450.0,31700.0,31450.0,Monday,False,-0.0041165294490184134
2013-08-20,31450.0,31000.0,31450.0,31000.0,Tuesday,False,-0.014308426073131986
2013-08-21,30900.0,30800.0,31000.0,30950.0,Wednesday,False,-0.001612903225806428
2013-08-22,31000.0,30950.0,31200.0,31200.0,Thursday,False,0.008077544426494443
2013-08-23,31000.0,30950.0,31200.0,31200.0,Friday,True,0.0
2013-08-24,31300.0,31150.0,31350.0,31250.0,Saturday,False,0.0016025641025640969
2013-08-25,31300.0,31150.0,31300.0,31200.0,Sunday,False,-0.0016000000000000458
2013-08-26,31350.0,31150.0,31350.0,31250.0,Monday,False,0.0016025641025640969
2013-08-27,31250.0,31250.0,31800.0,31750.0,Tuesday,False,0.016000000000000014
2013-08-28,31800.0,31800.0,33000.0,33000.0,Wednesday,False,0.03937007874015741
2013-08-29,32800.0,32200.0,32800.0,32400.0,Thursday,False,-0.018181818181818188
2013-08-30,32800.0,32200.0,32800.0,32400.0,Friday,True,0.0
2013-08-31,32300.0,32200.0,32700.0,32700.0,Saturday,False,0.0092592592592593
2013-09-01,32550.0,32350.0,32550.0,32400.0,Sunday,False,-0.00917431192660545
2013-09-02,32550.0,32350.0,32550.0,32400.0,Monday,True,0.0
2013-09-03,32450.0,32400.0,32700.0,32700.0,Tuesday,False,0.0092592592592593
2013-09-04,32800.0,32800.0,33300.0,33050.0,Wednesday,False,0.010703363914372988
2013-09-05,33050.0,33050.0,33200.0,33200.0,Thursday,False,0.004538577912254205
2013-09-06,33050.0,33050.0,33200.0,33200.0,Friday,True,0.0
2013-09-07,33150.0,32800.0,33150.0,32800.0,Saturday,False,-0.012048192771084376
2013-09-08,32700.0,32700.0,32900.0,32900.0,Sunday,False,0.0030487804878047697
2013-09-09,32850.0,32800.0,32950.0,32850.0,Monday,False,-0.001519756838905817
2013-09-10,32750.0,32000.0,32750.0,32000.0,Tuesday,False,-0.025875190258751957
2013-09-11,31900.0,31750.0,32050.0,31800.0,Wednesday,False,-0.006249999999999978
2013-09-12,31750.0,31650.0,31800.0,31800.0,Thursday,False,0.0
2013-09-13,31750.0,31650.0,31800.0,31800.0,Friday,True,0.0
2013-09-14,31750.0,31700.0,31800.0,31700.0,Saturday,False,-0.0031446540880503138
2013-09-15,31800.0,31700.0,31800.0,31700.0,Sunday,False,0.0
2013-09-16,31600.0,31200.0,31600.0,31300.0,Monday,False,-0.012618296529968487
2013-09-17,30900.0,30600.0,31050.0,30600.0,Tuesday,False,-0.022364217252396124
2013-09-18,30700.0,30700.0,30850.0,30800.0,Wednesday,False,0.006535947712418277
2013-09-19,30950.0,30800.0,31000.0,30800.0,Thursday,False,0.0
2013-09-20,30950.0,30800.0,31000.0,30800.0,Friday,True,0.0
2013-09-21,30400.0,29000.0,30450.0,29000.0,Saturday,False,-0.058441558441558406
2013-09-22,29300.0,29000.0,29500.0,29300.0,Sunday,False,0.010344827586206806
2013-09-23,29400.0,29250.0,29550.0,29350.0,Monday,False,0.0017064846416381396
2013-09-24,29150.0,29150.0,29500.0,29350.0,Tuesday,False,0.0
2013-09-25,29700.0,29700.0,31250.0,30700.0,Wednesday,False,0.04599659284497437
2013-09-26,30800.0,30500.0,30800.0,30500.0,Thursday,False,-0.006514657980456029
2013-09-27,30800.0,30500.0,30800.0,30500.0,Friday,True,0.0
2013-09-28,30100.0,29750.0,30450.0,30400.0,Saturday,False,-0.003278688524590123
2013-09-29,30700.0,30550.0,31000.0,30650.0,Sunday,False,0.008223684210526327
2013-09-30,30650.0,30250.0,30650.0,30350.0,Monday,False,-0.009787928221859699
2013-10-01,30500.0,30400.0,30550.0,30550.0,Tuesday,False,0.006589785831960571
2013-10-02,30700.0,30500.0,30700.0,30550.0,Wednesday,False,0.0
2013-10-03,30500.0,30350.0,30500.0,30350.0,Thursday,False,-0.006546644844517169
2013-10-04,30500.0,30350.0,30500.0,30350.0,Friday,True,0.0
2013-10-05,30300.0,30300.0,30600.0,30550.0,Saturday,False,0.006589785831960571
2013-10-06,30800.0,30550.0,30800.0,30550.0,Sunday,False,0.0
2013-10-07,30550.0,30350.0,30550.0,30450.0,Monday,False,-0.00327332242225864
2013-10-08,30450.0,30400.0,30500.0,30500.0,Tuesday,False,0.0016420361247948545
2013-10-09,30400.0,30350.0,30400.0,30350.0,Wednesday,False,-0.004918032786885296
2013-10-10,30400.0,30400.0,30450.0,30400.0,Thursday,False,0.0016474464579900872
2013-10-11,30400.0,30400.0,30450.0,30400.0,Friday,True,0.0
2013-10-12,30450.0,30350.0,30450.0,30350.0,Saturday,False,-0.00164473684210531
2013-10-13,30400.0,30150.0,30400.0,30150.0,Sunday,False,-0.00658978583196046
2013-10-14,30300.0,30150.0,30350.0,30350.0,Monday,False,0.0066334991708125735
2013-10-15,30300.0,30250.0,30350.0,30350.0,Tuesday,False,0.0
2013-10-16,30300.0,30250.0,30350.0,30350.0,Wednesday,True,0.0
2013-10-17,30450.0,30450.0,30450.0,30450.0,Thursday,False,0.0032948929159801743
2013-10-18,30450.0,30450.0,30450.0,30450.0,Friday,True,0.0
2013-10-19,30400.0,30200.0,30400.0,30200.0,Saturday,False,-0.008210180623973717
2013-10-20,30150.0,30100.0,30200.0,30150.0,Sunday,False,-0.0016556291390728006
2013-10-21,30050.0,29950.0,30100.0,29950.0,Monday,False,-0.0066334991708125735
2013-10-22,30050.0,30000.0,30100.0,30100.0,Tuesday,False,0.005008347245408995
2013-10-23,30100.0,30050.0,30150.0,30100.0,Wednesday,False,0.0
2013-10-24,30100.0,30050.0,30150.0,30100.0,Thursday,True,0.0
2013-10-25,30100.0,30050.0,30150.0,30100.0,Friday,True,0.0
2013-10-26,30150.0,30100.0,30150.0,30150.0,Saturday,False,0.0016611295681063787
2013-10-27,30150.0,30050.0,30150.0,30100.0,Sunday,False,-0.0016583747927031434
2013-10-28,30050.0,30050.0,30100.0,30100.0,Monday,False,0.0
2013-10-29,30050.0,30050.0,30150.0,30150.0,Tuesday,False,0.0016611295681063787
2013-10-30,30100.0,30050.0,30100.0,30050.0,Wednesday,False,-0.0033167495854062867
2013-10-31,30050.0,30050.0,30050.0,30050.0,Thursday,False,0.0
2013-11-01,30050.0,30050.0,30050.0,30050.0,Friday,True,0.0
2013-11-02,30150.0,30070.0,30150.0,30120.0,Saturday,False,0.0023294509151414733
2013-11-03,30200.0,30200.0,30400.0,30400.0,Sunday,False,0.009296148738379806
2013-11-04,30350.0,30300.0,30350.0,30300.0,Monday,False,-0.003289473684210509
2013-11-05,30250.0,30100.0,30250.0,30100.0,Tuesday,False,-0.0066006600660065695
2013-11-06,30200.0,30150.0,30200.0,30180.0,Wednesday,False,0.0026578073089700283
2013-11-07,30150.0,30150.0,30150.0,30150.0,Thursday,False,-0.0009940357852882276
2013-11-08,30150.0,30150.0,30150.0,30150.0,Friday,True,0.0
2013-11-09,30100.0,29950.0,30100.0,29950.0,Saturday,False,-0.0066334991708125735
2013-11-10,30050.0,30050.0,30250.0,30250.0,Sunday,False,0.01001669449081799
2013-11-11,30150.0,30120.0,30180.0,30150.0,Monday,False,-0.0033057851239669533
2013-11-12,30130.0,30130.0,30180.0,30180.0,Tuesday,False,0.0009950248756218638
2013-11-13,30130.0,30130.0,30180.0,30180.0,Wednesday,True,0.0
2013-11-14,30130.0,30130.0,30180.0,30180.0,Thursday,True,0.0
2013-11-15,30130.0,30130.0,30180.0,30180.0,Friday,True,0.0
2013-11-16,30180.0,30130.0,30200.0,30130.0,Saturday,False,-0.0016567263088137496
2013-11-17,30120.0,30050.0,30120.0,30100.0,Sunday,False,-0.0009956853634252028
2013-11-18,30080.0,29980.0,30080.0,30030.0,Monday,False,-0.0023255813953488857
2013-11-19,29950.0,29950.0,30070.0,30070.0,Tuesday,False,0.001332001332001287
2013-11-20,30070.0,30050.0,30120.0,30050.0,Wednesday,False,-0.0006651147322913609
2013-11-21,30100.0,30050.0,30100.0,30100.0,Thursday,False,0.0016638935108153063
2013-11-22,30100.0,30050.0,30100.0,30100.0,Friday,True,0.0
2013-11-23,30050.0,30000.0,30050.0,30050.0,Saturday,False,-0.0016611295681062677
2013-11-24,29850.0,29250.0,29850.0,29400.0,Sunday,False,-0.021630615640598982
2013-11-25,29000.0,28900.0,29150.0,29150.0,Monday,False,-0.008503401360544172
2013-11-26,29320.0,29200.0,29800.0,29750.0,Tuesday,False,0.020583190394511064
2013-11-27,29650.0,29600.0,29950.0,29900.0,Wednesday,False,0.005042016806722671
2013-11-28,29830.0,29600.0,29830.0,29620.0,Thursday,False,-0.00936454849498325
2013-11-29,29830.0,29600.0,29830.0,29620.0,Friday,True,0.0
2013-11-30,29530.0,29520.0,29620.0,29600.0,Saturday,False,-0.0006752194463200967
2013-12-01,29600.0,29530.0,29600.0,29530.0,Sunday,False,-0.0023648648648648685
2013-12-02,29600.0,29530.0,29600.0,29530.0,Monday,False,0.0
2013-12-03,29460.0,29400.0,29480.0,29450.0,Tuesday,False,-0.0027091093802912303
2013-12-04,29470.0,29470.0,29560.0,29550.0,Wednesday,False,0.00339558573853993
2013-12-05,29580.0,29520.0,29580.0,29520.0,Thursday,False,-0.0010152284263958977
2013-12-06,29580.0,29520.0,29580.0,29520.0,Friday,True,0.0
2013-12-07,29500.0,29470.0,29520.0,29480.0,Saturday,False,-0.0013550135501354532
2013-12-08,29450.0,29400.0,29480.0,29460.0,Sunday,False,-0.0006784260515604323
2013-12-09,29480.0,29420.0,29490.0,29420.0,Monday,False,-0.0013577732518669228
2013-12-10,29450.0,29440.0,29480.0,29480.0,Tuesday,False,0.0020394289598912874
2013-12-11,29480.0,29380.0,29480.0,29390.0,Wednesday,False,-0.0030529172320217235
2013-12-12,29370.0,29350.0,29370.0,29350.0,Thursday,False,-0.0013610071452875294
2013-12-13,29370.0,29350.0,29370.0,29350.0,Friday,True,0.0
2013-12-14,29350.0,29350.0,29560.0,29560.0,Saturday,False,0.007155025553662764
2013-12-15,29600.0,29520.0,29600.0,29520.0,Sunday,False,-0.0013531799729363803
2013-12-16,29510.0,29470.0,29510.0,29470.0,Monday,False,-0.0016937669376694275
2013-12-17,29440.0,29420.0,29470.0,29440.0,Tuesday,False,-0.001017984390906057
2013-12-18,29460.0,29430.0,29490.0,29490.0,Wednesday,False,0.0016983695652172948
2013-12-19,29480.0,29440.0,29480.0,29450.0,Thursday,False,-0.0013563919972872096
2013-12-20,29480.0,29440.0,29480.0,29450.0,Friday,True,0.0
2013-12-21,29460.0,29410.0,29460.0,29450.0,Saturday,False,0.0
2013-12-22,29420.0,29420.0,29560.0,29560.0,Sunday,False,0.0037351443123938566
2013-12-23,29420.0,29420.0,29560.0,29560.0,Monday,True,0.0
2013-12-24,29570.0,29570.0,29720.0,29710.0,Tuesday,False,0.005074424898511509
2013-12-25,29710.0,29630.0,29710.0,29670.0,Wednesday,False,-0.0013463480309660047
2013-12-26,29660.0,29660.0,30010.0,30010.0,Thursday,False,0.011459386585776832
2013-12-27,29660.0,29660.0,30010.0,30010.0,Friday,True,0.0
2013-12-28,29930.0,29850.0,29990.0,29950.0,Saturday,False,-0.0019993335554815417
2013-12-29,29960.0,29960.0,30230.0,30150.0,Sunday,False,0.006677796327211993
2013-12-30,30160.0,30060.0,30160.0,30060.0,Monday,False,-0.0029850746268657025
2013-12-31,30080.0,30070.0,30080.0,30070.0,Tuesday,False,0.0003326679973385538
2014-01-01,30030.0,29990.0,30040.0,30000.0,Wednesday,False,-0.002327901563019652
2014-01-02,29920.0,29920.0,29920.0,29920.0,Thursday,False,-0.002666666666666706
2014-01-03,29920.0,29920.0,29920.0,29920.0,Friday,True,0.0
2014-01-04,29940.0,29740.0,29950.0,29760.0,Saturday,False,-0.005347593582887722
2014-01-05,29770.0,29660.0,29770.0,29740.0,Sunday,False,-0.0006720430107527431
2014-01-06,29730.0,29730.0,29820.0,29800.0,Monday,False,0.0020174848688634395
2014-01-07,29790.0,29790.0,29850.0,29850.0,Tuesday,False,0.001677852348993314
2014-01-08,29850.0,29820.0,29920.0,29900.0,Wednesday,False,0.0016750418760469454
2014-01-09,29880.0,29800.0,29910.0,29800.0,Thursday,False,-0.0033444816053511683
2014-01-10,29880.0,29800.0,29910.0,29800.0,Friday,True,0.0
2014-01-11,29780.0,29760.0,29830.0,29800.0,Saturday,False,0.0
2014-01-12,29840.0,29780.0,29840.0,29790.0,Sunday,False,-0.0003355704697987072
2014-01-13,29780.0,29500.0,29780.0,29560.0,Monday,False,-0.007720711648204093
2014-01-14,29600.0,29600.0,29680.0,29630.0,Tuesday,False,0.0023680649526387487
2014-01-15,29640.0,29560.0,29640.0,29570.0,Wednesday,False,-0.002024974687816372
2014-01-16,29580.0,29570.0,29610.0,29570.0,Thursday,False,0.0
2014-01-17,29580.0,29570.0,29610.0,29570.0,Friday,True,0.0
2014-01-18,29560.0,29380.0,29560.0,29390.0,Saturday,False,-0.006087250591816029
2014-01-19,29360.0,29360.0,29360.0,29360.0,Sunday,False,-0.0010207553589656193
2014-01-20,29230.0,28880.0,29230.0,28880.0,Monday,False,-0.016348773841961872
2014-01-21,28890.0,28890.0,29380.0,29340.0,Tuesday,False,0.015927977839335083
2014-01-22,29320.0,29280.0,29650.0,29510.0,Wednesday,False,0.005794137695978252
2014-01-23,29480.0,29360.0,29490.0,29400.0,Thursday,False,-0.0037275499830565773
2014-01-24,29480.0,29360.0,29490.0,29400.0,Friday,True,0.0
2014-01-25,29440.0,29440.0,29640.0,29520.0,Saturday,False,0.004081632653061273
2014-01-26,29540.0,29410.0,29550.0,29450.0,Sunday,False,-0.002371273712737154
2014-01-27,29460.0,29410.0,29490.0,29490.0,Monday,False,0.0013582342954159277
2014-01-28,29470.0,29440.0,29510.0,29480.0,Tuesday,False,-0.0003390979993218579
2014-01-29,29490.0,29420.0,29510.0,29420.0,Wednesday,False,-0.002035278154681186
2014-01-30,29410.0,29320.0,29430.0,29350.0,Thursday,False,-0.0023793337865397612
2014-01-31,29340.0,29330.0,29400.0,29380.0,Friday,False,0.0010221465076660774
2014-02-01,29370.0,29350.0,29440.0,29420.0,Saturday,False,0.001361470388019148
2014-02-02,29410.0,29400.0,29480.0,29460.0,Sunday,False,0.0013596193065941176
2014-02-03,29460.0,29460.0,29580.0,29540.0,Monday,False,0.0027155465037338455
2014-02-04,29520.0,29460.0,29530.0,29470.0,Tuesday,False,-0.0023696682464454666
2014-02-05,29460.0,29460.0,29510.0,29510.0,Wednesday,False,0.001357312521208076
2014-02-06,29500.0,29490.0,29600.0,29590.0,Thursday,False,0.002710945442222945
2014-02-07,29620.0,29580.0,29630.0,29600.0,Friday,False,0.00033795201081443516
2014-02-08,29580.0,29520.0,29600.0,29540.0,Saturday,False,-0.002027027027027062
2014-02-09,29530.0,29430.0,29540.0,29460.0,Sunday,False,-0.0027081922816519777
2014-02-10,29450.0,29420.0,29520.0,29510.0,Monday,False,0.0016972165648336812
2014-02-11,29500.0,29500.0,29510.0,29500.0,Tuesday,False,-0.0003388681802778404
2014-02-12,29510.0,29490.0,29560.0,29540.0,Wednesday,False,0.0013559322033898091
2014-02-13,29550.0,29480.0,29550.0,29520.0,Thursday,False,-0.0006770480704130222
2014-02-14,29530.0,29530.0,29550.0,29530.0,Friday,False,0.0003387533875338633
2014-02-15,29560.0,29520.0,29610.0,29580.0,Saturday,False,0.0016931933626820328
2014-02-16,29570.0,29480.0,29570.0,29480.0,Sunday,False,-0.0033806626098715764
2014-02-17,29500.0,29440.0,29530.0,29520.0,Monday,False,0.0013568521031208647
2014-02-18,29540.0,29500.0,29570.0,29520.0,Tuesday,False,0.0
2014-02-19,29500.0,29480.0,29540.0,29520.0,Wednesday,False,0.0
2014-02-20,29500.0,29500.0,29530.0,29530.0,Thursday,False,0.0003387533875338633
2014-02-21,29520.0,29500.0,29520.0,29500.0,Friday,False,-0.0010159160176091975
2014-02-22,29520.0,29510.0,29580.0,29560.0,Saturday,False,0.0020338983050847137
2014-02-23,29580.0,29560.0,29620.0,29600.0,Sunday,False,0.0013531799729364913
2014-02-24,29580.0,29580.0,29850.0,29840.0,Monday,False,0.008108108108108025
2014-02-25,29860.0,29860.0,30150.0,29900.0,Tuesday,False,0.002010723860589758
2014-02-26,29890.0,29840.0,29960.0,29880.0,Wednesday,False,-0.0006688963210702559
2014-02-27,29890.0,29860.0,30090.0,30090.0,Thursday,False,0.007028112449799284
2014-02-28,30120.0,30060.0,30120.0,30100.0,Friday,False,0.00033233632436036054
2014-03-01,30140.0,30100.0,30500.0,30450.0,Saturday,False,0.011627906976744207
2014-03-02,30430.0,30310.0,30600.0,30590.0,Sunday,False,0.0045977011494253706
2014-03-03,30660.0,30630.0,31270.0,31070.0,Monday,False,0.015691402419091283
2014-03-04,31000.0,30500.0,31140.0,30640.0,Tuesday,False,-0.013839716768587085
2014-03-05,30620.0,30500.0,30620.0,30520.0,Wednesday,False,-0.003916449086161844
2014-03-06,30500.0,30430.0,30530.0,30490.0,Thursday,False,-0.000982961992136322
2014-03-07,30470.0,30460.0,30510.0,30460.0,Friday,False,-0.0009839291571006603
2014-03-08,30430.0,30060.0,30430.0,30060.0,Saturday,False,-0.013131976362442566
2014-03-09,29970.0,29970.0,30440.0,30440.0,Sunday,False,0.012641383898868819
2014-03-10,30430.0,30360.0,30790.0,30710.0,Monday,False,0.008869908015768813
2014-03-11,30750.0,30450.0,30910.0,30550.0,Tuesday,False,-0.005210029306414898
2014-03-12,30560.0,30330.0,30640.0,30370.0,Wednesday,False,-0.005891980360065441
2014-03-13,30400.0,30290.0,30430.0,30360.0,Thursday,False,-0.0003292723081989024
2014-03-14,30390.0,30390.0,30500.0,30440.0,Friday,False,0.0026350461133068936
2014-03-15,30450.0,30020.0,30450.0,30080.0,Saturday,False,-0.01182654402102501
2014-03-16,30060.0,29800.0,30250.0,30200.0,Sunday,False,0.003989361702127603
2014-03-17,30190.0,29960.0,30190.0,29960.0,Monday,False,-0.007947019867549643
2014-03-18,30000.0,29950.0,30140.0,30000.0,Tuesday,False,0.001335113484646211
2014-03-19,30060.0,30030.0,30150.0,30140.0,Wednesday,False,0.004666666666666597
2014-03-20,30100.0,30100.0,30200.0,30170.0,Thursday,False,0.0009953550099535136
2014-03-21,30100.0,30100.0,30200.0,30170.0,Friday,True,0.0
2014-03-22,30100.0,30100.0,30200.0,30170.0,Saturday,True,0.0
2014-03-23,30250.0,30250.0,30270.0,30270.0,Sunday,False,0.0033145508783560818
2014-03-24,30250.0,30180.0,30250.0,30180.0,Monday,False,-0.0029732408325073845
2014-03-25,30200.0,30200.0,30300.0,30300.0,Tuesday,False,0.003976143141153132
2014-03-26,30400.0,30350.0,30530.0,30500.0,Wednesday,False,0.0066006600660066805
2014-03-27,30560.0,30560.0,30690.0,30580.0,Thursday,False,0.0026229508196722318
2014-03-28,30570.0,30570.0,30570.0,30570.0,Friday,False,-0.0003270111183780733
2014-03-29,30550.0,30460.0,30550.0,30470.0,Saturday,False,-0.003271180896303516
2014-03-30,30480.0,30410.0,30500.0,30490.0,Sunday,False,0.0006563833278634412
2014-03-31,30500.0,30500.0,30650.0,30640.0,Monday,False,0.004919645785503413
2014-04-01,30630.0,30600.0,30640.0,30630.0,Tuesday,False,-0.00032637075718011666
2014-04-02,30630.0,30600.0,30640.0,30630.0,Wednesday,True,0.0
2014-04-03,30610.0,30610.0,30610.0,30610.0,Thursday,False,-0.0006529546196539782
2014-04-04,30610.0,30610.0,30610.0,30610.0,Friday,True,0.0
2014-04-05,30570.0,30450.0,30580.0,30480.0,Saturday,False,-0.004246978111728139
2014-04-06,30490.0,30260.0,30490.0,30430.0,Sunday,False,-0.0016404199475065218
2014-04-07,30410.0,30370.0,30650.0,30580.0,Monday,False,0.004929346040092097
2014-04-08,30570.0,30540.0,30900.0,30900.0,Tuesday,False,0.01046435578809679
2014-04-09,30960.0,30790.0,31160.0,30800.0,Wednesday,False,-0.003236245954692518
2014-04-10,30820.0,30720.0,30900.0,30810.0,Thursday,False,0.00032467532467528315
2014-04-11,30800.0,30790.0,30810.0,30790.0,Friday,False,-0.0006491398896462108
2014-04-12,30780.0,30750.0,31160.0,31140.0,Saturday,False,0.011367327054238485
2014-04-13,31150.0,31030.0,31280.0,31210.0,Sunday,False,0.0022479126525369875
2014-04-14,31240.0,31180.0,31380.0,31300.0,Monday,False,0.002883691124639487
2014-04-15,31230.0,31230.0,31800.0,31800.0,Tuesday,False,0.015974440894568787
2014-04-16,31840.0,31560.0,32000.0,31560.0,Wednesday,False,-0.007547169811320753
2014-04-17,31570.0,31540.0,31780.0,31710.0,Thursday,False,0.004752851711026684
2014-04-18,31720.0,31670.0,31740.0,31730.0,Friday,False,0.00063071586250385
2014-04-19,31750.0,31740.0,31960.0,31790.0,Saturday,False,0.0018909549322407848
2014-04-20,31820.0,31820.0,32170.0,32090.0,Sunday,False,0.00943692985215483
2014-04-21,31820.0,31820.0,32170.0,32090.0,Monday,True,0.0
2014-04-22,31820.0,31820.0,32170.0,32090.0,Tuesday,True,0.0
2014-04-23,31820.0,31820.0,32170.0,32090.0,Wednesday,True,0.0
2014-04-24,32730.0,32300.0,32900.0,32540.0,Thursday,False,0.014023060143346866
2014-04-25,32580.0,32350.0,32630.0,32480.0,Friday,False,-0.0018438844499077955
2014-04-26,32430.0,32430.0,32800.0,32800.0,Saturday,False,0.009852216748768461
2014-04-27,32780.0,32780.0,33600.0,33350.0,Sunday,False,0.0167682926829269
2014-04-28,33280.0,32750.0,33390.0,32820.0,Monday,False,-0.01589205397301352
2014-04-29,32760.0,32590.0,32960.0,32950.0,Tuesday,False,0.0039609993906155605
2014-04-30,32940.0,32840.0,33010.0,32980.0,Wednesday,False,0.0009104704097115945
2014-05-01,32950.0,32900.0,33100.0,33100.0,Thursday,False,0.0036385688295936802
2014-05-02,33120.0,33100.0,33150.0,33130.0,Friday,False,0.0009063444108761143
2014-05-03,33150.0,33120.0,33290.0,33150.0,Saturday,False,0.0006036824630244464
2014-05-04,33100.0,32780.0,33160.0,32780.0,Sunday,False,-0.011161387631975828
2014-05-05,32820.0,32720.0,33160.0,33140.0,Monday,False,0.010982306284319732
2014-05-06,33150.0,32930.0,33300.0,33040.0,Tuesday,False,-0.0030175015087507973
2014-05-07,33030.0,32840.0,33050.0,32910.0,Wednesday,False,-0.0039346246973365195
2014-05-08,32800.0,32790.0,32930.0,32900.0,Thursday,False,-0.00030385900941964916
2014-05-09,32910.0,32860.0,32910.0,32870.0,Friday,False,-0.0009118541033434902
2014-05-10,32880.0,32580.0,32950.0,32580.0,Saturday,False,-0.008822634621235115
2014-05-11,32570.0,32320.0,32680.0,32360.0,Sunday,False,-0.006752608962553697
2014-05-12,32400.0,32270.0,32610.0,32490.0,Monday,False,0.004017305315203945
2014-05-13,32470.0,32450.0,32500.0,32480.0,Tuesday,False,-0.0003077870113881165
2014-05-14,32490.0,32360.0,32560.0,32370.0,Wednesday,False,-0.0033866995073891237
2014-05-15,32390.0,32350.0,32450.0,32450.0,Thursday,False,0.0024714241581711427
2014-05-16,32470.0,32470.0,33020.0,32930.0,Friday,False,0.014791987673343554
2014-05-17,32940.0,32920.0,33200.0,32990.0,Saturday,False,0.001822046765866947
2014-05-18,33000.0,32680.0,33020.0,32760.0,Sunday,False,-0.006971809639284676
2014-05-19,32740.0,32720.0,32850.0,32820.0,Monday,False,0.001831501831501825
2014-05-20,32810.0,32730.0,32950.0,32940.0,Tuesday,False,0.003656307129798808
2014-05-21,32920.0,32860.0,33080.0,32900.0,Wednesday,False,-0.0012143290831815312
2014-05-22,32880.0,32840.0,32920.0,32870.0,Thursday,False,-0.0009118541033434902
2014-05-23,32880.0,32830.0,32920.0,32830.0,Friday,False,-0.0012169151201704143
2014-05-24,32820.0,32700.0,32840.0,32740.0,Saturday,False,-0.002741395065488872
2014-05-25,32760.0,32700.0,32860.0,32820.0,Sunday,False,0.0024434941967013124
2014-05-26,32850.0,32800.0,32890.0,32830.0,Monday,False,0.00030469226081653034
2014-05-27,32820.0,32750.0,32830.0,32770.0,Tuesday,False,-0.0018275967103259516
2014-05-28,32780.0,32640.0,32780.0,32670.0,Wednesday,False,-0.0030515715593530945
2014-05-29,32660.0,32620.0,32780.0,32780.0,Thursday,False,0.0033670033670034627
2014-05-30,32790.0,32740.0,32800.0,32770.0,Friday,False,-0.0003050640634533197
2014-05-31,32770.0,32720.0,32790.0,32760.0,Saturday,False,-0.00030515715593526505
2014-06-01,32770.0,32760.0,32830.0,32810.0,Sunday,False,0.0015262515262515208
2014-06-02,32800.0,32790.0,32850.0,32820.0,Monday,False,0.00030478512648590694
2014-06-03,32810.0,32790.0,32840.0,32800.0,Tuesday,False,-0.0006093845216331717
2014-06-04,32820.0,32810.0,32830.0,32830.0,Wednesday,False,0.0009146341463415197
2014-06-05,32820.0,32810.0,32830.0,32830.0,Thursday,True,0.0
2014-06-06,32840.0,32830.0,32850.0,32830.0,Friday,False,0.0
2014-06-07,32840.0,32610.0,32850.0,32620.0,Saturday,False,-0.006396588486140775
2014-06-08,32600.0,32350.0,32600.0,32450.0,Sunday,False,-0.005211526670754085
2014-06-09,32430.0,32290.0,32460.0,32320.0,Monday,False,-0.004006163328197254
2014-06-10,32290.0,32060.0,32400.0,32400.0,Tuesday,False,0.0024752475247524774
2014-06-11,32410.0,32340.0,32500.0,32400.0,Wednesday,False,0.0
2014-06-12,32420.0,32410.0,32460.0,32450.0,Thursday,False,0.0015432098765431057
2014-06-13,32440.0,32410.0,32440.0,32430.0,Friday,False,-0.0006163328197226203
2014-06-14,32420.0,32180.0,32420.0,32190.0,Saturday,False,-0.007400555041628176
2014-06-15,32160.0,32120.0,32230.0,32120.0,Sunday,False,-0.0021745883814849876
2014-06-16,32050.0,31790.0,32120.0,31790.0,Monday,False,-0.010273972602739767
2014-06-17,31780.0,31770.0,32110.0,32040.0,Tuesday,False,0.00786410821012895
2014-06-18,32000.0,31900.0,32170.0,31930.0,Wednesday,False,-0.0034332084893882175
2014-06-19,31980.0,31800.0,32190.0,32110.0,Thursday,False,0.0056373316630129455
2014-06-20,32100.0,32010.0,32290.0,32290.0,Friday,False,0.0056057303020866645
2014-06-21,32330.0,32040.0,32340.0,32070.0,Saturday,False,-0.006813254877671149
2014-06-22,32050.0,31790.0,32050.0,31920.0,Sunday,False,-0.004677268475210439
2014-06-23,32050.0,31790.0,32050.0,31920.0,Monday,True,0.0
2014-06-24,31740.0,31600.0,31770.0,31670.0,Tuesday,False,-0.007832080200501301
2014-06-25,31650.0,31600.0,31730.0,31670.0,Wednesday,False,0.0
2014-06-26,31650.0,31620.0,31720.0,31650.0,Thursday,False,-0.000631512472371365
2014-06-27,31670.0,31670.0,31700.0,31690.0,Friday,False,0.0012638230647710191
2014-06-28,31680.0,31390.0,31680.0,31390.0,Saturday,False,-0.009466708740927698
2014-06-29,31380.0,31080.0,31380.0,31180.0,Sunday,False,-0.00669002867155144
2014-06-30,31160.0,30900.0,31160.0,31140.0,Monday,False,-0.0012828736369467908
2014-07-01,31160.0,30920.0,31230.0,31180.0,Tuesday,False,0.0012845215157353262
2014-07-02,31190.0,31110.0,31500.0,31330.0,Wednesday,False,0.004810776138550299
2014-07-03,31360.0,31260.0,31480.0,31270.0,Thursday,False,-0.0019150973507819913
2014-07-04,31240.0,31200.0,31340.0,31260.0,Friday,False,-0.0003197953309881374
2014-07-05,31250.0,30940.0,31290.0,30960.0,Saturday,False,-0.009596928982725572
2014-07-06,30920.0,30770.0,31010.0,30950.0,Sunday,False,-0.0003229974160207094
2014-07-07,30990.0,30980.0,31310.0,31260.0,Monday,False,0.010016155088852896
2014-07-08,31300.0,31140.0,31500.0,31180.0,Tuesday,False,-0.0025591810620601008
2014-07-09,31190.0,30990.0,31270.0,31050.0,Wednesday,False,-0.004169339320077015
2014-07-10,31100.0,31000.0,31140.0,31020.0,Thursday,False,-0.0009661835748792091
2014-07-11,31000.0,31000.0,31110.0,31060.0,Friday,False,0.0012894906511928816
2014-07-12,31010.0,30970.0,31240.0,31220.0,Saturday,False,0.005151320025756689
2014-07-13,31200.0,31170.0,31420.0,31360.0,Sunday,False,0.004484304932735439
2014-07-14,31350.0,31220.0,31350.0,31230.0,Monday,False,-0.004145408163265252
2014-07-15,31200.0,31110.0,31230.0,31170.0,Tuesday,False,-0.0019212295869356355
2014-07-16,31180.0,31170.0,31470.0,31360.0,Wednesday,False,0.006095604748155292
2014-07-17,31390.0,31330.0,31430.0,31430.0,Thursday,False,0.0022321428571427937
2014-07-18,31440.0,31430.0,31640.0,31560.0,Friday,False,0.004136175628380423
2014-07-19,31580.0,31300.0,31580.0,31340.0,Saturday,False,-0.006970849176172411
2014-07-20,31300.0,31210.0,31370.0,31310.0,Sunday,False,-0.0009572431397575354
2014-07-21,31280.0,31270.0,31370.0,31330.0,Monday,False,0.0006387735547748186
2014-07-22,31320.0,31270.0,31350.0,31330.0,Tuesday,False,0.0
2014-07-23,31280.0,31240.0,31360.0,31330.0,Wednesday,False,0.0
2014-07-24,31340.0,31320.0,31410.0,31390.0,Thursday,False,0.0019150973507819913
2014-07-25,31370.0,31360.0,31390.0,31380.0,Friday,False,-0.0003185727938833649
2014-07-26,31390.0,31350.0,31410.0,31390.0,Saturday,False,0.00031867431485022024
2014-07-27,31380.0,31320.0,31410.0,31370.0,Sunday,False,-0.0006371455877668408
2014-07-28,31350.0,31250.0,31370.0,31290.0,Monday,False,-0.0025502072043352975
2014-07-29,31310.0,31260.0,31310.0,31260.0,Tuesday,False,-0.0009587727708533222
2014-07-30,31250.0,31230.0,31250.0,31240.0,Wednesday,False,-0.000639795265515053
2014-07-31,31250.0,31200.0,31250.0,31230.0,Thursday,False,-0.0003201024327784685
2014-08-01,31250.0,31200.0,31250.0,31230.0,Friday,True,0.0
2014-08-02,31200.0,31200.0,31300.0,31290.0,Saturday,False,0.0019212295869357465
2014-08-03,31330.0,31290.0,31400.0,31400.0,Sunday,False,0.003515500159795515
2014-08-04,31390.0,31380.0,31490.0,31420.0,Monday,False,0.0006369426751593465
2014-08-05,31410.0,31370.0,31450.0,31400.0,Tuesday,False,-0.0006365372374284028
2014-08-06,31380.0,31340.0,31410.0,31400.0,Wednesday,False,0.0
2014-08-07,31350.0,31320.0,31370.0,31320.0,Thursday,False,-0.002547770700636942
2014-08-08,31310.0,31310.0,31350.0,31320.0,Friday,False,0.0
2014-08-09,31310.0,31260.0,31340.0,31300.0,Saturday,False,-0.0006385696040868138
2014-08-10,31290.0,31200.0,31300.0,31220.0,Sunday,False,-0.002555910543130979
2014-08-11,31190.0,31170.0,31290.0,31250.0,Monday,False,0.0009609224855862131
2014-08-12,31260.0,31190.0,31280.0,31190.0,Tuesday,False,-0.0019200000000000328
2014-08-13,31210.0,31200.0,31270.0,31270.0,Wednesday,False,0.0025649246553383076
2014-08-14,31230.0,31170.0,31230.0,31180.0,Thursday,False,-0.0028781579788934586
2014-08-15,31170.0,31170.0,31190.0,31190.0,Friday,False,0.0003207184092366422
2014-08-16,31180.0,31090.0,31200.0,31090.0,Saturday,False,-0.003206155819172829
2014-08-17,31080.0,31000.0,31090.0,31020.0,Sunday,False,-0.0022515278224509716
2014-08-18,31010.0,30960.0,31070.0,31070.0,Monday,False,0.001611863313990991
2014-08-19,31060.0,31030.0,31150.0,31050.0,Tuesday,False,-0.0006437077566784355
2014-08-20,31040.0,30910.0,31090.0,30930.0,Wednesday,False,-0.0038647342995169476
2014-08-21,30940.0,30900.0,30960.0,30920.0,Thursday,False,-0.0003233107015842007
2014-08-22,30910.0,30890.0,30920.0,30910.0,Friday,False,-0.0003234152652005218
2014-08-23,30920.0,30910.0,31230.0,31210.0,Saturday,False,0.009705596894209023
2014-08-24,31190.0,31130.0,31330.0,31160.0,Sunday,False,-0.001602050624799789
2014-08-25,31150.0,31120.0,31350.0,31330.0,Monday,False,0.005455712451861272
2014-08-26,31310.0,31210.0,31330.0,31270.0,Tuesday,False,-0.0019150973507819913
2014-08-27,31280.0,31220.0,31300.0,31300.0,Wednesday,False,0.0009593859929644122
2014-08-28,31310.0,31250.0,31330.0,31300.0,Thursday,False,0.0
2014-08-29,31310.0,31300.0,31420.0,31420.0,Friday,False,0.00383386581469658
2014-08-30,31410.0,31410.0,31680.0,31590.0,Saturday,False,0.005410566518141202
2014-08-31,31580.0,31480.0,31590.0,31500.0,Sunday,False,-0.002849002849002802
2014-09-01,31470.0,31390.0,31500.0,31480.0,Monday,False,-0.0006349206349206549
2014-09-02,31470.0,31470.0,31750.0,31730.0,Tuesday,False,0.00794155019059728
2014-09-03,31750.0,31670.0,31860.0,31720.0,Wednesday,False,-0.00031515915537350114
2014-09-04,31690.0,31650.0,31850.0,31810.0,Thursday,False,0.0028373266078183246
2014-09-05,31830.0,31720.0,31850.0,31740.0,Friday,False,-0.002200565859792558
2014-09-06,31720.0,31540.0,31760.0,31570.0,Saturday,False,-0.005356017643352251
2014-09-07,31550.0,31510.0,31690.0,31680.0,Sunday,False,0.0034843205574912606
2014-09-08,31690.0,31670.0,31980.0,31980.0,Monday,False,0.009469696969697017
2014-09-09,32020.0,31740.0,32030.0,31750.0,Tuesday,False,-0.007191994996873063
2014-09-10,31760.0,31680.0,31860.0,31790.0,Wednesday,False,0.0012598425196850283
2014-09-11,31800.0,31780.0,31860.0,31840.0,Thursday,False,0.001572821642025879
2014-09-12,31830.0,31830.0,31870.0,31860.0,Friday,False,0.0006281407035175768
2014-09-13,31870.0,31740.0,31940.0,31760.0,Saturday,False,-0.003138731952291307
2014-09-14,31750.0,31730.0,31930.0,31910.0,Sunday,False,0.004722921914357636
2014-09-15,31920.0,31850.0,32010.0,31980.0,Monday,False,0.002193669696020084
2014-09-16,32000.0,31870.0,32090.0,31920.0,Tuesday,False,-0.0018761726078799779
2014-09-17,31930.0,31910.0,32180.0,32140.0,Wednesday,False,0.006892230576441172
2014-09-18,32130.0,31960.0,32160.0,32010.0,Thursday,False,-0.004044803982576228
2014-09-19,32000.0,31970.0,32010.0,31990.0,Friday,False,-0.0006248047485161168
2014-09-20,31980.0,31780.0,32000.0,31780.0,Saturday,False,-0.006564551422319487
2014-09-21,31790.0,31670.0,31830.0,31670.0,Sunday,False,-0.0034612964128382107
2014-09-22,31790.0,31670.0,31830.0,31670.0,Monday,True,0.0
2014-09-23,31770.0,31760.0,31930.0,31880.0,Tuesday,False,0.006630880959898944
2014-09-24,31910.0,31900.0,32060.0,31940.0,Wednesday,False,0.0018820577164366803
2014-09-25,31910.0,31910.0,32020.0,32000.0,Thursday,False,0.0018785222291797243
2014-09-26,32010.0,31940.0,32010.0,32000.0,Friday,False,0.0
2014-09-27,32010.0,32010.0,32480.0,32480.0,Saturday,False,0.014999999999999902
2014-09-28,32550.0,32460.0,32680.0,32640.0,Sunday,False,0.0049261083743843415
2014-09-29,32610.0,32350.0,32610.0,32350.0,Monday,False,-0.008884803921568651
2014-09-30,32320.0,32230.0,32460.0,32410.0,Tuesday,False,0.0018547140649149974
2014-10-01,32470.0,32420.0,32570.0,32430.0,Wednesday,False,0.000617093489663656
2014-10-02,32460.0,32310.0,32460.0,32400.0,Thursday,False,-0.0009250693802035359
2014-10-03,32390.0,32380.0,32440.0,32430.0,Friday,False,0.0009259259259259967
2014-10-04,32400.0,32350.0,32440.0,32410.0,Saturday,False,-0.0006167129201356536
2014-10-05,32400.0,32290.0,32400.0,32310.0,Sunday,False,-0.003085467448318391
2014-10-06,32360.0,32250.0,32360.0,32310.0,Monday,False,0.0
2014-10-07,32300.0,32300.0,32450.0,32390.0,Tuesday,False,0.0024760136180748127
2014-10-08,32420.0,32350.0,32420.0,32370.0,Wednesday,False,-0.00061747452917571
2014-10-09,32410.0,32410.0,32510.0,32480.0,Thursday,False,0.0033982082174852657
2014-10-10,32500.0,32470.0,32510.0,32500.0,Friday,False,0.0006157635467980427
2014-10-11,32560.0,32410.0,32610.0,32430.0,Saturday,False,-0.002153846153846173
2014-10-12,32450.0,32390.0,32510.0,32500.0,Sunday,False,0.002158495220474954
2014-10-13,32510.0,32480.0,32530.0,32520.0,Monday,False,0.0006153846153846843
2014-10-14,32510.0,32400.0,32550.0,32530.0,Tuesday,False,0.00030750307503080165
2014-10-15,32550.0,32440.0,32570.0,32440.0,Wednesday,False,-0.0027666769136182046
2014-10-16,32450.0,32440.0,32560.0,32500.0,Thursday,False,0.0018495684340320562
2014-10-17,32470.0,32460.0,32510.0,32460.0,Friday,False,-0.0012307692307692575
2014-10-18,32480.0,32350.0,32500.0,32380.0,Saturday,False,-0.0024645717806530687
2014-10-19,32370.0,32310.0,32390.0,32340.0,Sunday,False,-0.001235330450895633
2014-10-20,32360.0,32180.0,32360.0,32190.0,Monday,False,-0.004638218923933235
2014-10-21,32240.0,32200.0,32300.0,32280.0,Tuesday,False,0.002795899347623587
2014-10-22,32290.0,32220.0,32320.0,32220.0,Wednesday,False,-0.0018587360594795044
2014-10-23,32250.0,32220.0,32280.0,32280.0,Thursday,False,0.0018621973929235924
2014-10-24,32290.0,32260.0,32310.0,32270.0,Friday,False,-0.00030978934324654706
2014-10-25,32260.0,32090.0,32270.0,32100.0,Saturday,False,-0.005268050821196191
2014-10-26,32110.0,32080.0,32190.0,32170.0,Sunday,False,0.002180685358255552
2014-10-27,32220.0,32210.0,32370.0,32360.0,Monday,False,0.005906123717749345
2014-10-28,32370.0,32280.0,32450.0,32450.0,Tuesday,False,0.0027812113720642184
2014-10-29,32420.0,32340.0,32430.0,32390.0,Wednesday,False,-0.001848998459167972
2014-10-30,32380.0,32360.0,32450.0,32450.0,Thursday,False,0.001852423587527019
2014-10-31,32480.0,32480.0,32530.0,32520.0,Friday,False,0.002157164869029282
2014-11-01,32490.0,32460.0,32550.0,32460.0,Saturday,False,-0.0018450184501844769
2014-11-02,32480.0,32410.0,32540.0,32530.0,Sunday,False,0.002156500308071463
2014-11-03,32480.0,32410.0,32540.0,32530.0,Monday,True,0.0
2014-11-04,32480.0,32410.0,32540.0,32530.0,Tuesday,True,0.0
2014-11-05,32550.0,32500.0,32580.0,32550.0,Wednesday,False,0.0006148170919151319
2014-11-06,32560.0,32500.0,32580.0,32500.0,Thursday,False,-0.001536098310291889
2014-11-07,32490.0,32460.0,32510.0,32510.0,Friday,False,0.0003076923076923421
2014-11-08,32460.0,32450.0,32650.0,32570.0,Saturday,False,0.0018455859735466706
2014-11-09,32580.0,32450.0,32580.0,32480.0,Sunday,False,-0.002763279091188231
2014-11-10,32470.0,32400.0,32540.0,32540.0,Monday,False,0.001847290640394128
2014-11-11,32500.0,32470.0,32590.0,32580.0,Tuesday,False,0.0012292562999385304
2014-11-12,32560.0,32500.0,32600.0,32580.0,Wednesday,False,0.0
2014-11-13,32570.0,32550.0,32600.0,32560.0,Thursday,False,-0.0006138735420503361
2014-11-14,32580.0,32550.0,32580.0,32550.0,Friday,False,-0.00030712530712528885
2014-11-15,32540.0,32400.0,32550.0,32440.0,Saturday,False,-0.003379416282642045
2014-11-16,32460.0,32400.0,32470.0,32470.0,Sunday,False,0.0009247842170161391
2014-11-17,32450.0,32440.0,32470.0,32460.0,Monday,False,-0.0003079765937789025
2014-11-18,32440.0,32440.0,32580.0,32560.0,Tuesday,False,0.0030807147258162804
2014-11-19,32560.0,32460.0,32560.0,32500.0,Wednesday,False,-0.0018427518427518441
2014-11-20,32510.0,32480.0,32530.0,32530.0,Thursday,False,0.0009230769230770264
2014-11-21,32540.0,32480.0,32540.0,32490.0,Friday,False,-0.0012296341838302638
2014-11-22,32480.0,32370.0,32490.0,32370.0,Saturday,False,-0.003693444136657398
2014-11-23,32360.0,32320.0,32460.0,32400.0,Sunday,False,0.000926784059314123
2014-11-24,32420.0,32410.0,32650.0,32560.0,Monday,False,0.004938271604938205
2014-11-25,32570.0,32520.0,32620.0,32620.0,Tuesday,False,0.001842751842751733
2014-11-26,32630.0,32630.0,32950.0,32900.0,Wednesday,False,0.008583690987124415
2014-11-27,32910.0,32910.0,33210.0,33190.0,Thursday,False,0.008814589665653516
2014-11-28,33210.0,33200.0,33260.0,33250.0,Friday,False,0.0018077734257306854
2014-11-29,33260.0,33260.0,34310.0,34210.0,Saturday,False,0.028872180451127827
2014-11-30,34180.0,34000.0,35300.0,34610.0,Sunday,False,0.011692487576731914
2014-12-01,34600.0,33580.0,34600.0,33670.0,Monday,False,-0.027159780410285994
2014-12-02,33680.0,33370.0,33840.0,33580.0,Tuesday,False,-0.0026730026730026335
2014-12-03,33560.0,33550.0,33770.0,33670.0,Wednesday,False,0.0026801667659321904
2014-12-04,33660.0,33590.0,33720.0,33700.0,Thursday,False,0.0008910008910008038
2014-12-05,33690.0,33680.0,33700.0,33680.0,Friday,False,-0.0005934718100890635
2014-12-06,33630.0,33370.0,33690.0,33430.0,Saturday,False,-0.007422802850356347
2014-12-07,33500.0,33470.0,34170.0,34160.0,Sunday,False,0.021836673646425275
2014-12-08,34320.0,34090.0,34640.0,34250.0,Monday,False,0.002634660421545698
2014-12-09,34210.0,33990.0,34280.0,34010.0,Tuesday,False,-0.007007299270073042
2014-12-10,33990.0,33920.0,34210.0,34190.0,Wednesday,False,0.005292561011467134
2014-12-11,34180.0,34140.0,34310.0,34220.0,Thursday,False,0.0008774495466510324
2014-12-12,34230.0,34220.0,34260.0,34260.0,Friday,False,0.0011689070718878813
2014-12-13,34270.0,34240.0,34280.0,34240.0,Saturday,False,-0.0005837711617046049
2014-12-14,34230.0,34210.0,34930.0,34900.0,Sunday,False,0.01927570093457942
2014-12-15,34920.0,34000.0,35010.0,34100.0,Monday,False,-0.022922636103151817
2014-12-16,34110.0,33800.0,34830.0,34800.0,Tuesday,False,0.02052785923753664
2014-12-17,34750.0,34750.0,35100.0,34930.0,Wednesday,False,0.003735632183908155
2014-12-18,34910.0,34910.0,35140.0,35000.0,Thursday,False,0.002004008016031955
2014-12-19,35010.0,34940.0,35050.0,34940.0,Friday,False,-0.0017142857142856682
2014-12-20,34960.0,34860.0,35230.0,35100.0,Saturday,False,0.004579278763594763
2014-12-21,35130.0,35060.0,35130.0,35070.0,Sunday,False,-0.0008547008547008517
2014-12-22,35110.0,35110.0,35600.0,35530.0,Monday,False,0.01311662389506707
2014-12-23,35580.0,35550.0,35610.0,35560.0,Tuesday,False,0.0008443568815086344
2014-12-24,35630.0,35300.0,35870.0,35730.0,Wednesday,False,0.004780652418447717
2014-12-25,35680.0,35500.0,35720.0,35590.0,Thursday,False,-0.003918275958578188
2014-12-26,35580.0,35390.0,35580.0,35390.0,Friday,False,-0.005619556055071695
2014-12-27,35380.0,35380.0,35650.0,35580.0,Saturday,False,0.005368748233964382
2014-12-28,35560.0,35480.0,35740.0,35530.0,Sunday,False,-0.0014052838673411783
2014-12-29,35590.0,35440.0,35640.0,35490.0,Monday,False,-0.0011258091753447719
2014-12-30,35500.0,35120.0,35560.0,35210.0,Tuesday,False,-0.007889546351084853
2014-12-31,35200.0,34920.0,35200.0,35010.0,Wednesday,False,-0.0056802044873615065
2015-01-01,35000.0,34950.0,35030.0,35010.0,Thursday,False,0.0
2015-01-02,35000.0,34950.0,35000.0,34960.0,Friday,False,-0.00142816338189089
2015-01-03,34930.0,34770.0,35100.0,35090.0,Saturday,False,0.003718535469107609
2015-01-04,35080.0,35080.0,35440.0,35210.0,Sunday,False,0.0034197777144484576
2015-01-05,35220.0,35060.0,35330.0,35120.0,Monday,False,-0.002556092019312728
2015-01-06,35140.0,35130.0,35260.0,35240.0,Tuesday,False,0.003416856492027387
2015-01-07,35260.0,35110.0,35260.0,35130.0,Wednesday,False,-0.0031214528944381037
2015-01-08,35140.0,35000.0,35140.0,35000.0,Thursday,False,-0.0037005408482778668
2015-01-09,35020.0,34960.0,35020.0,34970.0,Friday,False,-0.0008571428571428896
2015-01-10,34980.0,34880.0,35090.0,34940.0,Saturday,False,-0.0008578781812982328
2015-01-11,34930.0,34830.0,34960.0,34860.0,Sunday,False,-0.0022896393817973815
2015-01-12,34850.0,34660.0,34860.0,34700.0,Monday,False,-0.004589787722317884
2015-01-13,34690.0,34460.0,34690.0,34500.0,Tuesday,False,-0.0057636887608069065
2015-01-14,34490.0,34380.0,34570.0,34520.0,Wednesday,False,0.0005797101449276365
2015-01-15,34530.0,34500.0,34580.0,34500.0,Thursday,False,-0.0005793742757821407
2015-01-16,34490.0,34430.0,34490.0,34450.0,Friday,False,-0.0014492753623188692
2015-01-17,34440.0,34380.0,34500.0,34460.0,Saturday,False,0.0002902757619738239
2015-01-18,34490.0,34490.0,34700.0,34670.0,Sunday,False,0.006094022054556003
2015-01-19,34720.0,34720.0,35210.0,35140.0,Monday,False,0.013556388808768416
2015-01-20,35110.0,34680.0,35110.0,34740.0,Tuesday,False,-0.01138303927148554
2015-01-21,34620.0,34420.0,34680.0,34610.0,Wednesday,False,-0.0037420840529648336
2015-01-22,34660.0,34540.0,34660.0,34570.0,Thursday,False,-0.0011557353366079548
2015-01-23,34660.0,34540.0,34660.0,34570.0,Friday,True,0.0
2015-01-24,34600.0,34430.0,34600.0,34430.0,Saturday,False,-0.004049754122071203
2015-01-25,34480.0,34480.0,34700.0,34650.0,Sunday,False,0.006389776357827559
2015-01-26,34640.0,34610.0,34900.0,34690.0,Monday,False,0.0011544011544011301
2015-01-27,34700.0,34600.0,34730.0,34600.0,Tuesday,False,-0.002594407610262306
2015-01-28,34590.0,34560.0,34670.0,34560.0,Wednesday,False,-0.0011560693641619046
2015-01-29,34570.0,34530.0,34640.0,34560.0,Thursday,False,0.0
2015-01-30,34570.0,34530.0,34640.0,34560.0,Friday,True,0.0
2015-01-31,34620.0,34510.0,34620.0,34570.0,Saturday,False,0.0002893518518518601
2015-02-01,34590.0,34520.0,34620.0,34550.0,Sunday,False,-0.0005785363031530766
2015-02-02,34570.0,34540.0,34580.0,34560.0,Monday,False,0.0002894356005789245
2015-02-03,34570.0,34540.0,34570.0,34560.0,Tuesday,False,0.0
2015-02-04,34550.0,34400.0,34560.0,34430.0,Wednesday,False,-0.00376157407407407
2015-02-05,34410.0,34270.0,34410.0,34320.0,Thursday,False,-0.0031948881789137795
2015-02-06,34410.0,34270.0,34410.0,34320.0,Friday,True,0.0
2015-02-07,34330.0,34160.0,34330.0,34190.0,Saturday,False,-0.0037878787878787845
2015-02-08,34160.0,33880.0,34160.0,34090.0,Sunday,False,-0.002924831822170182
2015-02-09,34080.0,34080.0,34370.0,34310.0,Monday,False,0.0064535054268113345
2015-02-10,34280.0,34210.0,34320.0,34300.0,Tuesday,False,-0.00029146021568060565
2015-02-11,34280.0,34210.0,34320.0,34300.0,Wednesday,True,0.0
2015-02-12,34320.0,34250.0,34320.0,34290.0,Thursday,False,-0.0002915451895043608
2015-02-13,34320.0,34250.0,34320.0,34290.0,Friday,True,0.0
2015-02-14,34320.0,34260.0,34350.0,34320.0,Saturday,False,0.0008748906386701893
2015-02-15,34310.0,34260.0,34320.0,34300.0,Sunday,False,-0.0005827505827505908
2015-02-16,34310.0,34190.0,34310.0,34220.0,Monday,False,-0.0023323615160349975
2015-02-17,34200.0,33980.0,34200.0,34020.0,Tuesday,False,-0.005844535359438963
2015-02-18,34040.0,34010.0,34150.0,34140.0,Wednesday,False,0.003527336860670305
2015-02-19,34180.0,34120.0,34210.0,34140.0,Thursday,False,0.0
2015-02-20,34180.0,34120.0,34210.0,34140.0,Friday,True,0.0
2015-02-21,34130.0,34040.0,34150.0,34070.0,Saturday,False,-0.00205038078500297
2015-02-22,34080.0,34060.0,34220.0,34220.0,Sunday,False,0.0044027003228646056
2015-02-23,34200.0,34200.0,34410.0,34350.0,Monday,False,0.003798947983635337
2015-02-24,34370.0,34290.0,34370.0,34340.0,Tuesday,False,-0.00029112081513826826
2015-02-25,34350.0,34330.0,34450.0,34360.0,Wednesday,False,0.0005824111822947398
2015-02-26,34390.0,34300.0,34410.0,34350.0,Thursday,False,-0.00029103608847491635
2015-02-27,34310.0,34310.0,34310.0,34310.0,Friday,False,-0.001164483260553184
2015-02-28,34290.0,34160.0,34330.0,34240.0,Saturday,False,-0.0020402215097639065
2015-03-01,34260.0,34190.0,34280.0,34260.0,Sunday,False,0.0005841121495326895
2015-03-02,34250.0,34240.0,34290.0,34250.0,Monday,False,-0.00029188558085235794
2015-03-03,34260.0,34070.0,34260.0,34170.0,Tuesday,False,-0.0023357664233576436
2015-03-04,34180.0,34110.0,34200.0,34200.0,Wednesday,False,0.0008779631255486642
2015-03-05,34160.0,34130.0,34180.0,34130.0,Thursday,False,-0.0020467836257309635
2015-03-06,34160.0,34130.0,34180.0,34130.0,Friday,True,0.0
2015-03-07,34120.0,33940.0,34120.0,33990.0,Saturday,False,-0.004101963082332238
2015-03-08,34020.0,33930.0,34060.0,34060.0,Sunday,False,0.00205942924389535
2015-03-09,34050.0,33960.0,34060.0,33960.0,Monday,False,-0.0029359953024075125
2015-03-10,33980.0,33820.0,33980.0,33840.0,Tuesday,False,-0.0035335689045936647
2015-03-11,33800.0,33330.0,33800.0,33360.0,Wednesday,False,-0.014184397163120588
2015-03-12,33410.0,32960.0,33410.0,33240.0,Thursday,False,-0.003597122302158251
2015-03-13,33170.0,32950.0,33170.0,32990.0,Friday,False,-0.007521058965102245
2015-03-14,32960.0,32200.0,32960.0,32200.0,Saturday,False,-0.023946650500151545
2015-03-15,32180.0,31600.0,32670.0,32410.0,Sunday,False,0.006521739130434856
2015-03-16,32440.0,32400.0,33150.0,32810.0,Monday,False,0.012341869793273785
2015-03-17,32870.0,32870.0,33860.0,33530.0,Tuesday,False,0.021944529106979527
2015-03-18,33530.0,33350.0,33760.0,33490.0,Wednesday,False,-0.0011929615269907767
2015-03-19,33580.0,32950.0,33700.0,33380.0,Thursday,False,-0.0032845625559868585
2015-03-20,33580.0,32950.0,33700.0,33380.0,Friday,True,0.0
2015-03-21,33580.0,32950.0,33700.0,33380.0,Saturday,True,0.0
2015-03-22,33580.0,32950.0,33700.0,33380.0,Sunday,True,0.0
2015-03-23,33560.0,33560.0,33560.0,33560.0,Monday,False,0.005392450569203122
2015-03-24,33600.0,33600.0,33600.0,33600.0,Tuesday,False,0.0011918951132301459
2015-03-25,33560.0,33560.0,34280.0,33930.0,Wednesday,False,0.009821428571428648
2015-03-26,33980.0,33890.0,34030.0,33930.0,Thursday,False,0.0
2015-03-27,33980.0,33890.0,34030.0,33930.0,Friday,True,0.0
2015-03-28,33810.0,32730.0,33810.0,32960.0,Saturday,False,-0.02858826996758035
2015-03-29,32970.0,32610.0,33180.0,33100.0,Sunday,False,0.0042475728155340065
2015-03-30,33110.0,32990.0,33340.0,33240.0,Monday,False,0.004229607250755274
2015-03-31,33190.0,32880.0,33390.0,33070.0,Tuesday,False,-0.005114320096269553
2015-04-01,32890.0,32890.0,33300.0,33300.0,Wednesday,False,0.006954944058058743
2015-04-02,33230.0,32250.0,33230.0,32350.0,Thursday,False,-0.028528528528528496
2015-04-03,32340.0,31710.0,32340.0,31880.0,Friday,False,-0.014528593508500776
2015-04-04,31850.0,31710.0,32700.0,32690.0,Saturday,False,0.025407779171894518
2015-04-05,32760.0,32670.0,32990.0,32840.0,Sunday,False,0.004588559192413522
2015-04-06,32820.0,32600.0,32890.0,32860.0,Monday,False,0.0006090133982947776
2015-04-07,32840.0,32840.0,33170.0,33140.0,Tuesday,False,0.008520998174071925
2015-04-08,33170.0,32930.0,33330.0,32930.0,Wednesday,False,-0.006336753168376563
2015-04-09,32910.0,32860.0,33090.0,32900.0,Thursday,False,-0.0009110233829334735
2015-04-10,32910.0,32860.0,33090.0,32900.0,Friday,True,0.0
2015-04-11,32950.0,32950.0,33560.0,33520.0,Saturday,False,0.018844984802431686
2015-04-12,33570.0,33390.0,33850.0,33390.0,Sunday,False,-0.0038782816229117056
2015-04-13,33420.0,33340.0,33580.0,33380.0,Monday,False,-0.0002994908655286066
2015-04-14,33480.0,33270.0,33530.0,33450.0,Tuesday,False,0.0020970641102455723
2015-04-15,33440.0,33440.0,33710.0,33580.0,Wednesday,False,0.0038863976083707286
2015-04-16,33590.0,33450.0,33620.0,33480.0,Thursday,False,-0.0029779630732579276
2015-04-17,33490.0,33420.0,33490.0,33420.0,Friday,False,-0.0017921146953404632
2015-04-18,33440.0,33330.0,33450.0,33360.0,Saturday,False,-0.0017953321364452268
2015-04-19,33340.0,33310.0,33440.0,33390.0,Sunday,False,0.0008992805755396738
2015-04-20,33450.0,33350.0,33450.0,33390.0,Monday,False,0.0
2015-04-21,33400.0,33370.0,33450.0,33390.0,Tuesday,False,0.0
2015-04-22,33380.0,33310.0,33390.0,33360.0,Wednesday,False,-0.0008984725965858198
2015-04-23,33370.0,33310.0,33390.0,33330.0,Thursday,False,-0.0008992805755395628
2015-04-24,33340.0,33330.0,33340.0,33330.0,Friday,False,0.0
2015-04-25,33320.0,33210.0,33340.0,33220.0,Saturday,False,-0.0033003300330033403
2015-04-26,33200.0,33190.0,33350.0,33300.0,Sunday,False,0.0024081878386514877
2015-04-27,33340.0,33340.0,33430.0,33350.0,Monday,False,0.0015015015015014122
2015-04-28,33360.0,33310.0,33390.0,33380.0,Tuesday,False,0.0008995502248876353
2015-04-29,33390.0,33340.0,33410.0,33360.0,Wednesday,False,-0.0005991611743558778
2015-04-30,33370.0,33330.0,33400.0,33390.0,Thursday,False,0.0008992805755396738
2015-05-01,33400.0,33390.0,33400.0,33390.0,Friday,False,0.0
2015-05-02,33400.0,33390.0,33400.0,33390.0,Saturday,True,0.0
2015-05-03,33410.0,33350.0,33430.0,33390.0,Sunday,False,0.0
2015-05-04,33400.0,33250.0,33400.0,33250.0,Monday,False,-0.004192872117400381
2015-05-05,33230.0,33170.0,33270.0,33270.0,Tuesday,False,0.0006015037593984918
2015-05-06,33250.0,33190.0,33320.0,33300.0,Wednesday,False,0.0009017132551849549
2015-05-07,33310.0,33280.0,33320.0,33290.0,Thursday,False,-0.0003003003003002602
2015-05-08,33300.0,33300.0,33300.0,33300.0,Friday,False,0.00030039050765995334
2015-05-09,33290.0,33210.0,33300.0,33210.0,Saturday,False,-0.002702702702702675
2015-05-10,33220.0,33140.0,33220.0,33180.0,Sunday,False,-0.0009033423667570428
2015-05-11,33170.0,33110.0,33190.0,33160.0,Monday,False,-0.0006027727546714656
2015-05-12,33120.0,33070.0,33170.0,33160.0,Tuesday,False,0.0
2015-05-13,33180.0,33150.0,33270.0,33190.0,Wednesday,False,0.000904704463208672
2015-05-14,33180.0,33170.0,33200.0,33200.0,Thursday,False,0.00030129557095515125
2015-05-15,33190.0,33190.0,33190.0,33190.0,Friday,False,-0.00030120481927709
2015-05-16,33200.0,33190.0,33200.0,33190.0,Saturday,False,0.0
2015-05-17,33150.0,33090.0,33160.0,33100.0,Sunday,False,-0.002711660138595917
2015-05-18,33040.0,33040.0,33080.0,33070.0,Monday,False,-0.0009063444108761143
2015-05-19,33060.0,32980.0,33080.0,32980.0,Tuesday,False,-0.002721499848805542
2015-05-20,32990.0,32770.0,33020.0,32830.0,Wednesday,False,-0.0045482110369921
2015-05-21,32940.0,32850.0,33050.0,32850.0,Thursday,False,0.0006091989034420209
2015-05-22,32940.0,32850.0,33050.0,32850.0,Friday,True,0.0
2015-05-23,32960.0,32960.0,33100.0,32970.0,Saturday,False,0.0036529680365295913
2015-05-24,33000.0,32950.0,33050.0,32950.0,Sunday,False,-0.0006066120715801926
2015-05-25,33070.0,32930.0,33130.0,32930.0,Monday,False,-0.0006069802731411
2015-05-26,33110.0,33000.0,33150.0,33000.0,Tuesday,False,0.0021257212268448455
2015-05-27,33070.0,33000.0,33150.0,33000.0,Wednesday,False,0.0
2015-05-28,33100.0,32980.0,33220.0,32980.0,Thursday,False,-0.00060606060606061
2015-05-29,33100.0,32980.0,33220.0,32980.0,Friday,True,0.0
2015-05-30,33100.0,33080.0,33320.0,33080.0,Saturday,False,0.003032140691328067
2015-05-31,33200.0,33160.0,33320.0,33190.0,Sunday,False,0.003325272067714602
2015-06-01,33200.0,33100.0,33210.0,33130.0,Monday,False,-0.0018077734257306854
2015-06-02,33160.0,33100.0,33220.0,33130.0,Tuesday,False,0.0
2015-06-03,33160.0,33100.0,33220.0,33130.0,Wednesday,True,0.0
2015-06-04,33160.0,33100.0,33220.0,33130.0,Thursday,True,0.0
2015-06-05,33160.0,33100.0,33220.0,33130.0,Friday,True,0.0
2015-06-06,33180.0,33110.0,33230.0,33110.0,Saturday,False,-0.0006036824630244464
2015-06-07,33130.0,33070.0,33130.0,33080.0,Sunday,False,-0.0009060706735125601
2015-06-08,33140.0,33100.0,33160.0,33100.0,Monday,False,0.0006045949214026347
2015-06-09,33110.0,33080.0,33160.0,33080.0,Tuesday,False,-0.0006042296072507058
2015-06-10,33120.0,33080.0,33170.0,33080.0,Wednesday,False,0.0
2015-06-11,33100.0,33050.0,33110.0,33050.0,Thursday,False,-0.0009068923821039521
2015-06-12,33100.0,33050.0,33110.0,33050.0,Friday,True,0.0
2015-06-13,33080.0,33040.0,33100.0,33040.0,Saturday,False,-0.000302571860816947
2015-06-14,33020.0,32920.0,33020.0,32920.0,Sunday,False,-0.003631961259079941
2015-06-15,32910.0,32820.0,32910.0,32820.0,Monday,False,-0.0030376670716889542
2015-06-16,32750.0,32690.0,32850.0,32850.0,Tuesday,False,0.000914076782449813
2015-06-17,32860.0,32820.0,32920.0,32850.0,Wednesday,False,0.0
2015-06-18,32840.0,32780.0,32840.0,32780.0,Thursday,False,-0.002130898021308947
2015-06-19,32840.0,32780.0,32840.0,32780.0,Friday,True,0.0
2015-06-20,32790.0,32700.0,32790.0,32710.0,Saturday,False,-0.002135448444173238
2015-06-21,32730.0,32680.0,32770.0,32720.0,Sunday,False,0.0003057169061448928
2015-06-22,32650.0,32600.0,32670.0,32620.0,Monday,False,-0.003056234718826434
2015-06-23,32630.0,32580.0,32660.0,32660.0,Tuesday,False,0.0012262415695891704
2015-06-24,32680.0,32660.0,32850.0,32750.0,Wednesday,False,0.0027556644213104775
2015-06-25,32850.0,32750.0,32880.0,32750.0,Thursday,False,0.0
2015-06-26,32850.0,32750.0,32880.0,32750.0,Friday,True,0.0
2015-06-27,32860.0,32860.0,33070.0,33030.0,Saturday,False,0.00854961832061063
2015-06-28,33080.0,33000.0,33380.0,33000.0,Sunday,False,-0.0009082652134423386
2015-06-29,33170.0,33000.0,33330.0,33000.0,Monday,False,0.0
2015-06-30,32980.0,32870.0,33110.0,32990.0,Tuesday,False,-0.00030303030303024947
2015-07-01,33230.0,33090.0,33330.0,33090.0,Wednesday,False,0.0030312215822976274
2015-07-02,33040.0,32940.0,33060.0,32950.0,Thursday,False,-0.004230885463886391
2015-07-03,33040.0,32940.0,33060.0,32950.0,Friday,True,0.0
2015-07-04,33020.0,33000.0,33180.0,33040.0,Saturday,False,0.0027314112291350057
2015-07-05,33130.0,32900.0,33130.0,32950.0,Sunday,False,-0.0027239709443098725
2015-07-06,32970.0,32700.0,32970.0,32720.0,Monday,False,-0.006980273141122928
2015-07-07,32560.0,32420.0,32690.0,32480.0,Tuesday,False,-0.007334963325183352
2015-07-08,32560.0,32420.0,32690.0,32480.0,Wednesday,True,0.0
2015-07-09,32500.0,32380.0,32560.0,32380.0,Thursday,False,-0.0030788177339901024
2015-07-10,32500.0,32380.0,32560.0,32380.0,Friday,True,0.0
2015-07-11,32440.0,32440.0,32590.0,32490.0,Saturday,False,0.0033971587399630465
2015-07-12,32580.0,32450.0,32590.0,32500.0,Sunday,False,0.0003077870113881165
2015-07-13,32270.0,32120.0,32270.0,32140.0,Monday,False,-0.011076923076923095
2015-07-14,32050.0,31780.0,32170.0,32160.0,Tuesday,False,0.000622277535780924
2015-07-15,32350.0,32180.0,32620.0,32180.0,Wednesday,False,0.0006218905472636926
2015-07-16,32490.0,32190.0,32490.0,32300.0,Thursday,False,0.003729024238657619
2015-07-17,32490.0,32190.0,32490.0,32300.0,Friday,True,0.0
2015-07-18,32490.0,32190.0,32490.0,32300.0,Saturday,True,0.0
2015-07-19,32490.0,32190.0,32490.0,32300.0,Sunday,True,0.0
2015-07-20,32320.0,32290.0,32370.0,32300.0,Monday,False,0.0
2015-07-21,32250.0,32200.0,32420.0,32350.0,Tuesday,False,0.001547987616099089
2015-07-22,32530.0,32380.0,32620.0,32390.0,Wednesday,False,0.0012364760432765909
2015-07-23,32530.0,32380.0,32560.0,32380.0,Thursday,False,-0.0003087372645877995
2015-07-24,32530.0,32380.0,32560.0,32380.0,Friday,True,0.0
2015-07-25,32770.0,32570.0,32950.0,32570.0,Saturday,False,0.005867819641754091
2015-07-26,33030.0,32570.0,33180.0,32950.0,Sunday,False,0.011667178385016852
2015-07-27,32990.0,32860.0,33000.0,32900.0,Monday,False,-0.0015174506828528056
2015-07-28,33030.0,32980.0,33090.0,32980.0,Tuesday,False,0.002431610942249307
2015-07-29,33080.0,32990.0,33100.0,33030.0,Wednesday,False,0.0015160703456640334
2015-07-30,33050.0,33000.0,33070.0,33000.0,Thursday,False,-0.0009082652134423386
2015-07-31,33050.0,33000.0,33070.0,33000.0,Friday,True,0.0
2015-08-01,33080.0,33060.0,33200.0,33140.0,Saturday,False,0.004242424242424159
2015-08-02,33220.0,33120.0,33270.0,33150.0,Sunday,False,0.0003017501508750797
2015-08-03,33200.0,33130.0,33220.0,33160.0,Monday,False,0.0003016591251885359
2015-08-04,33250.0,33220.0,33330.0,33240.0,Tuesday,False,0.0024125452352230514
2015-08-05,33250.0,33250.0,33320.0,33270.0,Wednesday,False,0.0009025270758122872
2015-08-06,33300.0,33250.0,33400.0,33250.0,Thursday,False,-0.0006011421701231923
2015-08-07,33300.0,33250.0,33400.0,33250.0,Friday,True,0.0
2015-08-08,33400.0,33380.0,33600.0,33380.0,Saturday,False,0.0039097744360903075
2015-08-09,33500.0,33300.0,33510.0,33390.0,Sunday,False,0.0002995805871779389
2015-08-10,33380.0,33360.0,33490.0,33360.0,Monday,False,-0.0008984725965858198
2015-08-11,33380.0,33360.0,33490.0,33360.0,Tuesday,True,0.0
2015-08-12,33440.0,33360.0,33590.0,33460.0,Wednesday,False,0.002997601918465209
2015-08-13,33600.0,33450.0,33680.0,33450.0,Thursday,False,-0.0002988643156006665
2015-08-14,33600.0,33450.0,33680.0,33450.0,Friday,True,0.0
2015-08-15,33580.0,33400.0,33640.0,33400.0,Saturday,False,-0.001494768310911776
2015-08-16,33410.0,33390.0,33470.0,33410.0,Sunday,False,0.0002994011976047428
2015-08-17,33480.0,33410.0,33580.0,33410.0,Monday,False,0.0
2015-08-18,33450.0,33450.0,33710.0,33550.0,Tuesday,False,0.004190362167015849
2015-08-19,33590.0,33460.0,33620.0,33460.0,Wednesday,False,-0.0026825633383010805
2015-08-20,33580.0,33490.0,33600.0,33490.0,Thursday,False,0.0008965929468021105
2015-08-21,33580.0,33490.0,33600.0,33490.0,Friday,True,0.0
2015-08-22,33500.0,33480.0,33630.0,33480.0,Saturday,False,-0.0002985965959988457
2015-08-23,33660.0,33500.0,33720.0,33500.0,Sunday,False,0.0005973715651135247
2015-08-24,33680.0,33550.0,33760.0,33550.0,Monday,False,0.0014925373134329067
2015-08-25,33730.0,33580.0,33810.0,33650.0,Tuesday,False,0.0029806259314455463
2015-08-26,33860.0,33630.0,34070.0,33630.0,Wednesday,False,-0.0005943536404160454
2015-08-27,33690.0,33550.0,34000.0,33550.0,Thursday,False,-0.0023788284269996574
2015-08-28,33690.0,33550.0,34000.0,33550.0,Friday,True,0.0
2015-08-29,33870.0,33590.0,33930.0,33590.0,Saturday,False,0.0011922503725783073
2015-08-30,33780.0,33670.0,33890.0,33670.0,Sunday,False,0.0023816612086930977
2015-08-31,34020.0,33770.0,34100.0,33770.0,Monday,False,0.0029700029700030495
2015-09-01,34030.0,33960.0,34120.0,34000.0,Tuesday,False,0.006810778797749384
2015-09-02,34160.0,33980.0,34160.0,33980.0,Wednesday,False,-0.0005882352941176672
2015-09-03,34000.0,33850.0,34050.0,33850.0,Thursday,False,-0.003825779870512025
2015-09-04,34000.0,33850.0,34050.0,33850.0,Friday,True,0.0
2015-09-05,34120.0,33830.0,34120.0,33830.0,Saturday,False,-0.0005908419497784312
2015-09-06,33920.0,33920.0,34270.0,33970.0,Sunday,False,0.004138338752586401
2015-09-07,34220.0,33890.0,34270.0,33890.0,Monday,False,-0.0023550191345305116
2015-09-08,34150.0,33830.0,34370.0,33830.0,Tuesday,False,-0.0017704337562702843
2015-09-09,34220.0,33830.0,34320.0,33850.0,Wednesday,False,0.0005911912503695493
2015-09-10,33920.0,33850.0,34300.0,33850.0,Thursday,False,0.0
2015-09-11,33920.0,33850.0,34300.0,33850.0,Friday,True,0.0
2015-09-12,34370.0,33900.0,34500.0,33900.0,Saturday,False,0.001477104874446189
2015-09-13,34040.0,33980.0,34560.0,33980.0,Sunday,False,0.0023598820058996495
2015-09-14,34130.0,34130.0,34750.0,34200.0,Monday,False,0.0064743967039435635
2015-09-15,34340.0,33950.0,34920.0,33950.0,Tuesday,False,-0.007309941520467822
2015-09-16,34510.0,33930.0,34510.0,33930.0,Wednesday,False,-0.000589101620029453
2015-09-17,33990.0,33850.0,33990.0,33850.0,Thursday,False,-0.0023577954612437058
2015-09-18,33990.0,33850.0,33990.0,33850.0,Friday,True,0.0
2015-09-19,33980.0,33850.0,34000.0,33850.0,Saturday,False,0.0
2015-09-20,34020.0,33830.0,34040.0,33830.0,Sunday,False,-0.0005908419497784312
2015-09-21,33820.0,33720.0,33820.0,33720.0,Monday,False,-0.0032515518770321883
2015-09-22,34020.0,33880.0,34080.0,33880.0,Tuesday,False,0.004744958481613271
2015-09-23,33900.0,33850.0,33950.0,33850.0,Wednesday,False,-0.0008854781582053883
2015-09-24,33900.0,33850.0,33950.0,33850.0,Thursday,True,0.0
2015-09-25,33900.0,33850.0,33950.0,33850.0,Friday,True,0.0
2015-09-26,33950.0,33840.0,33970.0,33840.0,Saturday,False,-0.0002954209748892156
2015-09-27,33910.0,33910.0,34200.0,33930.0,Sunday,False,0.0026595744680850686
2015-09-28,34010.0,33920.0,34200.0,33920.0,Monday,False,-0.00029472443265543546
2015-09-29,34170.0,33950.0,34250.0,34090.0,Tuesday,False,0.005011792452830122
2015-09-30,34650.0,34090.0,34650.0,34090.0,Wednesday,False,0.0
2015-10-01,34290.0,34050.0,34520.0,34050.0,Thursday,False,-0.0011733646230566164
2015-10-02,34290.0,34050.0,34520.0,34050.0,Friday,True,0.0
2015-10-03,34370.0,34090.0,34610.0,34090.0,Saturday,False,0.0011747430249633428
2015-10-04,34450.0,33950.0,34450.0,33950.0,Sunday,False,-0.004106776180698102
2015-10-05,34230.0,33990.0,34500.0,33990.0,Monday,False,0.001178203240058906
2015-10-06,34160.0,33990.0,34850.0,33990.0,Tuesday,False,0.0
2015-10-07,34560.0,33990.0,34750.0,33990.0,Wednesday,False,0.0
2015-10-08,34400.0,33980.0,34790.0,33980.0,Thursday,False,-0.00029420417769931984
2015-10-09,34400.0,33980.0,34790.0,33980.0,Friday,True,0.0
2015-10-10,34140.0,33980.0,34790.0,33980.0,Saturday,False,0.0
2015-10-11,34400.0,33900.0,34650.0,33900.0,Sunday,False,-0.002354326074161306
2015-10-12,34700.0,33890.0,34700.0,33890.0,Monday,False,-0.0002949852507374562
2015-10-13,34420.0,33880.0,34550.0,33880.0,Tuesday,False,-0.00029507229271175106
2015-10-14,33950.0,33880.0,34670.0,33890.0,Wednesday,False,0.0002951593860684998
2015-10-15,34530.0,33880.0,34600.0,33880.0,Thursday,False,-0.00029507229271175106
2015-10-16,34530.0,33880.0,34600.0,33880.0,Friday,True,0.0
2015-10-17,34450.0,33870.0,34530.0,33870.0,Saturday,False,-0.0002951593860684998
2015-10-18,34390.0,33870.0,34390.0,33870.0,Sunday,False,0.0
2015-10-19,34330.0,33810.0,34350.0,33810.0,Monday,False,-0.001771479185119551
2015-10-20,34190.0,33810.0,34290.0,33810.0,Tuesday,False,0.0
2015-10-21,34270.0,33830.0,34390.0,33830.0,Wednesday,False,0.0005915409642118785
2015-10-22,34410.0,33850.0,34540.0,33850.0,Thursday,False,0.0005911912503695493
2015-10-23,34410.0,33850.0,34540.0,33850.0,Friday,True,0.0
2015-10-24,34410.0,33850.0,34540.0,33850.0,Saturday,True,0.0
2015-10-25,34010.0,33850.0,34600.0,33850.0,Sunday,False,0.0
2015-10-26,34410.0,33880.0,34550.0,33880.0,Monday,False,0.0008862629246677578
2015-10-27,34040.0,33890.0,34790.0,33890.0,Tuesday,False,0.0002951593860684998
2015-10-28,34340.0,33900.0,34900.0,33900.0,Wednesday,False,0.00029507229271175106
2015-10-29,34090.0,33890.0,34850.0,33890.0,Thursday,False,-0.0002949852507374562
2015-10-30,34090.0,33890.0,34850.0,33890.0,Friday,True,0.0
2015-10-31,34080.0,33890.0,34820.0,33890.0,Saturday,False,0.0
2015-11-01,34980.0,33950.0,34980.0,33950.0,Sunday,False,0.0017704337562702843
2015-11-02,34150.0,33940.0,34980.0,33940.0,Monday,False,-0.0002945508100147265
2015-11-03,34550.0,33940.0,34950.0,33940.0,Tuesday,False,0.0
2015-11-04,34990.0,33930.0,34990.0,33930.0,Wednesday,False,-0.0002946375957572078
2015-11-05,34950.0,33890.0,34950.0,33890.0,Thursday,False,-0.0011788977306218529
2015-11-06,34950.0,33890.0,34950.0,33890.0,Friday,True,0.0
2015-11-07,34950.0,33930.0,34970.0,33930.0,Saturday,False,0.0011802891708467822
2015-11-08,35080.0,33950.0,35120.0,33950.0,Sunday,False,0.0005894488653108709
2015-11-09,34200.0,33960.0,35350.0,33960.0,Monday,False,0.0002945508100147265
2015-11-10,35190.0,33950.0,35500.0,33950.0,Tuesday,False,-0.0002944640753828054
2015-11-11,35070.0,33940.0,35350.0,33940.0,Wednesday,False,-0.0002945508100147265
2015-11-12,34790.0,33930.0,35450.0,33930.0,Thursday,False,-0.0002946375957572078
2015-11-13,34790.0,33930.0,35450.0,33930.0,Friday,True,0.0
2015-11-14,35580.0,33990.0,35650.0,33990.0,Saturday,False,0.0017683465959328348
2015-11-15,34330.0,33940.0,35700.0,33940.0,Sunday,False,-0.0014710208884965992
2015-11-16,35590.0,33940.0,35590.0,33940.0,Monday,False,0.0
2015-11-17,34260.0,33940.0,35530.0,33940.0,Tuesday,False,0.0
2015-11-18,34270.0,33930.0,35590.0,33930.0,Wednesday,False,-0.0002946375957572078
2015-11-19,35610.0,33930.0,35610.0,33930.0,Thursday,False,0.0
2015-11-20,35610.0,33930.0,35610.0,33930.0,Friday,True,0.0
2015-11-21,34590.0,33930.0,35570.0,33930.0,Saturday,False,0.0
2015-11-22,34900.0,33940.0,35690.0,33940.0,Sunday,False,0.00029472443265543546
2015-11-23,35750.0,33940.0,35750.0,33940.0,Monday,False,0.0
2015-11-24,35420.0,33980.0,35810.0,33980.0,Tuesday,False,0.0011785503830288313
2015-11-25,35870.0,33990.0,35930.0,33990.0,Wednesday,False,0.0002942907592702326
2015-11-26,35990.0,33920.0,35990.0,33920.0,Thursday,False,-0.002059429243895239
2015-11-27,33930.0,33930.0,33930.0,33930.0,Friday,False,0.00029481132075481753
2015-11-28,33920.0,33920.0,36390.0,33990.0,Saturday,False,0.0017683465959328348
2015-11-29,36530.0,33990.0,36530.0,33990.0,Sunday,False,0.0
2015-11-30,35080.0,33990.0,35830.0,33990.0,Monday,False,0.0
2015-12-01,34170.0,33990.0,36470.0,33990.0,Tuesday,False,0.0
2015-12-02,34170.0,33990.0,36470.0,33990.0,Wednesday,True,0.0
2015-12-03,34330.0,33970.0,36350.0,33970.0,Thursday,False,-0.0005884083553986397
2015-12-04,34330.0,33970.0,36350.0,33970.0,Friday,True,0.0
2015-12-05,36190.0,33970.0,36190.0,33970.0,Saturday,False,0.0
2015-12-06,36000.0,33970.0,36000.0,33970.0,Sunday,False,0.0
2015-12-07,35780.0,33960.0,36390.0,33960.0,Monday,False,-0.00029437739181625844
2015-12-08,36200.0,33960.0,36200.0,33960.0,Tuesday,False,0.0
2015-12-09,34450.0,33950.0,36400.0,33950.0,Wednesday,False,-0.0002944640753828054
2015-12-10,34450.0,33950.0,36400.0,33950.0,Thursday,True,0.0
2015-12-11,34450.0,33950.0,36400.0,33950.0,Friday,True,0.0
2015-12-12,34450.0,33950.0,36400.0,33950.0,Saturday,True,0.0
2015-12-13,36250.0,33940.0,36290.0,33940.0,Sunday,False,-0.0002945508100147265
2015-12-14,36240.0,33940.0,36290.0,33940.0,Monday,False,0.0
2015-12-15,34300.0,33940.0,36100.0,33940.0,Tuesday,False,0.0
2015-12-16,34320.0,33970.0,36230.0,33970.0,Wednesday,False,0.0008839127872717345
2015-12-17,34390.0,33890.0,36450.0,33890.0,Thursday,False,-0.0023550191345305116
2015-12-18,34390.0,33890.0,36450.0,33890.0,Friday,True,0.0
2015-12-19,34300.0,33800.0,36340.0,33800.0,Saturday,False,-0.0026556506344054265
2015-12-20,34040.0,33850.0,36190.0,33850.0,Sunday,False,0.0014792899408284654
2015-12-21,34100.0,33840.0,36340.0,33840.0,Monday,False,-0.0002954209748892156
2015-12-22,36290.0,33860.0,36400.0,33860.0,Tuesday,False,0.0005910165484632746
2015-12-23,34120.0,33870.0,36530.0,33870.0,Wednesday,False,0.0002953337271116574
2015-12-24,34140.0,33880.0,36580.0,33880.0,Thursday,False,0.0002952465308532215
2015-12-25,34140.0,33880.0,36580.0,33880.0,Friday,True,0.0
2015-12-26,34160.0,33800.0,34160.0,33850.0,Saturday,False,-0.0008854781582053883
2015-12-27,34120.0,33800.0,36590.0,33800.0,Sunday,False,-0.001477104874446078
2015-12-28,34070.0,33800.0,36520.0,33800.0,Monday,False,0.0
2015-12-29,34070.0,33800.0,36520.0,33800.0,Tuesday,True,0.0
2015-12-30,34070.0,33830.0,36520.0,33830.0,Wednesday,False,0.0008875739644971237
2015-12-31,35150.0,33870.0,36720.0,33870.0,Thursday,False,0.0011823825007390987
2016-01-01,35150.0,33870.0,36720.0,33870.0,Friday,True,0.0
2016-01-02,35650.0,33840.0,35650.0,33840.0,Saturday,False,-0.0008857395925597755
2016-01-03,36560.0,33840.0,36580.0,33840.0,Sunday,False,0.0
2016-01-04,34120.0,33840.0,36660.0,33890.0,Monday,False,0.0014775413711582974
2016-01-05,34180.0,33940.0,36230.0,33940.0,Tuesday,False,0.0014753614635585333
2016-01-06,34240.0,33940.0,36950.0,33940.0,Wednesday,False,0.0
2016-01-07,34230.0,33940.0,36280.0,33940.0,Thursday,False,0.0
2016-01-08,34230.0,33940.0,36280.0,33940.0,Friday,True,0.0
2016-01-09,34250.0,33990.0,36280.0,33990.0,Saturday,False,0.0014731879787861502
2016-01-10,34310.0,33950.0,37210.0,33950.0,Sunday,False,-0.0011768167107972793
2016-01-11,34250.0,33890.0,36990.0,33890.0,Monday,False,-0.001767304860088359
2016-01-12,34180.0,33880.0,36490.0,33880.0,Tuesday,False,-0.00029507229271175106
2016-01-13,34160.0,33870.0,36690.0,33870.0,Wednesday,False,-0.0002951593860684998
2016-01-14,34120.0,33850.0,36160.0,33850.0,Thursday,False,-0.000590493061706554
2016-01-15,34120.0,33850.0,36160.0,33850.0,Friday,True,0.0
2016-01-16,36200.0,33840.0,36200.0,33840.0,Saturday,False,-0.0002954209748892156
2016-01-17,35850.0,33840.0,36090.0,33840.0,Sunday,False,0.0
2016-01-18,36020.0,33840.0,36020.0,33840.0,Monday,False,0.0
2016-01-19,35850.0,33830.0,35960.0,33830.0,Tuesday,False,-0.0002955082742316373
2016-01-20,35850.0,33840.0,35850.0,33840.0,Wednesday,False,0.00029559562518466365
2016-01-21,35040.0,33830.0,35040.0,33830.0,Thursday,False,-0.0002955082742316373
2016-01-22,35040.0,33830.0,35040.0,33830.0,Friday,True,0.0
2016-01-23,36280.0,33870.0,36280.0,33870.0,Saturday,False,0.0011823825007390987
2016-01-24,35890.0,33870.0,36470.0,33870.0,Sunday,False,0.0
2016-01-25,35880.0,33850.0,36340.0,33850.0,Monday,False,-0.000590493061706554
2016-01-26,36430.0,33850.0,36430.0,33850.0,Tuesday,False,0.0
2016-01-27,36500.0,33840.0,36500.0,33840.0,Wednesday,False,-0.0002954209748892156
2016-01-28,35860.0,33840.0,36270.0,33840.0,Thursday,False,0.0
2016-01-29,35860.0,33840.0,36270.0,33840.0,Friday,True,0.0
2016-01-30,34640.0,33820.0,36260.0,33820.0,Saturday,False,-0.0005910165484633856
2016-01-31,36050.0,33840.0,36050.0,33840.0,Sunday,False,0.0005913660555885158
2016-02-01,36250.0,33830.0,36250.0,33830.0,Monday,False,-0.0002955082742316373
2016-02-02,35570.0,33830.0,36180.0,33830.0,Tuesday,False,0.0
2016-02-03,34430.0,33820.0,36220.0,33820.0,Wednesday,False,-0.00029559562518477467
2016-02-04,34260.0,33820.0,35990.0,33820.0,Thursday,False,0.0
2016-02-05,34260.0,33820.0,35990.0,33820.0,Friday,True,0.0
2016-02-06,34330.0,33810.0,35850.0,33810.0,Saturday,False,-0.0002956830277942579
2016-02-07,34270.0,33800.0,35640.0,33800.0,Sunday,False,-0.00029577048210593926
2016-02-08,35360.0,33800.0,35600.0,33800.0,Monday,False,0.0
2016-02-09,34210.0,33800.0,35440.0,33800.0,Tuesday,False,0.0
2016-02-10,34100.0,33800.0,35000.0,33800.0,Wednesday,False,0.0
2016-02-11,34100.0,33800.0,35000.0,33800.0,Thursday,True,0.0
2016-02-12,34100.0,33800.0,35000.0,33800.0,Friday,True,0.0
2016-02-13,34660.0,33800.0,34970.0,33800.0,Saturday,False,0.0
2016-02-14,34590.0,33800.0,34620.0,33800.0,Sunday,False,0.0
2016-02-15,34000.0,33840.0,34540.0,33840.0,Monday,False,0.0011834319526626835
2016-02-16,33960.0,33960.0,34430.0,34430.0,Tuesday,False,0.01743498817966893
2016-02-17,34560.0,34560.0,34690.0,34620.0,Wednesday,False,0.00551844321812367
2016-02-18,34820.0,34710.0,34890.0,34710.0,Thursday,False,0.0025996533795493715
2016-02-19,34820.0,34710.0,34890.0,34710.0,Friday,True,0.0
2016-02-20,34690.0,34450.0,34690.0,34450.0,Saturday,False,-0.0074906367041198685
2016-02-21,34440.0,34370.0,34540.0,34500.0,Sunday,False,0.0014513788098693414
2016-02-22,34540.0,34540.0,34800.0,34540.0,Monday,False,0.001159420289855051
2016-02-23,34550.0,34550.0,34720.0,34650.0,Tuesday,False,0.0031847133757962887
2016-02-24,34660.0,34660.0,34740.0,34680.0,Wednesday,False,0.0008658008658009031
2016-02-25,34890.0,34750.0,34890.0,34750.0,Thursday,False,0.0020184544405996707
2016-02-26,34890.0,34750.0,34890.0,34750.0,Friday,True,0.0
2016-02-27,34880.0,34850.0,34990.0,34850.0,Saturday,False,0.0028776978417266452
2016-02-28,34810.0,34550.0,34850.0,34550.0,Sunday,False,-0.008608321377331474
2016-02-29,34580.0,34550.0,34700.0,34550.0,Monday,False,0.0
2016-03-01,34560.0,34540.0,34620.0,34540.0,Tuesday,False,-0.0002894356005789245
2016-03-02,34660.0,34540.0,34760.0,34540.0,Wednesday,False,0.0
2016-03-03,34560.0,34450.0,34570.0,34450.0,Thursday,False,-0.002605674580196893
2016-03-04,34560.0,34450.0,34570.0,34450.0,Friday,True,0.0
2016-03-05,34430.0,34250.0,34440.0,34250.0,Saturday,False,-0.005805515239477477
2016-03-06,34260.0,34260.0,34340.0,34340.0,Sunday,False,0.0026277372262772936
2016-03-07,34300.0,34230.0,34330.0,34260.0,Monday,False,-0.002329644729178848
2016-03-08,34250.0,34050.0,34250.0,34080.0,Tuesday,False,-0.005253940455341555
2016-03-09,34120.0,34090.0,34270.0,34240.0,Wednesday,False,0.0046948356807512415
2016-03-10,34450.0,34370.0,34460.0,34370.0,Thursday,False,0.003796728971962704
2016-03-11,34450.0,34370.0,34460.0,34370.0,Friday,True,0.0
2016-03-12,34290.0,34270.0,34290.0,34270.0,Saturday,False,-0.0029095141111434852
2016-03-13,34290.0,34270.0,34290.0,34270.0,Sunday,True,0.0
2016-03-14,34180.0,34140.0,34270.0,34180.0,Monday,False,-0.0026262036766852015
2016-03-15,34240.0,34240.0,34310.0,34290.0,Tuesday,False,0.0032182562902280942
2016-03-16,34330.0,34300.0,34370.0,34300.0,Wednesday,False,0.00029163021289013713
2016-03-17,34250.0,34250.0,34250.0,34250.0,Thursday,False,-0.001457725947521915
2016-03-18,34250.0,34250.0,34250.0,34250.0,Friday,True,0.0
2016-03-19,34250.0,34250.0,34250.0,34250.0,Saturday,True,0.0
2016-03-20,34250.0,34250.0,34250.0,34250.0,Sunday,True,0.0
2016-03-21,34250.0,34250.0,34250.0,34250.0,Monday,True,0.0
2016-03-22,34250.0,34250.0,34250.0,34250.0,Tuesday,True,0.0
2016-03-23,34250.0,34250.0,34250.0,34250.0,Wednesday,True,0.0
2016-03-24,34250.0,34250.0,34250.0,34250.0,Thursday,True,0.0
2016-03-25,34250.0,34250.0,34250.0,34250.0,Friday,True,0.0
2016-03-26,34300.0,34300.0,34750.0,34680.0,Saturday,False,0.01255474452554739
2016-03-27,34660.0,34660.0,34670.0,34660.0,Sunday,False,-0.0005767012687427631
2016-03-28,34660.0,34660.0,34670.0,34660.0,Monday,True,0.0
2016-03-29,34960.0,34960.0,35140.0,35130.0,Tuesday,False,0.013560300057703367
2016-03-30,34890.0,34820.0,34890.0,34820.0,Wednesday,False,-0.008824366638200964
2016-03-31,34850.0,34850.0,34850.0,34850.0,Thursday,False,0.000861573808156324
2016-04-01,34850.0,34850.0,34850.0,34850.0,Friday,True,0.0
2016-04-02,34890.0,34750.0,34940.0,34750.0,Saturday,False,-0.0028694404591105283
2016-04-03,34720.0,34490.0,34720.0,34490.0,Sunday,False,-0.0074820143884891666
2016-04-04,34500.0,34480.0,34610.0,34500.0,Monday,False,0.00028993911278640816
2016-04-05,34700.0,34700.0,34780.0,34760.0,Tuesday,False,0.007536231884057942
2016-04-06,34910.0,34690.0,34930.0,34700.0,Wednesday,False,-0.0017261219792865656
2016-04-07,34800.0,34650.0,34800.0,34650.0,Thursday,False,-0.0014409221902017544
2016-04-08,34650.0,34650.0,34650.0,34650.0,Friday,False,0.0
2016-04-09,34670.0,34670.0,34690.0,34690.0,Saturday,False,0.0011544011544011301
2016-04-10,34760.0,34720.0,34800.0,34720.0,Sunday,False,0.000864802536754139
2016-04-11,34750.0,34700.0,34750.0,34700.0,Monday,False,-0.0005760368663594306
2016-04-12,34820.0,34690.0,34820.0,34690.0,Tuesday,False,-0.0002881844380403509
2016-04-13,34670.0,34630.0,34690.0,34660.0,Wednesday,False,-0.000864802536754139
2016-04-14,34650.0,34590.0,34650.0,34620.0,Thursday,False,-0.0011540680900172795
2016-04-15,34650.0,34590.0,34650.0,34620.0,Friday,True,0.0
2016-04-16,34740.0,34640.0,34740.0,34640.0,Saturday,False,0.0005777007510110455
2016-04-17,34700.0,34550.0,34700.0,34550.0,Sunday,False,-0.0025981524249422128
2016-04-18,34590.0,34510.0,34590.0,34510.0,Monday,False,-0.0011577424023154759
2016-04-19,34540.0,34540.0,34640.0,34640.0,Tuesday,False,0.003767024050999712
2016-04-20,34680.0,34580.0,34680.0,34580.0,Wednesday,False,-0.0017321016166281789
2016-04-21,34680.0,34580.0,34680.0,34580.0,Thursday,True,0.0
2016-04-22,34680.0,34580.0,34680.0,34580.0,Friday,True,0.0
2016-04-23,34630.0,34590.0,34630.0,34590.0,Saturday,False,0.00028918449971082616
2016-04-24,34650.0,34650.0,34710.0,34690.0,Sunday,False,0.0028910089621276835
2016-04-25,34700.0,34670.0,34730.0,34670.0,Monday,False,-0.0005765350245027223
2016-04-26,34660.0,34600.0,34660.0,34600.0,Tuesday,False,-0.002019036631093152
2016-04-27,34650.0,34600.0,34650.0,34600.0,Wednesday,False,0.0
2016-04-28,34630.0,34570.0,34630.0,34570.0,Thursday,False,-0.0008670520231214285
2016-04-29,34630.0,34570.0,34630.0,34570.0,Friday,True,0.0
2016-04-30,34560.0,34530.0,34570.0,34550.0,Saturday,False,-0.0005785363031530766
2016-05-01,34540.0,34480.0,34540.0,34510.0,Sunday,False,-0.0011577424023154759
2016-05-02,34570.0,34500.0,34620.0,34500.0,Monday,False,-0.0002897710808461573
2016-05-03,34560.0,34470.0,34570.0,34470.0,Tuesday,False,-0.0008695652173913437
2016-05-04,34480.0,34420.0,34480.0,34430.0,Wednesday,False,-0.0011604293588627357
2016-05-05,34480.0,34420.0,34480.0,34430.0,Thursday,True,0.0
2016-05-06,34480.0,34420.0,34480.0,34430.0,Friday,True,0.0
2016-05-07,34440.0,34300.0,34440.0,34440.0,Saturday,False,0.0002904443799012224
2016-05-08,34450.0,34420.0,34510.0,34460.0,Sunday,False,0.0005807200929153211
2016-05-09,34450.0,34390.0,34450.0,34450.0,Monday,False,-0.00029019152640741286
2016-05-10,34510.0,34500.0,34540.0,34500.0,Tuesday,False,0.0014513788098693414
2016-05-11,34510.0,34490.0,34580.0,34490.0,Wednesday,False,-0.00028985507246381825
2016-05-12,34500.0,34430.0,34500.0,34430.0,Thursday,False,-0.0017396346767178938
2016-05-13,34500.0,34430.0,34500.0,34430.0,Friday,True,0.0
2016-05-14,34400.0,34400.0,34400.0,34400.0,Saturday,False,-0.0008713331397037782
2016-05-15,34390.0,34360.0,34420.0,34420.0,Sunday,False,0.0005813953488371659
2016-05-16,34450.0,34390.0,34460.0,34390.0,Monday,False,-0.0008715862870424251
2016-05-17,34410.0,34370.0,34410.0,34370.0,Tuesday,False,-0.0005815644082581839
2016-05-18,34380.0,34350.0,34380.0,34370.0,Wednesday,False,0.0
2016-05-19,34410.0,34370.0,34420.0,34370.0,Thursday,False,0.0
2016-05-20,34410.0,34370.0,34420.0,34370.0,Friday,True,0.0
2016-05-21,34400.0,34390.0,34400.0,34390.0,Saturday,False,0.000581902822228697
2016-05-22,34400.0,34390.0,34400.0,34390.0,Sunday,True,0.0
2016-05-23,34400.0,34400.0,34500.0,34490.0,Monday,False,0.0029078220412910305
2016-05-24,34540.0,34520.0,34560.0,34550.0,Tuesday,False,0.0017396346767177828
2016-05-25,34640.0,34540.0,34640.0,34540.0,Wednesday,False,-0.0002894356005789245
2016-05-26,34570.0,34550.0,34600.0,34550.0,Thursday,False,0.0002895193977996424
2016-05-27,34570.0,34550.0,34600.0,34550.0,Friday,True,0.0
2016-05-28,34700.0,34700.0,34840.0,34790.0,Saturday,False,0.006946454413892855
2016-05-29,34830.0,34690.0,34830.0,34700.0,Sunday,False,-0.00258695027306699
2016-05-30,34690.0,34580.0,34710.0,34630.0,Monday,False,-0.002017291066282456
2016-05-31,34650.0,34650.0,34740.0,34650.0,Tuesday,False,0.0005775339301183902
2016-06-01,34630.0,34600.0,34650.0,34650.0,Wednesday,False,0.0
2016-06-02,34720.0,34710.0,34750.0,34710.0,Thursday,False,0.0017316017316018062
2016-06-03,34700.0,34700.0,34710.0,34710.0,Friday,False,0.0
2016-06-04,34700.0,34700.0,34710.0,34710.0,Saturday,False,0.0
2016-06-05,34700.0,34670.0,34700.0,34670.0,Sunday,False,-0.0011524056467876465
2016-06-06,34660.0,34530.0,34660.0,34530.0,Monday,False,-0.004038073262186304
2016-06-07,34540.0,34540.0,34580.0,34550.0,Tuesday,False,0.0005792064871126268
2016-06-08,34560.0,34520.0,34590.0,34580.0,Wednesday,False,0.0008683068017365514
2016-06-09,34590.0,34590.0,34600.0,34600.0,Thursday,False,0.0005783689994216523
2016-06-10,34590.0,34590.0,34600.0,34600.0,Friday,True,0.0
2016-06-11,34620.0,34610.0,34660.0,34610.0,Saturday,False,0.00028901734104036514
2016-06-12,34590.0,34580.0,34600.0,34600.0,Sunday,False,-0.00028893383415196094
2016-06-13,34580.0,34530.0,34580.0,34530.0,Monday,False,-0.002023121387283222
2016-06-14,34560.0,34560.0,34600.0,34590.0,Tuesday,False,0.0017376194613378804
2016-06-15,34580.0,34580.0,34640.0,34600.0,Wednesday,False,0.00028910089621270174
2016-06-16,34590.0,34550.0,34590.0,34550.0,Thursday,False,-0.0014450867052022698
2016-06-17,34590.0,34550.0,34590.0,34550.0,Friday,True,0.0
2016-06-18,34540.0,34540.0,34540.0,34540.0,Saturday,False,-0.0002894356005789245
2016-06-19,34560.0,34540.0,34570.0,34540.0,Sunday,False,0.0
2016-06-20,34550.0,34550.0,34580.0,34550.0,Monday,False,0.0002895193977996424
2016-06-21,34570.0,34570.0,34610.0,34600.0,Tuesday,False,0.0014471780028944004
2016-06-22,34620.0,34620.0,34650.0,34630.0,Wednesday,False,0.0008670520231213175
2016-06-23,34620.0,34620.0,34650.0,34630.0,Thursday,True,0.0
2016-06-24,34620.0,34620.0,34650.0,34630.0,Friday,True,0.0
2016-06-25,34550.0,34550.0,34610.0,34610.0,Saturday,False,-0.0005775339301183902
2016-06-26,34710.0,34710.0,34890.0,34850.0,Sunday,False,0.006934412019647507
2016-06-27,34710.0,34710.0,34890.0,34850.0,Monday,True,0.0
2016-06-28,34870.0,34870.0,35000.0,34890.0,Tuesday,False,0.0011477761836442557
2016-06-29,34910.0,34910.0,35190.0,35190.0,Wednesday,False,0.008598452278589797
2016-06-30,35310.0,35290.0,35370.0,35290.0,Thursday,False,0.0028417163967036085
2016-07-01,35310.0,35290.0,35370.0,35290.0,Friday,True,0.0
2016-07-02,35340.0,35110.0,35350.0,35160.0,Saturday,False,-0.0036837631056956255
2016-07-03,35120.0,34790.0,35120.0,34790.0,Sunday,False,-0.010523321956769083
2016-07-04,34830.0,34680.0,34880.0,34870.0,Monday,False,0.0022995113538373246
2016-07-05,34930.0,34780.0,34930.0,34870.0,Tuesday,False,0.0
2016-07-06,34930.0,34780.0,34930.0,34870.0,Wednesday,True,0.0
2016-07-07,34930.0,34780.0,34930.0,34870.0,Thursday,True,0.0
2016-07-08,34930.0,34780.0,34930.0,34870.0,Friday,True,0.0
2016-07-09,34900.0,34760.0,34900.0,34830.0,Saturday,False,-0.0011471178663607917
2016-07-10,34810.0,34750.0,35030.0,34970.0,Sunday,False,0.0040195233993682855
2016-07-11,35070.0,34940.0,35070.0,35010.0,Monday,False,0.0011438375750643104
2016-07-12,35290.0,35070.0,35290.0,35120.0,Tuesday,False,0.003141959440160047
2016-07-13,35320.0,34990.0,35320.0,35010.0,Wednesday,False,-0.003132118451025012
2016-07-14,35130.0,34990.0,35220.0,35040.0,Thursday,False,0.0008568980291345785
2016-07-15,35130.0,34990.0,35220.0,35040.0,Friday,True,0.0
2016-07-16,35120.0,35080.0,35210.0,35110.0,Saturday,False,0.001997716894977186
2016-07-17,35150.0,34940.0,35150.0,35120.0,Sunday,False,0.0002848191398461264
2016-07-18,35270.0,34990.0,35270.0,35150.0,Monday,False,0.0008542141230067912
2016-07-19,35080.0,35000.0,35230.0,35190.0,Tuesday,False,0.0011379800853486
2016-07-20,35150.0,35030.0,35210.0,35130.0,Wednesday,False,-0.0017050298380221207
2016-07-21,35080.0,35030.0,35180.0,35030.0,Thursday,False,-0.002846569883290684
2016-07-22,35080.0,35030.0,35180.0,35030.0,Friday,True,0.0
2016-07-23,35100.0,35070.0,35120.0,35090.0,Saturday,False,0.0017128175849272509
2016-07-24,35170.0,35140.0,35170.0,35170.0,Sunday,False,0.002279851809632305
2016-07-25,35150.0,35080.0,35220.0,35110.0,Monday,False,-0.001705999431333538
2016-07-26,35250.0,35170.0,35250.0,35180.0,Tuesday,False,0.001993733978923329
2016-07-27,35370.0,35180.0,35370.0,35180.0,Wednesday,False,0.0
2016-07-28,35380.0,35120.0,35440.0,35440.0,Thursday,False,0.007390562819783897
2016-07-29,35380.0,35120.0,35440.0,35440.0,Friday,True,0.0
2016-07-30,35380.0,35120.0,35440.0,35440.0,Saturday,True,0.0
2016-07-31,35410.0,35300.0,35410.0,35380.0,Sunday,False,-0.0016930022573363734
2016-08-01,35350.0,35270.0,35370.0,35280.0,Monday,False,-0.002826455624646673
2016-08-02,35380.0,35340.0,35400.0,35400.0,Tuesday,False,0.00340136054421758
2016-08-03,35360.0,35290.0,35420.0,35310.0,Wednesday,False,-0.0025423728813559476
2016-08-04,35350.0,35120.0,35380.0,35170.0,Thursday,False,-0.0039648824695553975
2016-08-05,35350.0,35120.0,35380.0,35170.0,Friday,True,0.0
2016-08-06,35320.0,35210.0,35320.0,35270.0,Saturday,False,0.0028433323855558967
2016-08-07,35390.0,35290.0,35390.0,35330.0,Sunday,False,0.0017011624610150378
2016-08-08,35390.0,35350.0,35420.0,35400.0,Monday,False,0.0019813189923578722
2016-08-09,35380.0,35280.0,35450.0,35450.0,Tuesday,False,0.0014124293785311437
2016-08-10,35430.0,35310.0,35490.0,35350.0,Wednesday,False,-0.0028208744710860323
2016-08-11,35540.0,35340.0,35580.0,35380.0,Thursday,False,0.0008486562942009446
2016-08-12,35280.0,35280.0,35280.0,35280.0,Friday,False,-0.002826455624646673
2016-08-13,35350.0,35350.0,35540.0,35520.0,Saturday,False,0.006802721088435382
2016-08-14,35350.0,35310.0,35490.0,35310.0,Sunday,False,-0.005912162162162171
2016-08-15,35640.0,35290.0,35640.0,35430.0,Monday,False,0.003398470688190214
2016-08-16,35210.0,35210.0,35490.0,35430.0,Tuesday,False,0.0
2016-08-17,35320.0,35280.0,35510.0,35420.0,Wednesday,False,-0.00028224668360143923
2016-08-18,35440.0,35340.0,35530.0,35450.0,Thursday,False,0.0008469791078486999
2016-08-19,35440.0,35340.0,35530.0,35450.0,Friday,True,0.0
2016-08-20,35520.0,35120.0,35540.0,35120.0,Saturday,False,-0.009308885754583884
2016-08-21,35370.0,35270.0,35510.0,35270.0,Sunday,False,0.004271070615034178
2016-08-22,35390.0,35350.0,35510.0,35470.0,Monday,False,0.0056705415367168666
2016-08-23,35570.0,35380.0,35570.0,35420.0,Tuesday,False,-0.0014096419509445068
2016-08-24,35680.0,35400.0,35680.0,35430.0,Wednesday,False,0.00028232636928282595
2016-08-25,35430.0,35300.0,35480.0,35300.0,Thursday,False,-0.003669206886819043
2016-08-26,35430.0,35300.0,35480.0,35300.0,Friday,True,0.0
2016-08-27,35390.0,35390.0,35600.0,35560.0,Saturday,False,0.007365439093484527
2016-08-28,35700.0,35480.0,35700.0,35500.0,Sunday,False,-0.0016872890888638414
2016-08-29,35580.0,35450.0,35580.0,35550.0,Monday,False,0.0014084507042253502
2016-08-30,35510.0,35490.0,35640.0,35550.0,Tuesday,False,0.0
2016-08-31,35480.0,35480.0,35640.0,35550.0,Wednesday,False,0.0
2016-09-01,35470.0,35430.0,35630.0,35570.0,Thursday,False,0.0005625879043600346
2016-09-02,35470.0,35430.0,35630.0,35570.0,Friday,True,0.0
2016-09-03,35700.0,35550.0,35700.0,35590.0,Saturday,False,0.0005622715771718134
2016-09-04,35640.0,35560.0,35650.0,35650.0,Sunday,False,0.0016858668165213864
2016-09-05,35590.0,35430.0,35700.0,35520.0,Monday,False,-0.003646563814866721
2016-09-06,35490.0,35470.0,35610.0,35550.0,Tuesday,False,0.0008445945945945166
2016-09-07,35560.0,35460.0,35580.0,35540.0,Wednesday,False,-0.0002812939521800173
2016-09-08,35610.0,35450.0,35610.0,35570.0,Thursday,False,0.0008441193021946347
2016-09-09,35610.0,35450.0,35610.0,35570.0,Friday,True,0.0
2016-09-10,35530.0,35450.0,35560.0,35450.0,Saturday,False,-0.0033736294630306585
2016-09-11,35520.0,35420.0,35550.0,35500.0,Sunday,False,0.0014104372355430161
2016-09-12,35520.0,35420.0,35550.0,35500.0,Monday,True,0.0
2016-09-13,35500.0,35470.0,35610.0,35610.0,Tuesday,False,0.003098591549295815
2016-09-14,35510.0,35480.0,35630.0,35630.0,Wednesday,False,0.0005616399887671264
2016-09-15,35550.0,35490.0,35720.0,35720.0,Thursday,False,0.002525961268593946
2016-09-16,35550.0,35490.0,35720.0,35720.0,Friday,True,0.0
2016-09-17,35540.0,35400.0,35630.0,35620.0,Saturday,False,-0.0027995520716684874
2016-09-18,35740.0,35490.0,35740.0,35600.0,Sunday,False,-0.0005614823133071045
2016-09-19,35710.0,35520.0,35710.0,35520.0,Monday,False,-0.0022471910112359383
2016-09-20,35710.0,35520.0,35710.0,35520.0,Tuesday,True,0.0
2016-09-21,35600.0,35590.0,35650.0,35600.0,Wednesday,False,0.0022522522522523403
2016-09-22,35760.0,35520.0,35760.0,35540.0,Thursday,False,-0.0016853932584269815
2016-09-23,35760.0,35520.0,35760.0,35540.0,Friday,True,0.0
2016-09-24,35670.0,35610.0,35670.0,35630.0,Saturday,False,0.002532357906584126
2016-09-25,35720.0,35650.0,35740.0,35680.0,Sunday,False,0.0014033118158855995
2016-09-26,35700.0,35640.0,35760.0,35700.0,Monday,False,0.0005605381165918466
2016-09-27,35800.0,35670.0,35800.0,35730.0,Tuesday,False,0.0008403361344537785
2016-09-28,35750.0,35610.0,35760.0,35610.0,Wednesday,False,-0.0033585222502099388
2016-09-29,35800.0,35740.0,35810.0,35800.0,Thursday,False,0.005335579893288367
2016-09-30,35800.0,35740.0,35810.0,35800.0,Friday,True,0.0
2016-10-01,35800.0,35620.0,35870.0,35830.0,Saturday,False,0.0008379888268157387
2016-10-02,35700.0,35700.0,35860.0,35770.0,Sunday,False,-0.0016745743790119727
2016-10-03,35850.0,35800.0,35850.0,35810.0,Monday,False,0.0011182555213866685
2016-10-04,35880.0,35830.0,35880.0,35860.0,Tuesday,False,0.0013962580284836434
2016-10-05,35890.0,35670.0,35890.0,35870.0,Wednesday,False,0.0002788622420524245
2016-10-06,35880.0,35720.0,35880.0,35720.0,Thursday,False,-0.00418176749372734
2016-10-07,35880.0,35720.0,35880.0,35720.0,Friday,True,0.0
2016-10-08,35800.0,35400.0,35870.0,35850.0,Saturday,False,0.0036394176931691113
2016-10-09,35810.0,35790.0,35820.0,35810.0,Sunday,False,-0.0011157601115759919
2016-10-10,35900.0,35810.0,35900.0,35850.0,Monday,False,0.0011170064227870036
2016-10-11,35900.0,35810.0,35900.0,35850.0,Tuesday,True,0.0
2016-10-12,35900.0,35810.0,35900.0,35850.0,Wednesday,True,0.0
2016-10-13,35950.0,35800.0,35950.0,35850.0,Thursday,False,0.0
2016-10-14,35950.0,35800.0,35950.0,35850.0,Friday,True,0.0
2016-10-15,35890.0,35880.0,35970.0,35880.0,Saturday,False,0.0008368200836819106
2016-10-16,35970.0,35880.0,35980.0,35880.0,Sunday,False,0.0
2016-10-17,35950.0,35440.0,35950.0,35850.0,Monday,False,-0.0008361204013378476
2016-10-18,35950.0,35800.0,35950.0,35830.0,Tuesday,False,-0.0005578800557880514
2016-10-19,35900.0,35820.0,35900.0,35850.0,Wednesday,False,0.0005581914596706206
2016-10-20,35910.0,35780.0,35920.0,35850.0,Thursday,False,0.0
2016-10-21,35910.0,35780.0,35920.0,35850.0,Friday,True,0.0
2016-10-22,35850.0,35850.0,35880.0,35880.0,Saturday,False,0.0008368200836819106
2016-10-23,35920.0,35790.0,35920.0,35910.0,Sunday,False,0.0008361204013378476
2016-10-24,35870.0,35870.0,35950.0,35950.0,Monday,False,0.001113895850737956
2016-10-25,35950.0,35680.0,35980.0,35680.0,Tuesday,False,-0.007510431154381103
2016-10-26,35920.0,35770.0,36080.0,36050.0,Wednesday,False,0.010369955156950716
2016-10-27,35800.0,35800.0,36180.0,36180.0,Thursday,False,0.0036061026352287584
2016-10-28,35800.0,35800.0,36180.0,36180.0,Friday,True,0.0
2016-10-29,36120.0,36010.0,36150.0,36080.0,Saturday,False,-0.0027639579878385723
2016-10-30,36190.0,35830.0,36190.0,36110.0,Sunday,False,0.0008314855875830585
2016-10-31,36190.0,36110.0,36210.0,36190.0,Monday,False,0.002215452783162597
2016-11-01,36280.0,36210.0,36280.0,36270.0,Tuesday,False,0.002210555402044845
2016-11-02,36300.0,36190.0,36300.0,36230.0,Wednesday,False,-0.0011028398125172423
2016-11-03,36240.0,36080.0,36270.0,36200.0,Thursday,False,-0.0008280430582390252
2016-11-04,36240.0,36080.0,36270.0,36200.0,Friday,True,0.0
2016-11-05,36120.0,36120.0,36280.0,36230.0,Saturday,False,0.0008287292817679148
2016-11-06,36180.0,36180.0,36290.0,36290.0,Sunday,False,0.0016560861164780505
2016-11-07,36320.0,36230.0,36320.0,36250.0,Monday,False,-0.0011022320198401658
2016-11-08,35750.0,35750.0,36460.0,36400.0,Tuesday,False,0.004137931034482678
2016-11-09,36310.0,36310.0,36520.0,36480.0,Wednesday,False,0.00219780219780219
2016-11-10,36590.0,36390.0,36590.0,36570.0,Thursday,False,0.002467105263157965
2016-11-11,36590.0,36390.0,36590.0,36570.0,Friday,True,0.0
2016-11-12,36560.0,36480.0,36680.0,36480.0,Saturday,False,-0.0024610336341263084
2016-11-13,36440.0,36440.0,36590.0,36550.0,Sunday,False,0.0019188596491228616
2016-11-14,36650.0,36500.0,36690.0,36680.0,Monday,False,0.003556771545827564
2016-11-15,36670.0,36660.0,36700.0,36680.0,Tuesday,False,0.0
2016-11-16,36660.0,36660.0,36750.0,36740.0,Wednesday,False,0.0016357688113413094
2016-11-17,36800.0,36710.0,36920.0,36850.0,Thursday,False,0.0029940119760478723
2016-11-18,36800.0,36710.0,36920.0,36850.0,Friday,True,0.0
2016-11-19,36900.0,36420.0,36900.0,36810.0,Saturday,False,-0.0010854816824965585
2016-11-20,36900.0,36420.0,36900.0,36810.0,Sunday,True,0.0
2016-11-21,36720.0,36320.0,36760.0,36730.0,Monday,False,-0.0021733224667209727
2016-11-22,36840.0,36680.0,36840.0,36770.0,Tuesday,False,0.0010890280424720178
2016-11-23,36880.0,36800.0,37110.0,37030.0,Wednesday,False,0.007070981778623864
2016-11-24,37050.0,37050.0,37240.0,37180.0,Thursday,False,0.004050769646232855
2016-11-25,37050.0,37050.0,37240.0,37180.0,Friday,True,0.0
2016-11-26,37040.0,36990.0,37490.0,37460.0,Saturday,False,0.007530930607853703
2016-11-27,37180.0,37180.0,37940.0,37910.0,Sunday,False,0.012012813667912514
2016-11-28,37180.0,37180.0,37940.0,37910.0,Monday,True,0.0
2016-11-29,38050.0,37920.0,38740.0,38710.0,Tuesday,False,0.02110261144816672
2016-11-30,38050.0,37920.0,38740.0,38710.0,Wednesday,True,0.0
2016-12-01,38850.0,37890.0,38850.0,38290.0,Thursday,False,-0.010849909584086825
2016-12-02,38850.0,37890.0,38850.0,38290.0,Friday,True,0.0
2016-12-03,38130.0,37830.0,38150.0,38020.0,Saturday,False,-0.007051449464612225
2016-12-04,38800.0,38470.0,39220.0,38950.0,Sunday,False,0.024460810099947494
2016-12-05,38390.0,38390.0,38990.0,38960.0,Monday,False,0.0002567394094994402
2016-12-06,39150.0,38680.0,39150.0,38880.0,Tuesday,False,-0.002053388090349051
2016-12-07,38990.0,38720.0,38990.0,38760.0,Wednesday,False,-0.0030864197530864335
2016-12-08,38990.0,38840.0,38990.0,38990.0,Thursday,False,0.0059339525283796934
2016-12-09,38990.0,38840.0,38990.0,38990.0,Friday,True,0.0
2016-12-10,39130.0,38900.0,39130.0,38990.0,Saturday,False,0.0
2016-12-11,39100.0,38850.0,39100.0,38910.0,Sunday,False,-0.002051808155937418
2016-12-12,39000.0,38680.0,39000.0,38680.0,Monday,False,-0.005911076843998941
2016-12-13,38750.0,38750.0,38990.0,38970.0,Tuesday,False,0.007497414684591419
2016-12-14,39160.0,39110.0,39200.0,39140.0,Wednesday,False,0.004362329997434022
2016-12-15,39200.0,39190.0,39280.0,39280.0,Thursday,False,0.0035769034236075026
2016-12-16,39200.0,39190.0,39280.0,39280.0,Friday,True,0.0
2016-12-17,39200.0,39190.0,39280.0,39280.0,Saturday,True,0.0
2016-12-18,39100.0,39100.0,39310.0,39280.0,Sunday,False,0.0
2016-12-19,39300.0,39110.0,39300.0,39170.0,Monday,False,-0.0028004073319755074
2016-12-20,39220.0,39160.0,39320.0,39180.0,Tuesday,False,0.00025529742149599244
2016-12-21,39370.0,39370.0,39780.0,39780.0,Wednesday,False,0.015313935681470214
2016-12-22,39790.0,39780.0,39910.0,39850.0,Thursday,False,0.0017596782302664593
2016-12-23,39790.0,39780.0,39910.0,39850.0,Friday,True,0.0
2016-12-24,39830.0,39770.0,39880.0,39880.0,Saturday,False,0.0007528230865747609
2016-12-25,40030.0,39750.0,40680.0,40660.0,Sunday,False,0.019558676028084143
2016-12-26,40530.0,40220.0,40890.0,40720.0,Monday,False,0.0014756517461878005
2016-12-27,40830.0,40830.0,41210.0,41210.0,Tuesday,False,0.012033398821218011
2016-12-28,40570.0,40570.0,41230.0,40750.0,Wednesday,False,-0.01116233923804899
2016-12-29,40770.0,40190.0,40770.0,40290.0,Thursday,False,-0.011288343558282232
2016-12-30,40770.0,40190.0,40770.0,40290.0,Friday,True,0.0
2016-12-31,40200.0,39480.0,40260.0,39480.0,Saturday,False,-0.02010424422933732
2017-01-01,39260.0,38270.0,39260.0,38350.0,Sunday,False,-0.028622087132725405
2017-01-02,38260.0,38260.0,38810.0,38790.0,Monday,False,0.011473272490221564
2017-01-03,38800.0,38800.0,39190.0,39140.0,Tuesday,False,0.009022944057746951
2017-01-04,39200.0,38790.0,39200.0,39000.0,Wednesday,False,-0.0035769034236076136
2017-01-05,39050.0,38940.0,39080.0,39030.0,Thursday,False,0.0007692307692308553
2017-01-06,39050.0,38940.0,39080.0,39030.0,Friday,True,0.0
2017-01-07,39090.0,39010.0,39110.0,39040.0,Saturday,False,0.000256213169356867
2017-01-08,39550.0,39420.0,39560.0,39450.0,Sunday,False,0.010502049180327822
2017-01-09,39480.0,39480.0,39660.0,39650.0,Monday,False,0.005069708491761693
2017-01-10,39480.0,39480.0,39660.0,39650.0,Tuesday,True,0.0
2017-01-11,39660.0,39510.0,39790.0,39790.0,Wednesday,False,0.0035308953341739446
2017-01-12,39800.0,39670.0,39820.0,39790.0,Thursday,False,0.0
2017-01-13,39800.0,39670.0,39820.0,39790.0,Friday,True,0.0
2017-01-14,39810.0,39480.0,39850.0,39510.0,Saturday,False,-0.007036943955767816
2017-01-15,39470.0,39160.0,39470.0,39440.0,Sunday,False,-0.0017717033662364434
2017-01-16,39400.0,39090.0,39410.0,39140.0,Monday,False,-0.007606490872210991
2017-01-17,39080.0,38340.0,39460.0,38340.0,Tuesday,False,-0.020439448134900395
2017-01-18,38670.0,38130.0,38670.0,38200.0,Wednesday,False,-0.003651538862806447
2017-01-19,38420.0,38120.0,38420.0,38240.0,Thursday,False,0.0010471204188482464
2017-01-20,38420.0,38120.0,38420.0,38240.0,Friday,True,0.0
2017-01-21,38270.0,37870.0,38370.0,38080.0,Saturday,False,-0.004184100418409997
2017-01-22,38050.0,37890.0,38350.0,38330.0,Sunday,False,0.006565126050420256
2017-01-23,38290.0,38280.0,38590.0,38500.0,Monday,False,0.004435168275502166
2017-01-24,38450.0,38450.0,38850.0,38540.0,Tuesday,False,0.0010389610389609505
2017-01-25,38560.0,38490.0,38640.0,38600.0,Wednesday,False,0.0015568240788790266
2017-01-26,38650.0,38550.0,38650.0,38580.0,Thursday,False,-0.0005181347150259308
2017-01-27,38650.0,38550.0,38650.0,38580.0,Friday,True,0.0
2017-01-28,38660.0,38570.0,38730.0,38590.0,Saturday,False,0.00025920165889070645
2017-01-29,38600.0,38430.0,38630.0,38510.0,Sunday,False,-0.0020730759264058207
2017-01-30,38530.0,38210.0,38530.0,38230.0,Monday,False,-0.007270838743183572
2017-01-31,38220.0,38130.0,38250.0,38210.0,Tuesday,False,-0.0005231493591419945
2017-02-01,38260.0,38200.0,38310.0,38260.0,Wednesday,False,0.001308557969118107
2017-02-02,38250.0,38160.0,38250.0,38240.0,Thursday,False,-0.000522739153162588
2017-02-03,38250.0,38160.0,38250.0,38240.0,Friday,True,0.0
2017-02-04,38260.0,38260.0,38440.0,38430.0,Saturday,False,0.004968619246861872
2017-02-05,38440.0,38440.0,38700.0,38520.0,Sunday,False,0.0023419203747072626
2017-02-06,38540.0,38470.0,38560.0,38470.0,Monday,False,-0.0012980269989615323
2017-02-07,38480.0,38300.0,38480.0,38360.0,Tuesday,False,-0.0028593709383935018
2017-02-08,38370.0,38260.0,38370.0,38260.0,Wednesday,False,-0.002606882168926017
2017-02-09,38250.0,38180.0,38270.0,38260.0,Thursday,False,0.0
2017-02-10,38250.0,38180.0,38270.0,38260.0,Friday,True,0.0
2017-02-11,38320.0,38290.0,38360.0,38290.0,Saturday,False,0.000784108729743771
2017-02-12,38270.0,38230.0,38380.0,38230.0,Sunday,False,-0.0015669887699137908
2017-02-13,38220.0,38140.0,38230.0,38140.0,Monday,False,-0.002354172116139197
2017-02-14,38130.0,38060.0,38140.0,38080.0,Tuesday,False,-0.0015731515469323831
2017-02-15,38140.0,38140.0,38250.0,38150.0,Wednesday,False,0.0018382352941177516
2017-02-16,38140.0,38100.0,38150.0,38110.0,Thursday,False,-0.0010484927916120101
2017-02-17,38140.0,38100.0,38150.0,38110.0,Friday,True,0.0
2017-02-18,38100.0,38000.0,38110.0,38020.0,Saturday,False,-0.0023615848858566935
2017-02-19,38010.0,37920.0,38130.0,37930.0,Sunday,False,-0.002367175170962632
2017-02-20,37920.0,37890.0,37920.0,37900.0,Monday,False,-0.0007909306617452927
2017-02-21,37910.0,37860.0,38430.0,37870.0,Tuesday,False,-0.0007915567282321678
2017-02-22,38680.0,37780.0,38680.0,37800.0,Wednesday,False,-0.001848428835489857
2017-02-23,37790.0,37780.0,37810.0,37800.0,Thursday,False,0.0
2017-02-24,37790.0,37780.0,37810.0,37800.0,Friday,True,0.0
2017-02-25,37810.0,37770.0,37820.0,37780.0,Saturday,False,-0.0005291005291004902
2017-02-26,37790.0,37790.0,37810.0,37810.0,Sunday,False,0.000794070937003788
2017-02-27,37830.0,37780.0,38200.0,37790.0,Monday,False,-0.0005289605924359009
2017-02-28,37780.0,37720.0,37790.0,37790.0,Tuesday,False,0.0
2017-03-01,37800.0,37800.0,37850.0,37840.0,Wednesday,False,0.0013231013495633714
2017-03-02,37830.0,37830.0,37830.0,37830.0,Thursday,False,-0.00026427061310785316
2017-03-03,37830.0,37830.0,37830.0,37830.0,Friday,True,0.0
2017-03-04,37840.0,37810.0,37850.0,37810.0,Saturday,False,-0.0005286809410520732
2017-03-05,37800.0,37730.0,37800.0,37740.0,Sunday,False,-0.001851362073525542
2017-03-06,37730.0,37610.0,37730.0,37610.0,Monday,False,-0.003444621091679867
2017-03-07,37600.0,37460.0,37600.0,37460.0,Tuesday,False,-0.00398830098378089
2017-03-08,37450.0,37230.0,37450.0,37240.0,Wednesday,False,-0.005872931126534975
2017-03-09,37250.0,37250.0,37540.0,37490.0,Thursday,False,0.006713211600429592
2017-03-10,37250.0,37250.0,37540.0,37490.0,Friday,True,0.0
2017-03-11,37520.0,37520.0,37660.0,37590.0,Saturday,False,0.0026673779674579734
2017-03-12,37580.0,37480.0,37600.0,37490.0,Sunday,False,-0.002660281989890878
2017-03-13,37500.0,37430.0,37510.0,37500.0,Monday,False,0.00026673779674579734
2017-03-14,37490.0,37460.0,37980.0,37630.0,Tuesday,False,0.003466666666666729
2017-03-15,37650.0,37650.0,37970.0,37950.0,Wednesday,False,0.008503853308530429
2017-03-16,37920.0,37540.0,37920.0,37570.0,Thursday,False,-0.010013175230566551
2017-03-17,37920.0,37540.0,37920.0,37570.0,Friday,True,0.0
2017-03-18,37590.0,37460.0,37590.0,37480.0,Saturday,False,-0.0023955283470854516
2017-03-19,37590.0,37460.0,37590.0,37480.0,Sunday,True,0.0
2017-03-20,37590.0,37460.0,37590.0,37480.0,Monday,True,0.0
2017-03-21,37520.0,37450.0,37520.0,37480.0,Tuesday,False,0.0
2017-03-22,37520.0,37450.0,37520.0,37480.0,Wednesday,True,0.0
2017-03-23,37510.0,37480.0,37510.0,37480.0,Thursday,False,0.0
2017-03-24,37510.0,37480.0,37510.0,37480.0,Friday,True,0.0
2017-03-25,37580.0,37550.0,37670.0,37670.0,Saturday,False,0.005069370330843093
2017-03-26,37650.0,37540.0,37680.0,37540.0,Sunday,False,-0.003451022033448381
2017-03-27,37570.0,37330.0,37640.0,37640.0,Monday,False,0.002663825253063301
2017-03-28,38550.0,37630.0,38550.0,37660.0,Tuesday,False,0.0005313496280552332
2017-03-29,37630.0,37500.0,37630.0,37520.0,Wednesday,False,-0.0037174721189591198
2017-03-30,37480.0,37390.0,37480.0,37400.0,Thursday,False,-0.0031982942430703876
2017-03-31,37480.0,37390.0,37480.0,37400.0,Friday,True,0.0
2017-04-01,37480.0,37390.0,37480.0,37400.0,Saturday,True,0.0
2017-04-02,37480.0,37390.0,37480.0,37400.0,Sunday,True,0.0
2017-04-03,37510.0,37490.0,37730.0,37690.0,Monday,False,0.007754010695187219
2017-04-04,37700.0,37530.0,37700.0,37530.0,Tuesday,False,-0.004245157866808125
2017-04-05,37490.0,37490.0,37650.0,37650.0,Wednesday,False,0.003197442046362964
2017-04-06,37630.0,37610.0,37650.0,37610.0,Thursday,False,-0.0010624169986719334
2017-04-07,37630.0,37610.0,37650.0,37610.0,Friday,True,0.0
2017-04-08,37620.0,37580.0,37630.0,37610.0,Saturday,False,0.0
2017-04-09,37600.0,37600.0,37640.0,37630.0,Sunday,False,0.0005317734645040595
2017-04-10,37650.0,37620.0,37670.0,37630.0,Monday,False,0.0
2017-04-11,37650.0,37620.0,37670.0,37630.0,Tuesday,True,0.0
2017-04-12,37650.0,37590.0,37650.0,37630.0,Wednesday,False,0.0
2017-04-13,37620.0,37590.0,37620.0,37590.0,Thursday,False,-0.0010629816635663314
2017-04-14,37620.0,37590.0,37620.0,37590.0,Friday,True,0.0
2017-04-15,37570.0,37570.0,37610.0,37600.0,Saturday,False,0.0002660281989890212
2017-04-16,37590.0,37550.0,37590.0,37550.0,Sunday,False,-0.0013297872340425343
2017-04-17,37560.0,37540.0,37570.0,37550.0,Monday,False,0.0
2017-04-18,37540.0,37500.0,37540.0,37500.0,Tuesday,False,-0.0013315579227696217
2017-04-19,37490.0,37490.0,37510.0,37490.0,Wednesday,False,-0.0002666666666666373
2017-04-20,37500.0,37470.0,37500.0,37480.0,Thursday,False,-0.00026673779674579734
2017-04-21,37500.0,37470.0,37500.0,37480.0,Friday,True,0.0
2017-04-22,37490.0,37480.0,37500.0,37490.0,Saturday,False,0.00026680896478126215
2017-04-23,37500.0,37500.0,37530.0,37530.0,Sunday,False,0.0010669511869831894
2017-04-24,37540.0,37530.0,37540.0,37530.0,Monday,False,0.0
2017-04-25,37540.0,37530.0,37540.0,37530.0,Tuesday,True,0.0
2017-04-26,37550.0,37550.0,37620.0,37600.0,Wednesday,False,0.0018651745270450437
2017-04-27,37610.0,37610.0,37620.0,37620.0,Thursday,False,0.0005319148936169249
2017-04-28,37610.0,37610.0,37620.0,37620.0,Friday,True,0.0
2017-04-29,37640.0,37640.0,37730.0,37730.0,Saturday,False,0.0029239766081872176
2017-04-30,37740.0,37730.0,37820.0,37730.0,Sunday,False,0.0
2017-05-01,37710.0,37660.0,37730.0,37670.0,Monday,False,-0.0015902464882057155
2017-05-02,37660.0,37620.0,37680.0,37620.0,Tuesday,False,-0.0013273161667108901
2017-05-03,37630.0,37620.0,37650.0,37650.0,Wednesday,False,0.0007974481658692412
2017-05-04,37660.0,37660.0,37700.0,37700.0,Thursday,False,0.0013280212483399723
2017-05-05,37660.0,37660.0,37700.0,37700.0,Friday,True,0.0
2017-05-06,37710.0,37620.0,37750.0,37630.0,Saturday,False,-0.001856763925729421
2017-05-07,37620.0,37580.0,37620.0,37590.0,Sunday,False,-0.0010629816635663314
2017-05-08,37580.0,37570.0,37600.0,37570.0,Monday,False,-0.0005320563979781534
2017-05-09,37560.0,37540.0,37570.0,37540.0,Tuesday,False,-0.0007985094490284839
2017-05-10,37570.0,37560.0,37590.0,37570.0,Wednesday,False,0.0007991475759190347
2017-05-11,37580.0,37570.0,37600.0,37590.0,Thursday,False,0.0005323396326857299
2017-05-12,37580.0,37570.0,37600.0,37590.0,Friday,True,0.0
2017-05-13,37600.0,37570.0,37610.0,37590.0,Saturday,False,0.0
2017-05-14,37580.0,37560.0,37600.0,37560.0,Sunday,False,-0.0007980845969672856
2017-05-15,37580.0,37540.0,37580.0,37540.0,Monday,False,-0.0005324813631523151
2017-05-16,37550.0,37540.0,37580.0,37550.0,Tuesday,False,0.0002663825253064189
2017-05-17,37590.0,37550.0,37720.0,37710.0,Wednesday,False,0.0042609853528627895
2017-05-18,37720.0,37670.0,37730.0,37670.0,Thursday,False,-0.0010607265977193858
2017-05-19,37720.0,37670.0,37730.0,37670.0,Friday,True,0.0
2017-05-20,37690.0,37410.0,37690.0,37410.0,Saturday,False,-0.006902044066896762
2017-05-21,37380.0,37330.0,37400.0,37400.0,Sunday,False,-0.0002673082063618937
2017-05-22,37330.0,37320.0,37390.0,37350.0,Monday,False,-0.0013368983957219305
2017-05-23,37450.0,37450.0,37580.0,37530.0,Tuesday,False,0.004819277108433662
2017-05-24,37520.0,37480.0,37560.0,37480.0,Wednesday,False,-0.00133226751931792
2017-05-25,37470.0,37430.0,37470.0,37430.0,Thursday,False,-0.0013340448239060887
2017-05-26,37470.0,37430.0,37470.0,37430.0,Friday,True,0.0
2017-05-27,37420.0,37420.0,37460.0,37430.0,Saturday,False,0.0
2017-05-28,37420.0,37370.0,37450.0,37370.0,Sunday,False,-0.0016029922522040607
2017-05-29,37380.0,37380.0,37430.0,37380.0,Monday,False,0.00026759432700029784
2017-05-30,37370.0,37350.0,37380.0,37360.0,Tuesday,False,-0.0005350454788657366
2017-05-31,37380.0,37330.0,37580.0,37340.0,Wednesday,False,-0.0005353319057815886
2017-06-01,37350.0,37340.0,37350.0,37340.0,Thursday,False,0.0
2017-06-02,37350.0,37340.0,37350.0,37340.0,Friday,True,0.0
2017-06-03,37330.0,37320.0,37330.0,37320.0,Saturday,False,-0.0005356186395286677
2017-06-04,37330.0,37330.0,37330.0,37330.0,Sunday,False,0.000267952840300012
2017-06-05,37330.0,37330.0,37330.0,37330.0,Monday,True,0.0
2017-06-06,37320.0,37290.0,37320.0,37300.0,Tuesday,False,-0.000803643182426983
2017-06-07,37310.0,37300.0,37390.0,37380.0,Wednesday,False,0.002144772117962379
2017-06-08,37400.0,37370.0,37400.0,37370.0,Thursday,False,-0.0002675227394328683
2017-06-09,37400.0,37370.0,37400.0,37370.0,Friday,True,0.0
2017-06-10,37380.0,37350.0,37380.0,37360.0,Saturday,False,-0.00026759432700029784
2017-06-11,37350.0,37350.0,37380.0,37350.0,Sunday,False,-0.0002676659528907388
2017-06-12,37340.0,37290.0,37350.0,37300.0,Monday,False,-0.0013386880856760541
2017-06-13,37310.0,37270.0,37310.0,37270.0,Tuesday,False,-0.0008042895442359477
2017-06-14,37280.0,37270.0,37310.0,37300.0,Wednesday,False,0.0008049369466058831
2017-06-15,37320.0,37300.0,37320.0,37310.0,Thursday,False,0.0002680965147452419
2017-06-16,37320.0,37300.0,37320.0,37310.0,Friday,True,0.0
2017-06-17,37300.0,37270.0,37340.0,37320.0,Saturday,False,0.0002680246582684731
2017-06-18,37320.0,37320.0,37500.0,37500.0,Sunday,False,0.004823151125401992
2017-06-19,37480.0,37440.0,37610.0,37500.0,Monday,False,0.0
2017-06-20,37510.0,37450.0,37520.0,37450.0,Tuesday,False,-0.0013333333333332975
2017-06-21,37420.0,37370.0,37420.0,37420.0,Wednesday,False,-0.0008010680907877266
2017-06-22,37460.0,37440.0,37480.0,37440.0,Thursday,False,0.0005344735435595105
2017-06-23,37460.0,37440.0,37480.0,37440.0,Friday,True,0.0
2017-06-24,37450.0,37450.0,37580.0,37570.0,Saturday,False,0.003472222222222321
2017-06-25,37580.0,37540.0,37590.0,37540.0,Sunday,False,-0.0007985094490284839
2017-06-26,37580.0,37540.0,37590.0,37540.0,Monday,True,0.0
2017-06-27,37500.0,37500.0,37540.0,37540.0,Tuesday,False,0.0
2017-06-28,37560.0,37560.0,37650.0,37590.0,Wednesday,False,0.0013319126265316505
2017-06-29,37640.0,37640.0,37680.0,37680.0,Thursday,False,0.002394253790901857
2017-06-30,37640.0,37640.0,37680.0,37680.0,Friday,True,0.0
2017-07-01,37720.0,37720.0,37910.0,37890.0,Saturday,False,0.005573248407643394
2017-07-02,37870.0,37840.0,37880.0,37840.0,Sunday,False,-0.0013196093956189259
2017-07-03,37820.0,37780.0,37820.0,37790.0,Monday,False,-0.0013213530655391548
2017-07-04,37840.0,37800.0,37860.0,37800.0,Tuesday,False,0.00026462026991258547
2017-07-05,37820.0,37790.0,37880.0,37880.0,Wednesday,False,0.002116402116402183
2017-07-06,37890.0,37880.0,37920.0,37880.0,Thursday,False,0.0
2017-07-07,37890.0,37880.0,37920.0,37880.0,Friday,True,0.0
2017-07-08,37890.0,37880.0,37900.0,37890.0,Saturday,False,0.00026399155227041504
2017-07-09,37880.0,37860.0,37890.0,37860.0,Sunday,False,-0.0007917656373713777
2017-07-10,37870.0,37860.0,37880.0,37880.0,Monday,False,0.0005282620179609676
2017-07-11,37910.0,37910.0,37960.0,37930.0,Tuesday,False,0.0013199577613516311
2017-07-12,37950.0,37900.0,37950.0,37900.0,Wednesday,False,-0.0007909306617452927
2017-07-13,37890.0,37850.0,37890.0,37850.0,Thursday,False,-0.0013192612137202797
2017-07-14,37890.0,37850.0,37890.0,37850.0,Friday,True,0.0
2017-07-15,37810.0,37800.0,37830.0,37820.0,Saturday,False,-0.0007926023778070945
2017-07-16,37810.0,37790.0,37830.0,37800.0,Sunday,False,-0.0005288207297725611
2017-07-17,37810.0,37770.0,37810.0,37790.0,Monday,False,-0.0002645502645503006
2017-07-18,37780.0,37780.0,37790.0,37780.0,Tuesday,False,-0.0002646202699126965
2017-07-19,37770.0,37770.0,37770.0,37770.0,Wednesday,False,-0.000264690312334559
2017-07-20,37820.0,37820.0,37820.0,37820.0,Thursday,False,0.001323801959226989
2017-07-21,37820.0,37820.0,37820.0,37820.0,Friday,True,0.0
2017-07-22,37850.0,37760.0,37850.0,37760.0,Saturday,False,-0.0015864621893177944
2017-07-23,37750.0,37740.0,37750.0,37750.0,Sunday,False,-0.00026483050847458944
2017-07-24,37740.0,37710.0,37740.0,37720.0,Monday,False,-0.0007947019867550198
2017-07-25,37730.0,37720.0,37790.0,37790.0,Tuesday,False,0.001855779427359483
2017-07-26,37810.0,37810.0,38000.0,38000.0,Wednesday,False,0.005557025668166071
2017-07-27,38020.0,38010.0,38040.0,38010.0,Thursday,False,0.000263157894736743
2017-07-28,38020.0,38010.0,38040.0,38010.0,Friday,True,0.0
2017-07-29,38020.0,38010.0,38070.0,38070.0,Saturday,False,0.0015785319652723562
2017-07-30,38080.0,38080.0,38130.0,38120.0,Sunday,False,0.0013133701076963877
2017-07-31,38110.0,38100.0,38130.0,38130.0,Monday,False,0.0002623294858341563
2017-08-01,38140.0,38140.0,38210.0,38190.0,Tuesday,False,0.0015735641227379027
2017-08-02,38200.0,38190.0,38210.0,38210.0,Wednesday,False,0.0005236973029589809
2017-08-03,38220.0,38220.0,38260.0,38260.0,Thursday,False,0.001308557969118107
2017-08-04,38220.0,38220.0,38260.0,38260.0,Friday,True,0.0
2017-08-05,38220.0,38220.0,38260.0,38260.0,Saturday,True,0.0
2017-08-06,38250.0,38200.0,38250.0,38210.0,Sunday,False,-0.00130684788290647
2017-08-07,38200.0,38150.0,38200.0,38150.0,Monday,False,-0.0015702695629415953
2017-08-08,38140.0,38110.0,38140.0,38110.0,Tuesday,False,-0.0010484927916120101
2017-08-09,38120.0,38110.0,38130.0,38110.0,Wednesday,False,0.0
2017-08-10,38120.0,38110.0,38130.0,38110.0,Thursday,True,0.0
2017-08-11,38120.0,38110.0,38130.0,38110.0,Friday,True,0.0
2017-08-12,38120.0,38120.0,38130.0,38130.0,Saturday,False,0.0005247966413015615
2017-08-13,38140.0,38100.0,38140.0,38120.0,Sunday,False,-0.0002622606871229838
2017-08-14,38130.0,38130.0,38130.0,38130.0,Monday,False,0.0002623294858341563
2017-08-15,38140.0,38140.0,38170.0,38170.0,Tuesday,False,0.0010490427484919351
2017-08-16,38190.0,38180.0,38200.0,38200.0,Wednesday,False,0.0007859575582918055
2017-08-17,38190.0,38190.0,38200.0,38200.0,Thursday,False,0.0
2017-08-18,38190.0,38190.0,38200.0,38200.0,Friday,True,0.0
2017-08-19,38190.0,38190.0,38240.0,38240.0,Saturday,False,0.0010471204188482464
2017-08-20,38250.0,38250.0,38280.0,38280.0,Sunday,False,0.0010460251046024993
2017-08-21,38270.0,38270.0,38320.0,38300.0,Monday,False,0.0005224660397074032
2017-08-22,38310.0,38300.0,38310.0,38300.0,Tuesday,False,0.0
2017-08-23,38310.0,38310.0,38330.0,38330.0,Wednesday,False,0.0007832898172324132
2017-08-24,38340.0,38340.0,38380.0,38380.0,Thursday,False,0.001304461257500611
2017-08-25,38340.0,38340.0,38380.0,38380.0,Friday,True,0.0
2017-08-26,38390.0,38390.0,38520.0,38520.0,Saturday,False,0.0036477331943720603
2017-08-27,38530.0,38530.0,38650.0,38590.0,Sunday,False,0.0018172377985461452
2017-08-28,38580.0,38580.0,38600.0,38580.0,Monday,False,-0.0002591344908007276
2017-08-29,38570.0,38570.0,38630.0,38630.0,Tuesday,False,0.0012960082944530882
2017-08-30,38650.0,38650.0,38720.0,38720.0,Wednesday,False,0.002329795495728648
2017-08-31,38730.0,38730.0,38740.0,38740.0,Thursday,False,0.0005165289256199301
2017-09-01,38730.0,38730.0,38740.0,38740.0,Friday,True,0.0
2017-09-02,38750.0,38750.0,38820.0,38820.0,Saturday,False,0.0020650490449147796
2017-09-03,38830.0,38830.0,38900.0,38900.0,Sunday,False,0.002060793405461059
2017-09-04,38910.0,38790.0,38930.0,38790.0,Monday,False,-0.002827763496143998
2017-09-05,38780.0,38760.0,38820.0,38820.0,Tuesday,False,0.0007733952049497894
2017-09-06,38830.0,38830.0,38960.0,38940.0,Wednesday,False,0.0030911901081915882
2017-09-07,38950.0,38950.0,39040.0,39040.0,Thursday,False,0.002568053415511029
2017-09-08,38950.0,38950.0,39040.0,39040.0,Friday,True,0.0
2017-09-09,38950.0,38950.0,39040.0,39040.0,Saturday,True,0.0
2017-09-10,39050.0,39000.0,39060.0,39000.0,Sunday,False,-0.0010245901639344135
2017-09-11,39010.0,38980.0,39010.0,39000.0,Monday,False,0.0
2017-09-12,39010.0,39000.0,39170.0,39140.0,Tuesday,False,0.0035897435897436214
2017-09-13,39160.0,39090.0,39250.0,39200.0,Wednesday,False,0.0015329586101175963
2017-09-14,39140.0,39090.0,39140.0,39100.0,Thursday,False,-0.0025510204081632404
2017-09-15,39140.0,39090.0,39140.0,39100.0,Friday,True,0.0
2017-09-16,39120.0,39040.0,39120.0,39040.0,Saturday,False,-0.001534526854219953
2017-09-17,39080.0,38980.0,39080.0,38980.0,Sunday,False,-0.0015368852459016757
2017-09-18,38970.0,38960.0,39000.0,38970.0,Monday,False,-0.0002565418163160693
2017-09-19,38950.0,38920.0,38950.0,38920.0,Tuesday,False,-0.0012830382345393465
2017-09-20,38930.0,38910.0,38930.0,38930.0,Wednesday,False,0.00025693730729692277
2017-09-21,38920.0,38920.0,38920.0,38920.0,Thursday,False,-0.00025687130747498177
2017-09-22,38920.0,38920.0,38920.0,38920.0,Friday,True,0.0
2017-09-23,38940.0,38910.0,38960.0,38930.0,Saturday,False,0.00025693730729692277
2017-09-24,38920.0,38920.0,38930.0,38920.0,Sunday,False,-0.00025687130747498177
2017-09-25,38930.0,38930.0,39000.0,39000.0,Monday,False,0.0020554984583760483
2017-09-26,39010.0,39010.0,39130.0,39060.0,Tuesday,False,0.0015384615384614886
2017-09-27,39050.0,39050.0,39090.0,39070.0,Wednesday,False,0.0002560163850486852
2017-09-28,39080.0,39080.0,39110.0,39110.0,Thursday,False,0.001023803429741399
2017-09-29,39080.0,39080.0,39110.0,39110.0,Friday,True,0.0
2017-09-30,39080.0,39080.0,39110.0,39110.0,Saturday,True,0.0
2017-10-01,39080.0,39080.0,39110.0,39110.0,Sunday,True,0.0
2017-10-02,39120.0,39120.0,39160.0,39160.0,Monday,False,0.0012784454103809129
2017-10-03,39170.0,39170.0,39300.0,39300.0,Tuesday,False,0.003575076608784533
2017-10-04,39240.0,39240.0,39370.0,39370.0,Wednesday,False,0.0017811704834604924
2017-10-05,39380.0,39380.0,39480.0,39480.0,Thursday,False,0.002794005588011128
2017-10-06,39380.0,39380.0,39480.0,39480.0,Friday,True,0.0
2017-10-07,39540.0,39530.0,39710.0,39710.0,Saturday,False,0.005825734549138817
2017-10-08,39660.0,39600.0,39980.0,39780.0,Sunday,False,0.00176278015613196
2017-10-09,39760.0,39740.0,40410.0,40410.0,Monday,False,0.015837104072398134
2017-10-10,40480.0,39830.0,40490.0,40240.0,Tuesday,False,-0.004206879485275872
2017-10-11,40220.0,40040.0,40230.0,40160.0,Wednesday,False,-0.001988071570576566
2017-10-12,40180.0,40170.0,40180.0,40170.0,Thursday,False,0.0002490039840636893
2017-10-13,40180.0,40170.0,40180.0,40170.0,Friday,True,0.0
2017-10-14,40190.0,39970.0,40190.0,39970.0,Saturday,False,-0.004978839930296242
2017-10-15,39950.0,39930.0,40080.0,40070.0,Sunday,False,0.002501876407305481
2017-10-16,40060.0,40010.0,40150.0,40080.0,Monday,False,0.0002495632642876
2017-10-17,40070.0,40070.0,40190.0,40190.0,Tuesday,False,0.002744510978043957
2017-10-18,40170.0,40170.0,40340.0,40210.0,Wednesday,False,0.0004976362279174307
2017-10-19,40220.0,40110.0,40220.0,40170.0,Thursday,False,-0.0009947774185525837
2017-10-20,40220.0,40110.0,40220.0,40170.0,Friday,True,0.0
2017-10-21,40140.0,40130.0,40190.0,40130.0,Saturday,False,-0.0009957679860592705
2017-10-22,40140.0,40110.0,40160.0,40110.0,Sunday,False,-0.0004983802641415069
2017-10-23,40120.0,40110.0,40180.0,40180.0,Monday,False,0.0017452006980802626
2017-10-24,40200.0,40190.0,40350.0,40300.0,Tuesday,False,0.00298656047784962
2017-10-25,40330.0,40220.0,40330.0,40280.0,Wednesday,False,-0.0004962779156327812
2017-10-26,40300.0,40260.0,40330.0,40320.0,Thursday,False,0.0009930486593843213
2017-10-27,40300.0,40260.0,40330.0,40320.0,Friday,True,0.0
2017-10-28,40400.0,40390.0,40600.0,40600.0,Saturday,False,0.00694444444444442
2017-10-29,40670.0,40620.0,40760.0,40690.0,Sunday,False,0.002216748768472998
2017-10-30,40710.0,40540.0,40720.0,40550.0,Monday,False,-0.003440648808060942
2017-10-31,40530.0,40520.0,40570.0,40520.0,Tuesday,False,-0.0007398273736127781
2017-11-01,40550.0,40520.0,40620.0,40580.0,Wednesday,False,0.0014807502467917288
2017-11-02,40570.0,40490.0,40570.0,40540.0,Thursday,False,-0.0009857072449482862
2017-11-03,40570.0,40490.0,40570.0,40540.0,Friday,True,0.0
2017-11-04,40550.0,40500.0,40550.0,40540.0,Saturday,False,0.0
2017-11-05,40520.0,40510.0,40700.0,40660.0,Sunday,False,0.002960039467192921
2017-11-06,40700.0,40690.0,40740.0,40720.0,Monday,False,0.0014756517461878005
2017-11-07,40730.0,40690.0,40770.0,40700.0,Tuesday,False,-0.0004911591355599709
2017-11-08,40710.0,40700.0,40760.0,40740.0,Wednesday,False,0.0009828009828010131
2017-11-09,40710.0,40700.0,40760.0,40740.0,Thursday,True,0.0
2017-11-10,40710.0,40700.0,40760.0,40740.0,Friday,True,0.0
2017-11-11,40750.0,40750.0,40850.0,40830.0,Saturday,False,0.0022091310751104487
2017-11-12,40850.0,40850.0,40990.0,40990.0,Sunday,False,0.003918687239774732
2017-11-13,40970.0,40970.0,41360.0,41360.0,Monday,False,0.009026591851671206
2017-11-14,41340.0,41120.0,41380.0,41220.0,Tuesday,False,-0.0033849129593810368
2017-11-15,41100.0,40970.0,41100.0,41010.0,Wednesday,False,-0.005094614264919972
2017-11-16,40980.0,40960.0,41010.0,41000.0,Thursday,False,-0.00024384296513046966
2017-11-17,40980.0,40960.0,41010.0,41000.0,Friday,True,0.0
2017-11-18,40960.0,40950.0,40990.0,40960.0,Saturday,False,-0.0009756097560975618
2017-11-19,40960.0,40950.0,40990.0,40960.0,Sunday,True,0.0
2017-11-20,41000.0,40930.0,41050.0,40940.0,Monday,False,-0.00048828125
2017-11-21,40920.0,40910.0,40990.0,40930.0,Tuesday,False,-0.0002442598925256334
2017-11-22,41020.0,41010.0,41250.0,41210.0,Wednesday,False,0.00684094795993162
2017-11-23,41230.0,41230.0,41280.0,41240.0,Thursday,False,0.0007279786459597481
2017-11-24,41230.0,41230.0,41280.0,41240.0,Friday,True,0.0
2017-11-25,41230.0,41200.0,41290.0,41270.0,Saturday,False,0.0007274490785644794
2017-11-26,41220.0,41110.0,41220.0,41180.0,Sunday,False,-0.0021807608432274916
2017-11-27,41150.0,41150.0,41180.0,41180.0,Monday,False,0.0
2017-11-28,41190.0,41180.0,41290.0,41270.0,Tuesday,False,0.0021855269548325396
2017-11-29,41340.0,41250.0,41480.0,41360.0,Wednesday,False,0.0021807608432276027
2017-11-30,41380.0,41320.0,41390.0,41390.0,Thursday,False,0.0007253384912959682
2017-12-01,41380.0,41320.0,41390.0,41390.0,Friday,True,0.0
2017-12-02,41450.0,41440.0,41550.0,41550.0,Saturday,False,0.003865668035757386
2017-12-03,41500.0,41480.0,41680.0,41640.0,Sunday,False,0.0021660649819494893
2017-12-04,41660.0,41660.0,41920.0,41860.0,Monday,False,0.005283381364072914
2017-12-05,41980.0,41950.0,42140.0,42020.0,Tuesday,False,0.003822264691830002
2017-12-06,41980.0,41950.0,42140.0,42020.0,Wednesday,True,0.0
2017-12-07,41960.0,41930.0,42000.0,41950.0,Thursday,False,-0.0016658733936221193
2017-12-08,41960.0,41930.0,42000.0,41950.0,Friday,True,0.0
2017-12-09,41900.0,41860.0,42030.0,42030.0,Saturday,False,0.0019070321811680557
2017-12-10,42070.0,42060.0,42200.0,42070.0,Sunday,False,0.0009517011658339847
2017-12-11,42140.0,42070.0,42170.0,42110.0,Monday,False,0.000950796291894429
2017-12-12,42130.0,42040.0,42220.0,42200.0,Tuesday,False,0.0021372595582997977
2017-12-13,42080.0,42080.0,42230.0,42190.0,Wednesday,False,-0.00023696682464457997
2017-12-14,42090.0,42030.0,42110.0,42110.0,Thursday,False,-0.0018961839298411443
2017-12-15,42090.0,42030.0,42110.0,42110.0,Friday,True,0.0
2017-12-16,42090.0,41900.0,42090.0,41900.0,Saturday,False,-0.004986938969365973
2017-12-17,41830.0,41810.0,42000.0,41830.0,Sunday,False,-0.0016706443914080715
2017-12-18,41850.0,41780.0,41870.0,41810.0,Monday,False,-0.0004781257470715117
2017-12-19,41800.0,41800.0,41970.0,41970.0,Tuesday,False,0.003826835685242669
2017-12-20,41900.0,41860.0,41970.0,41860.0,Wednesday,False,-0.002620919704550917
2017-12-21,41940.0,41940.0,41940.0,41940.0,Thursday,False,0.00191113234591489
2017-12-22,41940.0,41940.0,41940.0,41940.0,Friday,True,0.0
2017-12-23,42000.0,41850.0,42000.0,41860.0,Saturday,False,-0.0019074868860277094
2017-12-24,41950.0,41860.0,41980.0,41940.0,Sunday,False,0.00191113234591489
2017-12-25,41900.0,41790.0,41950.0,41790.0,Monday,False,-0.003576537911301858
2017-12-26,41800.0,41750.0,41890.0,41890.0,Tuesday,False,0.0023929169657812555
2017-12-27,41800.0,41800.0,42100.0,41890.0,Wednesday,False,0.0
2017-12-28,41930.0,41920.0,42100.0,42030.0,Thursday,False,0.0033420864168058895
2017-12-29,41930.0,41920.0,42100.0,42030.0,Friday,True,0.0
2017-12-30,42150.0,42110.0,42360.0,42350.0,Saturday,False,0.007613609326671433
2017-12-31,42420.0,42420.0,42920.0,42880.0,Sunday,False,0.012514757969303458
2018-01-01,42990.0,42880.0,43230.0,42880.0,Monday,False,0.0
2018-01-02,42960.0,42850.0,43460.0,43390.0,Tuesday,False,0.011893656716417844
2018-01-03,43380.0,43000.0,43910.0,43740.0,Wednesday,False,0.008066374740723692
2018-01-04,43640.0,43130.0,43690.0,43240.0,Thursday,False,-0.011431184270690453
2018-01-05,43640.0,43130.0,43690.0,43240.0,Friday,True,0.0
2018-01-06,43200.0,42800.0,43320.0,43320.0,Saturday,False,0.0018501387604070718
2018-01-07,43340.0,43340.0,43580.0,43530.0,Sunday,False,0.00484764542936289
2018-01-08,43680.0,43680.0,44150.0,43950.0,Monday,False,0.009648518263266626
2018-01-09,43650.0,43490.0,43970.0,43660.0,Tuesday,False,-0.00659840728100114
2018-01-10,43690.0,43690.0,44020.0,44010.0,Wednesday,False,0.008016491067338594
2018-01-11,44030.0,44030.0,44380.0,44150.0,Thursday,False,0.0031810952056350317
2018-01-12,44030.0,44030.0,44380.0,44150.0,Friday,True,0.0
2018-01-13,43690.0,43670.0,44140.0,44110.0,Saturday,False,-0.0009060022650057009
2018-01-14,44110.0,44090.0,44520.0,44260.0,Sunday,False,0.003400589435502255
2018-01-15,44170.0,43920.0,44230.0,44210.0,Monday,False,-0.0011296882060550795
2018-01-16,44280.0,44200.0,44480.0,44290.0,Tuesday,False,0.0018095453517303905
2018-01-17,44370.0,44100.0,44590.0,44480.0,Wednesday,False,0.0042899074283133665
2018-01-18,44610.0,44500.0,44910.0,44580.0,Thursday,False,0.0022482014388489624
2018-01-19,44610.0,44500.0,44910.0,44580.0,Friday,True,0.0
2018-01-20,44570.0,44570.0,45650.0,45330.0,Saturday,False,0.01682368775235532
2018-01-21,45530.0,45420.0,46420.0,45970.0,Sunday,False,0.014118685197441083
2018-01-22,46230.0,45600.0,46980.0,45790.0,Monday,False,-0.003915597128562154
2018-01-23,45780.0,45550.0,46460.0,45800.0,Tuesday,False,0.00021838829438736163
2018-01-24,45610.0,45530.0,46010.0,45660.0,Wednesday,False,-0.0030567685589519833
2018-01-25,45630.0,45330.0,45650.0,45330.0,Thursday,False,-0.007227332457293012
2018-01-26,45630.0,45330.0,45650.0,45330.0,Friday,True,0.0
2018-01-27,45230.0,45010.0,45280.0,45160.0,Saturday,False,-0.003750275755570298
2018-01-28,45230.0,45230.0,45690.0,45680.0,Sunday,False,0.011514614703277193
2018-01-29,45700.0,45490.0,46080.0,45500.0,Monday,False,-0.0039404553415061105
2018-01-30,45450.0,45420.0,45830.0,45670.0,Tuesday,False,0.0037362637362636786
2018-01-31,45880.0,45620.0,46450.0,46450.0,Wednesday,False,0.017079045325158804
2018-02-01,46480.0,46380.0,46540.0,46470.0,Thursday,False,0.00043057050592043566
2018-02-02,46480.0,46380.0,46540.0,46470.0,Friday,True,0.0
2018-02-03,46540.0,46410.0,47080.0,47040.0,Saturday,False,0.01226597805035512
2018-02-04,47090.0,46890.0,47790.0,47440.0,Sunday,False,0.008503401360544283
2018-02-05,47490.0,46730.0,47590.0,46760.0,Monday,False,-0.01433389544688024
2018-02-06,46660.0,46110.0,47020.0,46900.0,Tuesday,False,0.0029940119760478723
2018-02-07,46930.0,45410.0,47800.0,45450.0,Wednesday,False,-0.030916844349680117
2018-02-08,45430.0,45370.0,46850.0,46700.0,Thursday,False,0.027502750275027577
2018-02-09,45430.0,45370.0,46850.0,46700.0,Friday,True,0.0
2018-02-10,46640.0,46420.0,47500.0,47250.0,Saturday,False,0.01177730192719495
2018-02-11,47260.0,47250.0,47350.0,47270.0,Sunday,False,0.0004232804232804366
2018-02-12,47320.0,47320.0,48500.0,48490.0,Monday,False,0.02580918129892118
2018-02-13,48720.0,48450.0,49120.0,48770.0,Tuesday,False,0.005774386471437465
2018-02-14,48750.0,48160.0,48750.0,48170.0,Wednesday,False,-0.012302645068689722
2018-02-15,47900.0,47380.0,47900.0,47380.0,Thursday,False,-0.0164002491177081
2018-02-16,47900.0,47380.0,47900.0,47380.0,Friday,True,0.0
2018-02-17,47380.0,46970.0,47450.0,46970.0,Saturday,False,-0.008653440270156132
2018-02-18,46970.0,46090.0,46970.0,46090.0,Sunday,False,-0.0187353629976581
2018-02-19,46060.0,45670.0,46060.0,45750.0,Monday,False,-0.0073768713386851426
2018-02-20,46060.0,45670.0,46060.0,45750.0,Tuesday,True,0.0
2018-02-21,45700.0,45180.0,45700.0,45180.0,Wednesday,False,-0.012459016393442601
2018-02-22,45130.0,44930.0,45250.0,44930.0,Thursday,False,-0.005533421868083255
2018-02-23,45130.0,44930.0,45250.0,44930.0,Friday,True,0.0
2018-02-24,44900.0,44770.0,44900.0,44780.0,Saturday,False,-0.0033385265969285705
2018-02-25,44790.0,44750.0,44800.0,44760.0,Sunday,False,-0.00044662795891026175
2018-02-26,44780.0,44760.0,44780.0,44780.0,Monday,False,0.00044682752457547714
2018-02-27,44760.0,44720.0,44760.0,44720.0,Tuesday,False,-0.0013398838767306742
2018-02-28,44710.0,44710.0,44710.0,44710.0,Wednesday,False,-0.00022361359570666206
2018-03-01,44700.0,44690.0,44700.0,44700.0,Thursday,False,-0.0002236636099306466
2018-03-02,44690.0,44690.0,44690.0,44690.0,Friday,False,-0.00022371364653239745
2018-03-03,44680.0,44670.0,47330.0,47080.0,Saturday,False,0.05347952562094438
2018-03-04,47110.0,47080.0,47700.0,47700.0,Sunday,False,0.013169073916737384
2018-03-05,47730.0,47630.0,47790.0,47690.0,Monday,False,-0.00020964360587005793
2018-03-06,47740.0,47730.0,47800.0,47750.0,Tuesday,False,0.0012581253931642777
2018-03-07,47950.0,47840.0,47960.0,47880.0,Wednesday,False,0.002722513089005174
2018-03-08,47890.0,47850.0,47900.0,47860.0,Thursday,False,-0.00041771094402676123
2018-03-09,47890.0,47890.0,47890.0,47890.0,Friday,False,0.0006268282490597965
2018-03-10,48340.0,47960.0,48340.0,47960.0,Saturday,False,0.001461683023595839
2018-03-11,47920.0,47850.0,48030.0,48030.0,Sunday,False,0.0014595496246871953
2018-03-12,48080.0,47230.0,48500.0,48260.0,Monday,False,0.004788673745575789
2018-03-13,48270.0,47820.0,48420.0,48160.0,Tuesday,False,-0.0020721094073766766
2018-03-14,48210.0,48060.0,48510.0,48510.0,Wednesday,False,0.007267441860465018
2018-03-15,48550.0,48370.0,48560.0,48490.0,Thursday,False,-0.00041228612657184804
2018-03-16,48650.0,48650.0,48650.0,48650.0,Friday,False,0.0032996494122499165
2018-03-17,48670.0,48290.0,48740.0,48310.0,Saturday,False,-0.006988694758478964
2018-03-18,48290.0,48190.0,48290.0,48190.0,Sunday,False,-0.0024839577727178153
2018-03-19,48280.0,48280.0,48750.0,48570.0,Monday,False,0.007885453413571275
2018-03-20,48750.0,48750.0,49130.0,48990.0,Tuesday,False,0.00864731315626921
2018-03-21,48750.0,48750.0,49130.0,48990.0,Wednesday,True,0.0
2018-03-22,48750.0,48750.0,49130.0,48990.0,Thursday,True,0.0
2018-03-23,48750.0,48750.0,49130.0,48990.0,Friday,True,0.0
2018-03-24,48810.0,48810.0,49210.0,49210.0,Saturday,False,0.004490712390283758
2018-03-25,49390.0,49210.0,50080.0,49910.0,Sunday,False,0.014224751066856278
2018-03-26,49710.0,49710.0,51180.0,51030.0,Monday,False,0.02244039270687237
2018-03-27,51010.0,49600.0,51400.0,50490.0,Tuesday,False,-0.010582010582010581
2018-03-28,50440.0,50340.0,50700.0,50460.0,Wednesday,False,-0.0005941770647652778
2018-03-29,50570.0,50410.0,51400.0,50450.0,Thursday,False,-0.00019817677368216824
2018-03-30,51020.0,51020.0,51020.0,51020.0,Friday,False,0.011298315163528194
2018-03-31,50850.0,50800.0,50850.0,50800.0,Saturday,False,-0.004312034496275929
2018-04-01,50450.0,50290.0,50450.0,50290.0,Sunday,False,-0.010039370078740117
2018-04-02,50800.0,50800.0,50800.0,50800.0,Monday,False,0.010141181149333933
2018-04-03,49850.0,49850.0,51450.0,50540.0,Tuesday,False,-0.005118110236220441
2018-04-04,50550.0,50050.0,50560.0,50560.0,Wednesday,False,0.00039572615749894346
2018-04-05,50430.0,50400.0,50940.0,50940.0,Thursday,False,0.007515822784810222
2018-04-06,50430.0,50400.0,50940.0,50940.0,Friday,True,0.0
2018-04-07,50700.0,50700.0,51850.0,51710.0,Saturday,False,0.01511582253631727
2018-04-08,52450.0,52080.0,57050.0,56600.0,Sunday,False,0.0945658479984528
2018-04-09,56450.0,56450.0,60480.0,58650.0,Monday,False,0.03621908127208484
2018-04-10,56450.0,56450.0,60480.0,58650.0,Tuesday,True,0.0
2018-04-11,42000.0,42000.0,42000.0,42000.0,Wednesday,False,-0.28388746803069054
2018-04-12,42000.0,42000.0,42000.0,42000.0,Thursday,True,0.0
2018-04-13,42000.0,42000.0,42000.0,42000.0,Friday,True,0.0
2018-04-14,42000.0,42000.0,42000.0,42000.0,Saturday,True,0.0
2018-04-15,42000.0,42000.0,42000.0,42000.0,Sunday,True,0.0
2018-04-16,42000.0,42000.0,42000.0,42000.0,Monday,True,0.0
2018-04-17,42000.0,42000.0,42000.0,42000.0,Tuesday,True,0.0
2018-04-18,53380.0,53310.0,55970.0,55920.0,Wednesday,False,0.3314285714285714
2018-04-19,55930.0,55470.0,55960.0,55740.0,Thursday,False,-0.0032188841201716833
2018-04-20,55730.0,55680.0,56160.0,56130.0,Friday,False,0.006996770721205525
2018-04-21,56120.0,56020.0,56480.0,56330.0,Saturday,False,0.0035631569570639954
2018-04-22,56170.0,55870.0,56330.0,55870.0,Sunday,False,-0.008166163678324123
2018-04-23,55880.0,54880.0,56010.0,55290.0,Monday,False,-0.01038124216932168
2018-04-24,54830.0,54450.0,55240.0,54500.0,Tuesday,False,-0.014288298064749516
2018-04-25,54250.0,54110.0,55600.0,55470.0,Wednesday,False,0.017798165137614674
2018-04-26,55460.0,55310.0,56420.0,56350.0,Thursday,False,0.015864431224084985
2018-04-27,55460.0,55310.0,56420.0,56350.0,Friday,True,0.0
2018-04-28,56050.0,56040.0,57180.0,57110.0,Saturday,False,0.013487133984028343
2018-04-29,57110.0,56950.0,58540.0,58540.0,Sunday,False,0.02503939765365093
2018-04-30,57110.0,56950.0,58540.0,58540.0,Monday,True,0.0
2018-05-01,57110.0,56950.0,58540.0,58540.0,Tuesday,True,0.0
2018-05-02,57110.0,56950.0,58540.0,58540.0,Wednesday,True,0.0
2018-05-03,59630.0,59440.0,61970.0,61170.0,Thursday,False,0.04492654595148626
2018-05-04,61190.0,61090.0,61420.0,61160.0,Friday,False,-0.0001634788294915257
2018-05-05,61150.0,61100.0,65130.0,63830.0,Saturday,False,0.04365598430346629
2018-05-06,63810.0,62180.0,65600.0,63500.0,Sunday,False,-0.0051699827667240905
2018-05-07,63510.0,59060.0,63650.0,59230.0,Monday,False,-0.06724409448818902
2018-05-08,59220.0,59080.0,64420.0,63900.0,Tuesday,False,0.07884517980753003
2018-05-09,63890.0,63650.0,66840.0,65710.0,Wednesday,False,0.028325508607198735
2018-05-10,65720.0,64660.0,68090.0,66530.0,Thursday,False,0.012479074722264505
2018-05-11,66520.0,66300.0,66990.0,66900.0,Friday,False,0.005561400871787248
2018-05-12,66920.0,64370.0,67480.0,65970.0,Saturday,False,-0.013901345291479794
2018-05-13,65410.0,63990.0,66300.0,64550.0,Sunday,False,-0.02152493557677737
2018-05-14,64540.0,61130.0,64560.0,63300.0,Monday,False,-0.01936483346243223
2018-05-15,63310.0,62050.0,64290.0,64140.0,Tuesday,False,0.013270142180094702
2018-05-16,64150.0,60940.0,65280.0,61520.0,Wednesday,False,-0.04084814468350484
2018-05-17,61530.0,61380.0,63650.0,62740.0,Thursday,False,0.01983094928478546
2018-05-18,62750.0,62600.0,62980.0,62640.0,Friday,False,-0.0015938795027096164
2018-05-19,62630.0,61380.0,62710.0,61380.0,Saturday,False,-0.02011494252873558
2018-05-20,61250.0,60650.0,62250.0,62010.0,Sunday,False,0.01026392961876832
2018-05-21,62130.0,62060.0,64050.0,63330.0,Monday,False,0.021286889211417526
2018-05-22,63320.0,62410.0,64410.0,63870.0,Tuesday,False,0.0085267645665561
2018-05-23,63860.0,63310.0,63990.0,63640.0,Wednesday,False,-0.0036010646625959097
2018-05-24,63630.0,62430.0,64250.0,63440.0,Thursday,False,-0.00314267756128217
2018-05-25,63450.0,63360.0,63670.0,63670.0,Friday,False,0.003625472887768044
2018-05-26,63660.0,63280.0,63970.0,63970.0,Saturday,False,0.004711795193968804
2018-05-27,64020.0,63300.0,64440.0,63630.0,Sunday,False,-0.005314991402219804
2018-05-28,63700.0,62740.0,64480.0,63530.0,Monday,False,-0.0015715857300016012
2018-05-29,63540.0,58650.0,64150.0,62920.0,Tuesday,False,-0.009601762946639392
2018-05-30,62930.0,62890.0,65740.0,64380.0,Wednesday,False,0.02320406865861413
2018-05-31,64370.0,64000.0,64900.0,64640.0,Thursday,False,0.004038521279900564
2018-06-01,64630.0,64620.0,65150.0,65020.0,Friday,False,0.005878712871287162
2018-06-02,65000.0,63830.0,65180.0,63900.0,Saturday,False,-0.017225469086434964
2018-06-03,64470.0,63610.0,64950.0,64390.0,Sunday,False,0.007668231611893672
2018-06-04,64400.0,64090.0,64530.0,64250.0,Monday,False,-0.0021742506600404
2018-06-05,64260.0,64040.0,65460.0,65210.0,Tuesday,False,0.014941634241245172
2018-06-06,65200.0,64710.0,65350.0,65090.0,Wednesday,False,-0.001840208556969758
2018-06-07,65070.0,64770.0,66020.0,65030.0,Thursday,False,-0.0009218005838070864
2018-06-08,65040.0,64390.0,65220.0,64390.0,Friday,False,-0.009841611563893626
2018-06-09,64400.0,64310.0,67350.0,67350.0,Saturday,False,0.04596987109799655
2018-06-10,67570.0,65760.0,68880.0,65760.0,Sunday,False,-0.023608017817371985
2018-06-11,65740.0,65500.0,68660.0,67810.0,Monday,False,0.0311739659367396
2018-06-12,67800.0,67790.0,70910.0,70350.0,Tuesday,False,0.037457602123580624
2018-06-13,70340.0,69780.0,71860.0,70080.0,Wednesday,False,-0.003837953091684443
2018-06-14,70070.0,66600.0,70160.0,67690.0,Thursday,False,-0.034103881278538806
2018-06-15,67680.0,67630.0,68880.0,68670.0,Friday,False,0.014477766287487093
2018-06-16,68650.0,68520.0,69380.0,69320.0,Saturday,False,0.009465559924275446
2018-06-17,68740.0,67940.0,70690.0,70310.0,Sunday,False,0.014281592613964333
2018-06-18,70430.0,69300.0,72760.0,70540.0,Monday,False,0.003271227421419498
2018-06-19,70550.0,70250.0,72720.0,72270.0,Tuesday,False,0.024525092146300054
2018-06-20,72290.0,72260.0,74030.0,74000.0,Wednesday,False,0.023938010239380025
2018-06-21,73980.0,73580.0,75750.0,74910.0,Thursday,False,0.012297297297297227
2018-06-22,73980.0,73580.0,75750.0,74910.0,Friday,True,0.0
2018-06-23,74930.0,74530.0,75360.0,75060.0,Saturday,False,0.002002402883460208
2018-06-24,81000.0,79620.0,90960.0,87050.0,Sunday,False,0.1597388755662137
2018-06-25,87000.0,78760.0,89430.0,81550.0,Monday,False,-0.06318207926479036
2018-06-26,81530.0,78330.0,83640.0,78910.0,Tuesday,False,-0.032372777437155165
2018-06-27,78920.0,77900.0,80290.0,79740.0,Wednesday,False,0.010518312001013719
2018-06-28,79710.0,79630.0,84510.0,82280.0,Thursday,False,0.031853523952846796
2018-06-29,82270.0,81940.0,83310.0,82280.0,Friday,False,0.0
2018-06-30,82300.0,78200.0,85050.0,79750.0,Saturday,False,-0.03074866310160429
2018-07-01,79980.0,79870.0,83670.0,83580.0,Sunday,False,0.04802507836990588
2018-07-02,83650.0,82170.0,85420.0,83310.0,Monday,False,-0.003230437903804728
2018-07-03,83330.0,81390.0,83610.0,81600.0,Tuesday,False,-0.020525747209218625
2018-07-04,81640.0,78850.0,82160.0,80140.0,Wednesday,False,-0.017892156862745145
2018-07-05,80150.0,76250.0,80360.0,78470.0,Thursday,False,-0.02083853256800594
2018-07-06,78460.0,78340.0,81690.0,80370.0,Friday,False,0.02421307506053272
2018-07-07,80390.0,76930.0,80640.0,80190.0,Saturday,False,-0.002239641657334812
2018-07-08,79800.0,78610.0,80870.0,79860.0,Sunday,False,-0.004115226337448541
2018-07-09,79820.0,78630.0,79860.0,79460.0,Monday,False,-0.005008765339343801
2018-07-10,79470.0,77650.0,80090.0,77850.0,Tuesday,False,-0.02026176692675563
2018-07-11,79470.0,77650.0,80090.0,77850.0,Wednesday,True,0.0
2018-07-12,77920.0,77090.0,79210.0,78160.0,Thursday,False,0.003982016698779622
2018-07-13,78170.0,77740.0,78620.0,78220.0,Friday,False,0.0007676560900715668
2018-07-14,78210.0,77770.0,80230.0,79610.0,Saturday,False,0.017770391204295466
2018-07-15,80300.0,80300.0,83120.0,80740.0,Sunday,False,0.014194196708956053
2018-07-16,80780.0,78790.0,81320.0,79190.0,Monday,False,-0.019197423829576454
2018-07-17,79170.0,77650.0,81990.0,81950.0,Tuesday,False,0.03485288546533649
2018-07-18,81940.0,80450.0,83640.0,81340.0,Wednesday,False,-0.007443563148261112
2018-07-19,81360.0,80770.0,84620.0,81960.0,Thursday,False,0.00762232603884927
2018-07-20,81980.0,81240.0,82740.0,81490.0,Friday,False,-0.005734504636408011
2018-07-21,81470.0,81340.0,86500.0,86500.0,Saturday,False,0.06147993618848946
2018-07-22,86250.0,85990.0,90460.0,88970.0,Sunday,False,0.028554913294797757
2018-07-23,88990.0,88730.0,95340.0,93700.0,Monday,False,0.05316398786107679
2018-07-24,93710.0,91130.0,95750.0,94060.0,Tuesday,False,0.0038420490928494644
2018-07-25,94070.0,91450.0,94600.0,91550.0,Wednesday,False,-0.026685094620454985
2018-07-26,91560.0,91340.0,95290.0,93160.0,Thursday,False,0.017586018569087924
2018-07-27,93170.0,93060.0,95530.0,94560.0,Friday,False,0.015027908973808568
2018-07-28,94550.0,92880.0,96940.0,96940.0,Saturday,False,0.025169204737732764
2018-07-29,103780.0,101000.0,118260.0,116500.0,Sunday,False,0.20177429337734676
2018-07-30,116550.0,107810.0,117610.0,114700.0,Monday,False,-0.015450643776824036
2018-07-31,114710.0,95090.0,114890.0,105410.0,Tuesday,False,-0.08099389712292937
2018-08-01,105390.0,101010.0,111930.0,105980.0,Wednesday,False,0.005407456598045757
2018-08-02,105990.0,95600.0,113120.0,112960.0,Thursday,False,0.06586148329873565
2018-08-03,112970.0,102100.0,113370.0,105770.0,Friday,False,-0.0636508498583569
2018-08-04,105760.0,99000.0,113460.0,101480.0,Saturday,False,-0.04055970502032713
2018-08-05,98100.0,98170.0,101660.0,98170.0,Sunday,False,-0.03261726448561297
2018-08-06,98150.0,92450.0,99290.0,95960.0,Monday,False,-0.022511969033309542
2018-08-07,95970.0,82310.0,98050.0,89760.0,Tuesday,False,-0.06461025427261358
2018-08-08,89780.0,89250.0,107860.0,102540.0,Wednesday,False,0.14237967914438499
2018-08-09,102520.0,91740.0,111550.0,103360.0,Thursday,False,0.007996879266627621
2018-08-10,103350.0,103170.0,109670.0,109430.0,Friday,False,0.0587267801857585
2018-08-11,109370.0,100370.0,111550.0,104280.0,Saturday,False,-0.047062048798318545
2018-08-12,103970.0,97470.0,105910.0,100850.0,Sunday,False,-0.032892213271960125
2018-08-13,100880.0,99470.0,106590.0,106260.0,Monday,False,0.05364402578086258
2018-08-14,106260.0,105150.0,110300.0,105550.0,Tuesday,False,-0.006681724073028472
2018-08-15,105540.0,103070.0,107970.0,105030.0,Wednesday,False,-0.004926575082899065
2018-08-16,105040.0,103360.0,107150.0,107090.0,Thursday,False,0.019613443777968254
2018-08-17,107120.0,106610.0,109980.0,107120.0,Friday,False,0.0002801382015127363
2018-08-18,107060.0,102600.0,107080.0,103300.0,Saturday,False,-0.03566094100074679
2018-08-19,102980.0,101960.0,105280.0,103050.0,Sunday,False,-0.002420135527589573
2018-08-20,103160.0,102880.0,105600.0,104140.0,Monday,False,0.010577389616690969
2018-08-21,104150.0,103600.0,107110.0,105840.0,Tuesday,False,0.016324178989821414
2018-08-22,105830.0,105230.0,106070.0,105460.0,Wednesday,False,-0.0035903250188964453
2018-08-23,105470.0,103770.0,106640.0,105090.0,Thursday,False,-0.0035084392186610636
2018-08-24,105080.0,102370.0,105280.0,102790.0,Friday,False,-0.0218860024740698
2018-08-25,102810.0,102720.0,105020.0,104390.0,Saturday,False,0.015565716509388094
2018-08-26,105020.0,104390.0,106440.0,105430.0,Sunday,False,0.00996264009962644
2018-08-27,105310.0,105270.0,108140.0,107150.0,Monday,False,0.016314142084795646
2018-08-28,107140.0,104770.0,110700.0,110610.0,Tuesday,False,0.03229118058796088
2018-08-29,110620.0,106020.0,110680.0,110110.0,Wednesday,False,-0.004520386945122468
2018-08-30,109430.0,109270.0,111050.0,110350.0,Thursday,False,0.0021796385432748533
2018-08-31,110250.0,109420.0,110420.0,109970.0,Friday,False,-0.003443588581785284
2018-09-01,109960.0,107420.0,112320.0,111890.0,Saturday,False,0.017459307083750097
2018-09-02,112060.0,104000.0,121980.0,119770.0,Sunday,False,0.07042631155599244
2018-09-03,112060.0,104000.0,121980.0,119770.0,Monday,True,0.0
2018-09-04,128230.0,127760.0,139610.0,136840.0,Tuesday,False,0.142523169408032
2018-09-05,137140.0,136400.0,150670.0,136890.0,Wednesday,False,0.00036539023677284455
2018-09-06,136430.0,134680.0,144700.0,135110.0,Thursday,False,-0.013003141208269398
2018-09-07,136430.0,134680.0,144700.0,135110.0,Friday,True,0.0
2018-09-08,135260.0,128930.0,137060.0,134470.0,Saturday,False,-0.004736881059877129
2018-09-09,128710.0,120970.0,130320.0,129630.0,Sunday,False,-0.03599315832527705
2018-09-10,129940.0,129550.0,138980.0,138160.0,Monday,False,0.06580266913523114
2018-09-11,138190.0,135190.0,146060.0,135330.0,Tuesday,False,-0.020483497394325423
2018-09-12,135370.0,134170.0,138980.0,137160.0,Wednesday,False,0.01352250055420079
2018-11-15,119000.0,118400.0,119000.0,118400.0,Thursday,False,-0.136774569845436
2018-11-16,119000.0,118400.0,119000.0,118400.0,Friday,True,0.0
2018-11-17,118150.0,118150.0,118200.0,118200.0,Saturday,False,-0.0016891891891891442
2018-11-18,120870.0,120870.0,120870.0,120870.0,Sunday,False,0.022588832487309585
2018-11-19,127220.0,127220.0,127220.0,127220.0,Monday,False,0.052535782245387574
2018-11-20,128400.0,128400.0,128400.0,128400.0,Tuesday,False,0.009275271183776246
2018-11-21,127910.0,127910.0,127910.0,127910.0,Wednesday,False,-0.0038161993769469937
2018-11-22,127710.0,127710.0,127710.0,127710.0,Thursday,False,-0.0015635994058321723
2018-11-23,127710.0,127710.0,127710.0,127710.0,Friday,True,0.0
2018-11-24,127250.0,127250.0,127250.0,127250.0,Saturday,False,-0.0036019105786547767
2018-11-25,127250.0,127250.0,127250.0,127250.0,Sunday,True,0.0
2018-11-26,123350.0,123350.0,123350.0,123350.0,Monday,False,-0.030648330058939077
2018-11-27,123030.0,123030.0,123030.0,123030.0,Tuesday,False,-0.002594244021078218
2018-11-28,121150.0,121150.0,121150.0,121150.0,Wednesday,False,-0.015280825814841914
2018-11-29,112680.0,112450.0,112680.0,112450.0,Thursday,False,-0.07181180354931904
2018-11-30,112680.0,112450.0,112680.0,112450.0,Friday,True,0.0
2018-12-01,112750.0,107620.0,115540.0,113580.0,Saturday,False,0.01004891062694524
2018-12-02,113570.0,113570.0,121100.0,121100.0,Sunday,False,0.0662088395844338
2018-12-03,120240.0,113660.0,120290.0,114300.0,Monday,False,-0.056151940545004164
2018-12-04,114030.0,111710.0,114800.0,113670.0,Tuesday,False,-0.005511811023622082
2018-12-05,113900.0,112690.0,114010.0,113520.0,Wednesday,False,-0.0013196093956189259
2018-12-06,113640.0,109790.0,116480.0,113030.0,Thursday,False,-0.00431642001409438
2018-12-07,113640.0,109790.0,116480.0,113030.0,Friday,True,0.0
2018-12-08,112410.0,112340.0,116940.0,115170.0,Saturday,False,0.018933026630098215
2018-12-09,114870.0,112110.0,114870.0,112410.0,Sunday,False,-0.023964574107840586
2018-12-10,112500.0,107360.0,112540.0,107900.0,Monday,False,-0.04012098567743083
2018-12-11,107840.0,107640.0,108230.0,108190.0,Tuesday,False,0.0026876737720111787
2018-12-12,108230.0,86900.0,109940.0,97100.0,Wednesday,False,-0.10250485257417508
2018-12-13,97900.0,97900.0,101500.0,101300.0,Thursday,False,0.04325437693099898
2018-12-14,97900.0,97900.0,101500.0,101300.0,Friday,True,0.0
2018-12-15,101250.0,101250.0,101850.0,101350.0,Saturday,False,0.000493583415597243
2018-12-16,99900.0,97050.0,99950.0,99500.0,Sunday,False,-0.018253576714356234
2018-12-17,99900.0,99400.0,99900.0,99400.0,Monday,False,-0.0010050251256281673
2018-12-18,99400.0,99400.0,99400.0,99400.0,Tuesday,False,0.0
2018-12-19,101000.0,99900.0,101000.0,99900.0,Wednesday,False,0.005030181086519203
2018-12-20,99800.0,99700.0,99890.0,99700.0,Thursday,False,-0.002002002002001957
2018-12-21,99800.0,99700.0,99890.0,99700.0,Friday,True,0.0
2018-12-22,99900.0,99900.0,99900.0,99900.0,Saturday,False,0.0020060180541625616
2018-12-23,99900.0,99900.0,99900.0,99900.0,Sunday,True,0.0
2018-12-24,101000.0,101000.0,101000.0,101000.0,Monday,False,0.011011011011011096
2018-12-25,103950.0,103950.0,105000.0,105000.0,Tuesday,False,0.03960396039603964
2018-12-26,109000.0,109000.0,118000.0,112000.0,Wednesday,False,0.06666666666666665
2018-12-27,111900.0,107500.0,111900.0,107500.0,Thursday,False,-0.0401785714285714
2018-12-28,111900.0,107500.0,111900.0,107500.0,Friday,True,0.0
2018-12-29,105000.0,102800.0,105000.0,103000.0,Saturday,False,-0.041860465116279055
2018-12-30,106000.0,105500.0,108000.0,107000.0,Sunday,False,0.03883495145631066
2018-12-31,108000.0,107900.0,108000.0,108000.0,Monday,False,0.009345794392523255
2019-01-01,107000.0,105000.0,107000.0,105000.0,Tuesday,False,-0.02777777777777779
2019-01-02,104900.0,104200.0,105000.0,104500.0,Wednesday,False,-0.004761904761904745
2019-01-03,106000.0,105800.0,106000.0,106000.0,Thursday,False,0.014354066985645897
2019-01-04,106000.0,105800.0,106000.0,106000.0,Friday,True,0.0
2019-01-05,105950.0,105500.0,106000.0,105900.0,Saturday,False,-0.0009433962264151496
2019-01-06,105450.0,104900.0,105600.0,105500.0,Sunday,False,-0.0037771482530689626
2019-01-07,107000.0,106900.0,107100.0,107000.0,Monday,False,0.014218009478673022
2019-01-08,109000.0,108700.0,109000.0,109000.0,Tuesday,False,0.01869158878504673
2019-01-09,108800.0,108600.0,109050.0,108800.0,Wednesday,False,-0.0018348623853210455
2019-01-10,108900.0,108850.0,108900.0,108900.0,Thursday,False,0.0009191176470588758
2019-01-11,108900.0,108850.0,108900.0,108900.0,Friday,True,0.0
2019-01-12,111000.0,110850.0,113500.0,113000.0,Saturday,False,0.037649219467401185
2019-01-13,116000.0,114000.0,118000.0,114000.0,Sunday,False,0.008849557522123908
2019-01-14,116000.0,114000.0,118000.0,114000.0,Monday,True,0.0
2019-01-15,112500.0,112300.0,112650.0,112500.0,Tuesday,False,-0.013157894736842146
2019-01-16,114500.0,114350.0,114600.0,114500.0,Wednesday,False,0.01777777777777767
2019-01-17,115900.0,115900.0,115900.0,115900.0,Thursday,False,0.012227074235807933
2019-01-18,115900.0,115900.0,115900.0,115900.0,Friday,True,0.0
2019-01-19,114500.0,114300.0,114550.0,114500.0,Saturday,False,-0.012079378774805916
2019-01-20,114400.0,114300.0,114500.0,114500.0,Sunday,False,0.0
2019-01-21,116500.0,116300.0,116500.0,116300.0,Monday,False,0.015720524017467152
2019-01-22,116500.0,116250.0,116500.0,116500.0,Tuesday,False,0.0017196904557179593
2019-01-23,115400.0,115200.0,115450.0,115400.0,Wednesday,False,-0.009442060085836923
2019-01-24,115100.0,115000.0,115100.0,115000.0,Thursday,False,-0.0034662045060658286
2019-01-25,115100.0,115000.0,115100.0,115000.0,Friday,True,0.0
2019-01-26,115100.0,115100.0,118500.0,116500.0,Saturday,False,0.01304347826086949
2019-01-27,117900.0,117750.0,117950.0,117900.0,Sunday,False,0.012017167381974225
2019-01-28,118500.0,117800.0,118500.0,118000.0,Monday,False,0.0008481764206955678
2019-01-29,118900.0,117900.0,118900.0,118300.0,Tuesday,False,0.0025423728813558366
2019-01-30,119500.0,119300.0,119600.0,119450.0,Wednesday,False,0.009721048182586678
2019-01-31,119000.0,118350.0,119000.0,118500.0,Thursday,False,-0.007953118459606556
2019-02-01,119000.0,118350.0,119000.0,118500.0,Friday,True,0.0
2019-02-02,115500.0,112700.0,115500.0,113000.0,Saturday,False,-0.04641350210970463
2019-02-03,110000.0,109700.0,110000.0,110000.0,Sunday,False,-0.026548672566371723
2019-02-04,114500.0,114400.0,116550.0,116500.0,Monday,False,0.05909090909090908
2019-02-05,118500.0,117300.0,118600.0,117500.0,Tuesday,False,0.008583690987124415
2019-02-06,118500.0,118200.0,118600.0,118500.0,Wednesday,False,0.008510638297872353
2019-02-07,116500.0,116450.0,116600.0,116450.0,Thursday,False,-0.017299578059071785
2019-02-08,116500.0,116450.0,116600.0,116450.0,Friday,True,0.0
2019-02-09,116500.0,116450.0,116600.0,116450.0,Saturday,True,0.0
2019-02-10,116500.0,116500.0,117200.0,117100.0,Sunday,False,0.005581794761700287
2019-02-11,116500.0,116500.0,117200.0,117100.0,Monday,True,0.0
2019-02-12,118000.0,118000.0,119000.0,119000.0,Tuesday,False,0.016225448334756587
2019-02-13,119300.0,119100.0,119300.0,119300.0,Wednesday,False,0.0025210084033613356
2019-02-14,118500.0,118300.0,118500.0,118500.0,Thursday,False,-0.0067057837384744134
2019-02-15,118500.0,118300.0,118500.0,118500.0,Friday,True,0.0
2019-02-16,118400.0,118300.0,123000.0,121000.0,Saturday,False,0.021097046413502074
2019-02-17,122500.0,122550.0,123600.0,123500.0,Sunday,False,0.02066115702479343
2019-02-18,123600.0,123600.0,129000.0,129000.0,Monday,False,0.044534412955465674
2019-02-19,128000.0,127800.0,128000.0,128000.0,Tuesday,False,-0.007751937984496138
2019-02-20,129900.0,122800.0,129900.0,129700.0,Wednesday,False,0.013281249999999911
2019-02-21,129600.0,129600.0,129700.0,129700.0,Thursday,False,0.0
2019-02-22,129600.0,129600.0,129700.0,129700.0,Friday,True,0.0
2019-02-23,125000.0,125000.0,125000.0,125000.0,Saturday,False,-0.03623747108712416
2019-02-24,136500.0,136500.0,136500.0,136500.0,Sunday,False,0.09200000000000008
2019-02-25,135500.0,134500.0,135500.0,134500.0,Monday,False,-0.0146520146520146
2019-02-26,133500.0,133000.0,133500.0,133000.0,Tuesday,False,-0.01115241635687736
2019-02-27,132500.0,132500.0,132800.0,132500.0,Wednesday,False,-0.003759398496240629
2019-02-28,132000.0,132000.0,132000.0,132000.0,Thursday,False,-0.0037735849056603765
2019-03-01,132000.0,132000.0,132000.0,132000.0,Friday,True,0.0
2019-03-02,134500.0,134400.0,134500.0,134500.0,Saturday,False,0.018939393939394034
2019-03-03,133000.0,129800.0,133000.0,129860.0,Sunday,False,-0.034498141263940574
2019-03-04,130040.0,126850.0,130040.0,127070.0,Monday,False,-0.021484675804712805
2019-03-05,126020.0,125850.0,126100.0,125980.0,Tuesday,False,-0.008577949161879261
2019-03-06,125950.0,125900.0,132550.0,131540.0,Wednesday,False,0.04413398952214642
2019-03-07,131560.0,130360.0,131570.0,130370.0,Thursday,False,-0.008894632811312198
2019-03-08,131560.0,130360.0,131570.0,130370.0,Friday,True,0.0
2019-03-09,131890.0,131360.0,132070.0,131510.0,Saturday,False,0.00874434302370175
2019-03-10,131460.0,130360.0,131570.0,130420.0,Sunday,False,-0.00828834309178006
2019-03-11,129440.0,128930.0,129550.0,129050.0,Monday,False,-0.01050452384603584
2019-03-12,128970.0,128430.0,129050.0,128470.0,Tuesday,False,-0.004494382022471877
2019-03-13,128490.0,128430.0,128550.0,128550.0,Wednesday,False,0.0006227134739626994
2019-03-14,132040.0,130930.0,132050.0,131020.0,Thursday,False,0.019214313496694002
2019-03-15,132040.0,130930.0,132050.0,131020.0,Friday,True,0.0
2019-03-16,130840.0,129800.0,139560.0,129850.0,Saturday,False,-0.00892993436116618
2019-03-17,129930.0,128800.0,129960.0,128830.0,Sunday,False,-0.00785521755872165
2019-03-18,128920.0,128800.0,128960.0,128890.0,Monday,False,0.0004657300318249291
2019-03-19,128950.0,128800.0,128960.0,128940.0,Tuesday,False,0.00038792769027851115
2019-03-20,128950.0,128800.0,128960.0,128940.0,Wednesday,True,0.0
2019-03-21,128950.0,128800.0,128960.0,128940.0,Thursday,True,0.0
2019-03-22,128950.0,128800.0,128960.0,128940.0,Friday,True,0.0
2019-03-23,128950.0,128800.0,128960.0,128940.0,Saturday,True,0.0
2019-03-24,128950.0,128800.0,128960.0,128940.0,Sunday,True,0.0
2019-03-25,129550.0,129410.0,129560.0,129520.0,Monday,False,0.00449821622460056
2019-03-26,129490.0,129400.0,129560.0,129510.0,Tuesday,False,-7.72081531810187e-05
2019-03-27,129560.0,129400.0,129560.0,129420.0,Wednesday,False,-0.0006949270326616075
2019-03-28,129540.0,129380.0,133600.0,131890.0,Thursday,False,0.019085149126873757
2019-03-29,129540.0,129380.0,133600.0,131890.0,Friday,True,0.0
2019-03-30,131980.0,131880.0,132100.0,132000.0,Saturday,False,0.0008340283569641116
2019-03-31,131940.0,131890.0,132000.0,132000.0,Sunday,False,0.0
2019-04-01,131940.0,131890.0,132000.0,132000.0,Monday,True,0.0
2019-04-02,131940.0,131890.0,132000.0,132000.0,Tuesday,True,0.0
2019-04-03,131940.0,131890.0,132000.0,132000.0,Wednesday,True,0.0
2019-04-04,131890.0,131890.0,132000.0,132000.0,Thursday,False,0.0
2019-04-05,131890.0,131890.0,132000.0,132000.0,Friday,True,0.0
2019-04-06,131980.0,131890.0,132000.0,131900.0,Saturday,False,-0.0007575757575757347
2019-04-07,131930.0,131890.0,138010.0,133910.0,Sunday,False,0.015238817285822659
2019-04-08,133900.0,133890.0,136900.0,136900.0,Monday,False,0.02232842954222991
2019-04-09,136870.0,136790.0,141800.0,141750.0,Tuesday,False,0.03542731921110298
2019-04-10,141760.0,137390.0,141800.0,137500.0,Wednesday,False,-0.029982363315696703
2019-04-11,137380.0,137290.0,137400.0,137310.0,Thursday,False,-0.0013818181818181507
2019-04-12,137380.0,137290.0,137400.0,137310.0,Friday,True,0.0
2019-04-13,137400.0,129790.0,137400.0,136000.0,Saturday,False,-0.009540455902701916
2019-04-14,135900.0,134390.0,136000.0,134500.0,Sunday,False,-0.011029411764705843
2019-04-15,134450.0,134390.0,136900.0,136900.0,Monday,False,0.01784386617100364
2019-04-16,136870.0,134040.0,136900.0,135430.0,Tuesday,False,-0.010737764791818871
2019-04-17,135480.0,133890.0,135500.0,134010.0,Wednesday,False,-0.010485121464963498
2019-04-18,133990.0,133900.0,134950.0,134790.0,Thursday,False,0.005820461159614876
2019-04-19,133990.0,133900.0,134950.0,134790.0,Friday,True,0.0
2019-04-20,134870.0,134650.0,135600.0,135460.0,Saturday,False,0.0049706951554269185
2019-04-21,134870.0,134650.0,135600.0,135460.0,Sunday,True,0.0
2019-04-22,135590.0,135350.0,137600.0,137600.0,Monday,False,0.015798021556179043
2019-04-23,137440.0,137350.0,139100.0,137920.0,Tuesday,False,0.0023255813953488857
2019-04-24,137930.0,137850.0,138100.0,137990.0,Wednesday,False,0.0005075406032482022
2019-04-25,137970.0,137850.0,138800.0,138120.0,Thursday,False,0.0009420972534242011
2019-04-26,137970.0,137850.0,138800.0,138120.0,Friday,True,0.0
2019-04-27,138140.0,138050.0,138900.0,138460.0,Saturday,False,0.0024616275702287194
2019-04-28,138580.0,138350.0,141600.0,141470.0,Sunday,False,0.021739130434782705
2019-04-29,141540.0,141350.0,142000.0,141510.0,Monday,False,0.00028274545840112353
2019-04-30,141550.0,140350.0,141600.0,140520.0,Tuesday,False,-0.0069959720161119066
2019-05-01,140530.0,140350.0,142550.0,142500.0,Wednesday,False,0.014090520922288574
2019-05-02,142530.0,142340.0,142550.0,142410.0,Thursday,False,-0.0006315789473684275
2019-05-03,142530.0,142340.0,142550.0,142410.0,Friday,True,0.0
2019-05-04,142500.0,142340.0,145000.0,144960.0,Saturday,False,0.01790604592374123
2019-05-05,144930.0,144840.0,149000.0,147450.0,Sunday,False,0.01717715231788075
2019-05-06,147500.0,146360.0,147500.0,147000.0,Monday,False,-0.003051881993896277
2019-05-07,146950.0,146840.0,149500.0,149480.0,Tuesday,False,0.016870748299319782
2019-05-08,149360.0,149360.0,149900.0,149900.0,Wednesday,False,0.0028097404335027942
2019-05-09,149840.0,149740.0,153500.0,153500.0,Thursday,False,0.024016010673782562
2019-05-10,149840.0,149740.0,153500.0,153500.0,Friday,True,0.0
2019-05-11,153400.0,149340.0,153500.0,149500.0,Saturday,False,-0.026058631921824116
2019-05-12,149390.0,146340.0,149500.0,146500.0,Sunday,False,-0.02006688963210701
2019-05-13,146430.0,146340.0,148500.0,148360.0,Monday,False,0.01269624573378847
2019-05-14,148500.0,148340.0,148500.0,148500.0,Tuesday,False,0.0009436505796711625
2019-05-15,148440.0,148340.0,149000.0,148430.0,Wednesday,False,-0.0004713804713805114
2019-05-16,148500.0,146340.0,148500.0,146470.0,Thursday,False,-0.013204877720137453
2019-05-17,148500.0,146340.0,148500.0,146470.0,Friday,True,0.0
2019-05-18,146410.0,145340.0,146500.0,145500.0,Saturday,False,-0.0066225165562914245
2019-05-19,145350.0,144840.0,146500.0,145000.0,Sunday,False,-0.0034364261168384758
2019-05-20,144980.0,137340.0,145000.0,137500.0,Monday,False,-0.051724137931034475
2019-05-21,137460.0,137340.0,137500.0,137470.0,Tuesday,False,-0.00021818181818178406
2019-05-22,137500.0,137350.0,139500.0,139500.0,Wednesday,False,0.014766858223612456
2019-05-23,139370.0,139340.0,140500.0,140460.0,Thursday,False,0.006881720430107485
2019-05-24,139370.0,139340.0,140500.0,140460.0,Friday,True,0.0
2019-05-25,140340.0,139540.0,140500.0,139570.0,Saturday,False,-0.00633632350847213
2019-05-26,139700.0,138340.0,139700.0,138500.0,Sunday,False,-0.007666403955004619
2019-05-27,139700.0,138340.0,139700.0,138500.0,Monday,True,0.0
2019-05-28,138000.0,137340.0,138000.0,137500.0,Tuesday,False,-0.0072202166064981865
2019-05-29,137360.0,132340.0,137500.0,134000.0,Wednesday,False,-0.025454545454545507
2019-05-30,133970.0,133840.0,135500.0,135370.0,Thursday,False,0.010223880597014956
2019-05-31,133970.0,133840.0,135500.0,135370.0,Friday,True,0.0
2019-06-01,135500.0,135340.0,135500.0,135500.0,Saturday,False,0.0009603309448178443
2019-06-02,135470.0,132370.0,135500.0,132390.0,Sunday,False,-0.02295202952029518
2019-06-03,132500.0,130870.0,132540.0,130980.0,Monday,False,-0.010650351234987587
2019-06-04,132500.0,130870.0,132540.0,130980.0,Tuesday,True,0.0
2019-06-05,132500.0,130870.0,132540.0,130980.0,Wednesday,True,0.0
2019-06-06,132500.0,130870.0,132540.0,130980.0,Thursday,True,0.0
2019-06-07,132500.0,130870.0,132540.0,130980.0,Friday,True,0.0
2019-06-08,131870.0,130850.0,132040.0,130900.0,Saturday,False,-0.0006107802717971733
2019-06-09,130910.0,126890.0,131020.0,126970.0,Sunday,False,-0.03002291825821235
2019-06-10,127000.0,127000.0,128640.0,128450.0,Monday,False,0.01165629676301494
2019-06-11,130860.0,12850.0,131040.0,128880.0,Tuesday,False,0.0033476060724018097
2019-06-12,129000.0,128840.0,129000.0,129000.0,Wednesday,False,0.0009310986964619072
2019-06-13,129000.0,128840.0,129000.0,129000.0,Thursday,True,0.0
2019-06-14,129000.0,128840.0,129000.0,129000.0,Friday,True,0.0
2019-06-15,129500.0,129340.0,129500.0,129360.0,Saturday,False,0.0027906976744185297
2019-06-16,129350.0,129340.0,135000.0,134940.0,Sunday,False,0.04313543599257885
2019-06-17,134980.0,133340.0,135050.0,133360.0,Monday,False,-0.011708907662664858
2019-06-18,133390.0,131840.0,133550.0,132020.0,Tuesday,False,-0.010047990401919615
2019-06-19,131850.0,130840.0,132050.0,130950.0,Wednesday,False,-0.008104832601121048
2019-06-20,132000.0,130890.0,132000.0,132000.0,Thursday,False,0.008018327605956443
2019-06-21,132000.0,130890.0,132000.0,132000.0,Friday,True,0.0
2019-06-22,131980.0,129890.0,132000.0,130000.0,Saturday,False,-0.015151515151515138
2019-06-23,129970.0,129890.0,130000.0,130000.0,Sunday,False,0.0
2019-06-24,129910.0,129890.0,132000.0,131890.0,Monday,False,0.014538461538461611
2019-06-25,131930.0,130400.0,132000.0,131000.0,Tuesday,False,-0.006748047615437125
2019-06-26,129500.0,129390.0,129500.0,129400.0,Wednesday,False,-0.012213740458015265
2019-06-27,129420.0,129390.0,129500.0,129500.0,Thursday,False,0.0007727975270479526
2019-06-28,129420.0,129390.0,129500.0,129500.0,Friday,True,0.0
2019-06-29,129420.0,129390.0,129500.0,129500.0,Saturday,True,0.0
2019-06-30,129450.0,128390.0,129550.0,128500.0,Sunday,False,-0.007722007722007707
2019-07-01,128440.0,126890.0,128500.0,127000.0,Monday,False,-0.011673151750972721
2019-07-02,126960.0,126890.0,128000.0,128000.0,Tuesday,False,0.007874015748031482
2019-07-03,127940.0,127390.0,128000.0,127450.0,Wednesday,False,-0.004296874999999978
2019-07-04,127500.0,127390.0,127500.0,127500.0,Thursday,False,0.0003923107100822776
2019-07-05,127500.0,127390.0,127500.0,127500.0,Friday,True,0.0
2019-07-06,127430.0,127390.0,129500.0,129400.0,Saturday,False,0.014901960784313717
2019-07-07,129440.0,128890.0,130000.0,128980.0,Sunday,False,-0.0032457496136012454
2019-07-08,129000.0,127890.0,129000.0,127910.0,Monday,False,-0.008295859823228446
2019-07-09,128000.0,127390.0,128000.0,127430.0,Tuesday,False,-0.0037526385739973245
2019-07-10,127480.0,127390.0,127500.0,127480.0,Wednesday,False,0.0003923722828218512
2019-07-11,127420.0,127390.0,127500.0,127460.0,Thursday,False,-0.00015688735487917604
2019-07-12,127420.0,127390.0,127500.0,127460.0,Friday,True,0.0
2019-07-13,126940.0,125890.0,127000.0,126000.0,Saturday,False,-0.011454573983994965
2019-07-14,125910.0,124890.0,126000.0,125000.0,Sunday,False,-0.007936507936507908
2019-07-15,124890.0,120890.0,125000.0,121000.0,Monday,False,-0.03200000000000003
2019-07-16,120900.0,118890.0,121000.0,118890.0,Tuesday,False,-0.017438016528925626
2019-07-17,119000.0,111890.0,119000.0,113890.0,Wednesday,False,-0.04205568172260077
2019-07-18,114890.0,114890.0,115000.0,115000.0,Thursday,False,0.009746246378084189
2019-07-19,114890.0,114890.0,115000.0,115000.0,Friday,True,0.0
2019-07-20,114900.0,114890.0,117000.0,116480.0,Saturday,False,0.012869565217391354
2019-07-21,116500.0,116390.0,119000.0,118970.0,Sunday,False,0.021377060439560447
2019-07-22,118950.0,118890.0,119000.0,119000.0,Monday,False,0.00025216441119613187
2019-07-23,119980.0,119890.0,123000.0,123000.0,Tuesday,False,0.03361344537815136
2019-07-24,122890.0,121890.0,124000.0,121930.0,Wednesday,False,-0.00869918699186989
2019-07-25,120000.0,119390.0,120000.0,119500.0,Thursday,False,-0.019929467727384576
2019-07-26,120000.0,119390.0,120000.0,119500.0,Friday,True,0.0
2019-07-27,119470.0,119390.0,121000.0,120940.0,Saturday,False,0.012050209205020979
2019-07-28,120930.0,120890.0,122000.0,121500.0,Sunday,False,0.004630395237307683
2019-07-29,121390.0,120390.0,121500.0,120420.0,Monday,False,-0.008888888888888835
2019-07-30,120480.0,120390.0,120500.0,120500.0,Tuesday,False,0.0006643414715163942
2019-07-31,120400.0,119390.0,120500.0,119430.0,Wednesday,False,-0.008879668049792566
2019-08-01,119000.0,118890.0,119000.0,119000.0,Thursday,False,-0.003600435401490465
2019-08-02,119000.0,118890.0,119000.0,119000.0,Friday,True,0.0
2019-08-03,118910.0,118890.0,120000.0,119910.0,Saturday,False,0.00764705882352934
2019-08-04,119500.0,118890.0,119500.0,119000.0,Sunday,False,-0.007589025102159974
2019-08-05,118910.0,118890.0,119000.0,118910.0,Monday,False,-0.0007563025210084451
2019-08-06,119000.0,118890.0,119500.0,119420.0,Tuesday,False,0.00428895803548901
2019-08-07,119460.0,118890.0,119500.0,118940.0,Wednesday,False,-0.004019427231619521
2019-08-08,118430.0,118390.0,118500.0,118400.0,Thursday,False,-0.004540104254245891
2019-08-09,118430.0,118390.0,118500.0,118400.0,Friday,True,0.0
2019-08-10,118480.0,117890.0,118500.0,118000.0,Saturday,False,-0.0033783783783783994
2019-08-11,117920.0,116890.0,118000.0,117000.0,Sunday,False,-0.008474576271186418
2019-08-12,116910.0,116890.0,117000.0,117000.0,Monday,False,0.0
2019-08-13,116940.0,116890.0,117000.0,116910.0,Tuesday,False,-0.0007692307692307443
2019-08-14,116940.0,116890.0,117000.0,117000.0,Wednesday,False,0.0007698229407235857
2019-08-15,116930.0,116890.0,117000.0,117000.0,Thursday,False,0.0
2019-08-16,116930.0,116890.0,117000.0,117000.0,Friday,True,0.0
2019-08-17,116970.0,116890.0,117000.0,117000.0,Saturday,False,0.0
2019-08-18,116920.0,116890.0,117500.0,117420.0,Sunday,False,0.0035897435897436214
2019-08-19,117500.0,116890.0,117500.0,116960.0,Monday,False,-0.003917560892522598
2019-08-20,117500.0,116890.0,117500.0,116960.0,Tuesday,True,0.0
2019-08-21,117000.0,116390.0,117000.0,116420.0,Wednesday,False,-0.004616963064295487
2019-08-22,116500.0,115890.0,116500.0,116000.0,Thursday,False,-0.0036076275554028925
2019-08-23,116500.0,115890.0,116500.0,116000.0,Friday,True,0.0
2019-08-24,116430.0,115890.0,116500.0,115900.0,Saturday,False,-0.0008620689655172153
2019-08-25,116000.0,114390.0,116000.0,114500.0,Sunday,False,-0.012079378774805916
2019-08-26,114420.0,111890.0,114500.0,111920.0,Monday,False,-0.02253275109170305
2019-08-27,111980.0,109890.0,112000.0,111000.0,Tuesday,False,-0.008220157255182325
2019-08-28,110980.0,110900.0,112000.0,111950.0,Wednesday,False,0.008558558558558582
2019-08-29,111890.0,111890.0,112000.0,112000.0,Thursday,False,0.0004466279589101507
2019-08-30,111890.0,111890.0,112000.0,112000.0,Friday,True,0.0
2019-08-31,111940.0,111890.0,113500.0,113470.0,Saturday,False,0.013125000000000053
2019-09-01,113420.0,113390.0,114500.0,114000.0,Sunday,False,0.004670838106988651
2019-09-02,113920.0,112390.0,114000.0,112480.0,Monday,False,-0.013333333333333308
2019-09-03,113930.0,113890.0,114000.0,114000.0,Tuesday,False,0.013513513513513598
2019-09-04,113960.0,113390.0,113960.0,113420.0,Wednesday,False,-0.0050877192982455854
2019-09-05,114000.0,113890.0,114000.0,114000.0,Thursday,False,0.005113736554399617
2019-09-06,114000.0,113890.0,114000.0,114000.0,Friday,True,0.0
2019-09-07,113960.0,113890.0,114000.0,113890.0,Saturday,False,-0.0009649122807017241
2019-09-08,113960.0,113890.0,116000.0,116000.0,Sunday,False,0.01852664852050223
2019-09-09,113960.0,113890.0,116000.0,116000.0,Monday,True,0.0
2019-09-10,113960.0,113890.0,116000.0,116000.0,Tuesday,True,0.0
2019-09-11,115900.0,115890.0,116140.0,115970.0,Wednesday,False,-0.000258620689655209
2019-09-12,115000.0,114440.0,115000.0,114440.0,Thursday,False,-0.013193067172544648
2019-09-13,115000.0,114440.0,115000.0,114440.0,Friday,True,0.0
2019-09-14,114450.0,113940.0,114500.0,114000.0,Saturday,False,-0.00384480950716537
2019-09-15,113960.0,112890.0,114000.0,112980.0,Sunday,False,-0.008947368421052593
2019-09-16,113500.0,113390.0,113500.0,113500.0,Monday,False,0.004602584528235143
2019-09-17,113450.0,113000.0,114500.0,114000.0,Tuesday,False,0.004405286343612369
2019-09-18,113910.0,113890.0,114000.0,114000.0,Wednesday,False,0.0
2019-09-19,114500.0,114390.0,114500.0,114500.0,Thursday,False,0.004385964912280604
2019-09-20,114500.0,114390.0,114500.0,114500.0,Friday,True,0.0
2019-09-21,114410.0,114390.0,114500.0,114500.0,Saturday,False,0.0
2019-09-22,114390.0,113890.0,114500.0,113940.0,Sunday,False,-0.0048908296943231955
2019-09-23,114000.0,113390.0,114000.0,113460.0,Monday,False,-0.004212743549236397
2019-09-24,113500.0,113390.0,113500.0,113500.0,Tuesday,False,0.0003525471531817814
2019-09-25,113460.0,113390.0,113500.0,113470.0,Wednesday,False,-0.0002643171806167022
2019-09-26,113480.0,113390.0,113500.0,113500.0,Thursday,False,0.0002643870626597433
2019-09-27,113480.0,113390.0,113500.0,113500.0,Friday,True,0.0
2019-09-28,113400.0,113390.0,114500.0,114500.0,Saturday,False,0.008810572687224738
2019-09-29,114390.0,114390.0,114500.0,114500.0,Sunday,False,0.0
2019-09-30,115000.0,114890.0,115000.0,115000.0,Monday,False,0.004366812227074135
2019-10-01,114960.0,114390.0,115000.0,114410.0,Tuesday,False,-0.005130434782608662
2019-10-02,114500.0,113890.0,114500.0,114000.0,Wednesday,False,-0.003583602831920274
2019-10-03,114460.0,114390.0,114500.0,114430.0,Thursday,False,0.0037719298245613153
2019-10-04,114460.0,114390.0,114500.0,114430.0,Friday,True,0.0
2019-10-05,114500.0,114390.0,114500.0,114450.0,Saturday,False,0.00017477934108178772
2019-10-06,114500.0,113890.0,114500.0,113970.0,Sunday,False,-0.004193971166448263
2019-10-07,114000.0,113890.0,114000.0,114000.0,Monday,False,0.00026322716504334487
2019-10-08,113910.0,113890.0,114000.0,113930.0,Tuesday,False,-0.000614035087719289
2019-10-09,113940.0,113890.0,114090.0,113950.0,Wednesday,False,0.0001755463881329966
2019-10-10,113980.0,113890.0,114090.0,114020.0,Thursday,False,0.0006143045195261543
2019-10-11,113980.0,113890.0,114090.0,114020.0,Friday,True,0.0
2019-10-12,114040.0,113890.0,114090.0,114070.0,Saturday,False,0.0004385195579723611
2019-10-13,113970.0,113890.0,114090.0,114000.0,Sunday,False,-0.0006136582800034818
2019-10-14,113980.0,113390.0,114040.0,113500.0,Monday,False,-0.004385964912280715
2019-10-15,113530.0,113390.0,113540.0,113530.0,Tuesday,False,0.0002643171806167022
2019-10-16,113520.0,113390.0,114040.0,113960.0,Wednesday,False,0.0037875451422531015
2019-10-17,113900.0,113890.0,114040.0,114020.0,Thursday,False,0.0005265005265004952
2019-10-18,113900.0,113890.0,114040.0,114020.0,Friday,True,0.0
2019-10-19,113900.0,113890.0,114040.0,114020.0,Saturday,True,0.0
2019-10-20,113930.0,113890.0,114040.0,113890.0,Sunday,False,-0.001140150850727939
2019-10-21,113960.0,113390.0,114040.0,113540.0,Monday,False,-0.003073140749846326
2019-10-22,113400.0,112590.0,113540.0,112600.0,Tuesday,False,-0.008279020609476828
2019-10-23,113110.0,111590.0,113530.0,112550.0,Wednesday,False,-0.000444049733570151
2019-10-24,112050.0,111880.0,112050.0,112050.0,Thursday,False,-0.004442470013327426
2019-10-25,112050.0,111880.0,112050.0,112050.0,Friday,True,0.0
2019-10-26,112030.0,111380.0,112050.0,111380.0,Saturday,False,-0.005979473449353012
2019-10-27,112030.0,111380.0,112050.0,111380.0,Sunday,True,0.0
2019-10-28,111470.0,111380.0,111550.0,111410.0,Monday,False,0.00026934817741075534
2019-10-29,111470.0,111380.0,111550.0,111410.0,Tuesday,True,0.0
2019-10-30,111520.0,111380.0,111550.0,111460.0,Wednesday,False,0.00044879274750919684
2019-10-31,111520.0,111380.0,111550.0,111520.0,Thursday,False,0.0005383097075184473
2019-11-01,111520.0,111380.0,111550.0,111520.0,Friday,True,0.0
2019-11-02,111440.0,111380.0,112550.0,112440.0,Saturday,False,0.008249641319942658
2019-11-03,112520.0,112380.0,112550.0,112520.0,Sunday,False,0.0007114905727498844
2019-11-04,112540.0,112380.0,113050.0,113030.0,Monday,False,0.0045325275506575835
2019-11-05,112900.0,112880.0,113050.0,112900.0,Tuesday,False,-0.0011501371317349518
2019-11-06,112900.0,112880.0,113050.0,112900.0,Wednesday,True,0.0
2019-11-07,113490.0,113380.0,113550.0,113380.0,Thursday,False,0.004251550044287011
2019-11-08,113490.0,113380.0,113550.0,113380.0,Friday,True,0.0
2019-11-09,113470.0,113380.0,113550.0,113530.0,Saturday,False,0.0013229846533779899
2019-11-10,113520.0,113380.0,113550.0,113510.0,Sunday,False,-0.00017616489033733806
2019-11-11,113540.0,113540.0,114050.0,113980.0,Monday,False,0.004140604352039556
2019-11-12,114030.0,113880.0,114550.0,114380.0,Tuesday,False,0.003509387611861703
2019-11-13,114530.0,114380.0,114550.0,114480.0,Wednesday,False,0.0008742787200559654
2019-11-14,114940.0,114880.0,115050.0,114970.0,Thursday,False,0.004280223619846257
2019-11-15,114940.0,114880.0,115050.0,114970.0,Friday,True,0.0
2019-11-16,114920.0,114920.0,119050.0,119020.0,Saturday,False,0.03522658084717745
2019-11-17,118980.0,118880.0,119050.0,119030.0,Sunday,False,8.401949252223595e-05
2019-11-18,118900.0,118880.0,123500.0,121500.0,Monday,False,0.020751071158531476
2019-11-19,120940.0,119380.0,121050.0,119410.0,Tuesday,False,-0.017201646090534983
2019-11-20,119490.0,118880.0,119550.0,118920.0,Wednesday,False,-0.004103508918851029
2019-11-21,118500.0,117880.0,118550.0,117940.0,Thursday,False,-0.008240834174234823
2019-11-22,118500.0,117880.0,118550.0,117940.0,Friday,True,0.0
2019-11-23,118050.0,117880.0,118050.0,117960.0,Saturday,False,0.00016957775139903042
2019-11-24,118050.0,117880.0,119050.0,118960.0,Sunday,False,0.008477449983045116
2019-11-25,119030.0,118880.0,120550.0,120530.0,Monday,False,0.013197713517148602
2019-11-26,120520.0,120520.0,123550.0,123510.0,Tuesday,False,0.024724135070107067
2019-11-27,122510.0,122380.0,122550.0,122460.0,Wednesday,False,-0.008501335924216646
2019-11-28,123930.0,123890.0,124070.0,124020.0,Thursday,False,0.01273885350318471
2019-11-29,123930.0,123890.0,124070.0,124020.0,Friday,True,0.0
2019-11-30,123960.0,123900.0,125570.0,125480.0,Saturday,False,0.011772294791162707
2019-12-01,125570.0,123900.0,125570.0,123920.0,Sunday,False,-0.012432260121134853
2019-12-02,125460.0,125400.0,125570.0,125410.0,Monday,False,0.012023886378308646
2019-12-03,124950.0,124900.0,125070.0,124970.0,Tuesday,False,-0.0035084921457618767
2019-12-04,124930.0,124900.0,127070.0,126940.0,Wednesday,False,0.015763783307993995
2019-12-05,126910.0,126900.0,127050.0,127010.0,Thursday,False,0.0005514416259650989
2019-12-06,126910.0,126900.0,127050.0,127010.0,Friday,True,0.0
2019-12-07,127040.0,126900.0,129050.0,128940.0,Saturday,False,0.01519565388552091
2019-12-08,130510.0,128400.0,130550.0,129430.0,Sunday,False,0.003800217155266017
2019-12-09,129540.0,129400.0,135550.0,135530.0,Monday,False,0.047129722629993154
2019-12-10,135510.0,135400.0,139050.0,138480.0,Tuesday,False,0.021766398583339397
2019-12-11,133940.0,130900.0,134050.0,131040.0,Wednesday,False,-0.05372616984402079
2019-12-12,129480.0,128900.0,129550.0,129010.0,Thursday,False,-0.015491452991452936
2019-12-13,129480.0,128900.0,129550.0,129010.0,Friday,True,0.0
2019-12-14,128540.0,126940.0,128570.0,126970.0,Saturday,False,-0.01581272769552744
2019-12-15,126940.0,125440.0,127070.0,125520.0,Sunday,False,-0.011420020477278081
2019-12-16,125470.0,125440.0,128070.0,126960.0,Monday,False,0.011472275334607929
2019-12-17,126980.0,126940.0,128070.0,127980.0,Tuesday,False,0.008034026465028266
2019-12-18,127970.0,127940.0,129090.0,129020.0,Wednesday,False,0.008126269729645363
2019-12-19,128500.0,128500.0,128590.0,128590.0,Thursday,False,-0.003332816617578671
2019-12-20,128500.0,128500.0,128590.0,128590.0,Friday,True,0.0
2019-12-21,128500.0,128500.0,129490.0,129400.0,Saturday,False,0.006299090131425489
2019-12-22,129450.0,129400.0,129890.0,129870.0,Sunday,False,0.0036321483771251106
2019-12-23,129800.0,129800.0,129890.0,129890.0,Monday,False,0.00015400015400013345
2019-12-24,129800.0,129800.0,129890.0,129880.0,Tuesday,False,-7.698822080226542e-05
2019-12-25,129800.0,129700.0,129890.0,129700.0,Wednesday,False,-0.0013858946720048948
2019-12-26,129770.0,129700.0,129790.0,129760.0,Thursday,False,0.0004626060138781529
2019-12-27,129770.0,129700.0,129790.0,129760.0,Friday,True,0.0
2019-12-28,129780.0,129700.0,129790.0,129740.0,Saturday,False,-0.00015413070283598618
2019-12-29,129790.0,129500.0,129790.0,129580.0,Sunday,False,-0.0012332357021735962
2019-12-30,129500.0,129500.0,129590.0,129500.0,Monday,False,-0.0006173792251891186
2019-12-31,129550.0,129500.0,129590.0,129500.0,Tuesday,False,0.0
2020-01-01,129530.0,129500.0,129590.0,129590.0,Wednesday,False,0.0006949806949807513
2020-01-02,129500.0,129500.0,129590.0,129500.0,Thursday,False,-0.0006944980322556304
2020-01-03,129500.0,129500.0,129590.0,129500.0,Friday,True,0.0
2020-01-04,129550.0,129500.0,133890.0,133300.0,Saturday,False,0.02934362934362933
2020-01-05,133340.0,133300.0,133390.0,133300.0,Sunday,False,0.0
2020-01-06,133360.0,133300.0,133390.0,133340.0,Monday,False,0.00030007501875473075
2020-01-07,133300.0,133300.0,133890.0,133820.0,Tuesday,False,0.003599820008999499
2020-01-08,133890.0,133800.0,133890.0,133850.0,Wednesday,False,0.0002241817366612775
2020-01-09,132000.0,132000.0,132090.0,132090.0,Thursday,False,-0.013149047441165518
2020-01-10,132000.0,132000.0,132090.0,132090.0,Friday,True,0.0
2020-01-11,132050.0,130500.0,132090.0,130530.0,Saturday,False,-0.01181012945718829
2020-01-12,130500.0,130500.0,130590.0,130500.0,Sunday,False,-0.0002298322224776328
2020-01-13,130550.0,130200.0,130590.0,130200.0,Monday,False,-0.0022988505747126853
2020-01-14,130240.0,130000.0,130290.0,130030.0,Tuesday,False,-0.0013056835637480502
2020-01-15,130050.0,130000.0,131090.0,131070.0,Wednesday,False,0.007998154272091051
2020-01-16,131050.0,131000.0,131090.0,131000.0,Thursday,False,-0.0005340657663843729
2020-01-17,131050.0,131000.0,131090.0,131000.0,Friday,True,0.0
2020-01-18,131040.0,130500.0,131090.0,130500.0,Saturday,False,-0.003816793893129722
2020-01-19,130580.0,130000.0,130590.0,130000.0,Sunday,False,-0.003831417624521105
2020-01-20,130060.0,129500.0,130090.0,129540.0,Monday,False,-0.0035384615384614904
2020-01-21,129520.0,129500.0,129590.0,129530.0,Tuesday,False,-7.719623282387289e-05
2020-01-22,129590.0,129500.0,129590.0,129500.0,Wednesday,False,-0.00023160657762677506
2020-01-23,130000.0,129500.0,130090.0,130000.0,Thursday,False,0.0038610038610038533
2020-01-24,130000.0,129500.0,130090.0,130000.0,Friday,True,0.0
2020-01-25,130090.0,130000.0,133590.0,133500.0,Saturday,False,0.026923076923076827
2020-01-26,133590.0,133500.0,134090.0,134000.0,Sunday,False,0.0037453183520599342
2020-01-27,134060.0,134000.0,134090.0,134070.0,Monday,False,0.0005223880597013952
2020-01-28,134000.0,134000.0,134090.0,134020.0,Tuesday,False,-0.00037293950921157837
2020-01-29,134000.0,134000.0,134090.0,134020.0,Wednesday,True,0.0
2020-01-30,134530.0,134500.0,134590.0,134540.0,Thursday,False,0.003880017907774924
2020-01-31,134530.0,134500.0,134590.0,134540.0,Friday,True,0.0
2020-02-01,134500.0,134500.0,135090.0,134780.0,Saturday,False,0.0017838561022744948
2020-02-02,134700.0,134000.0,134700.0,134030.0,Sunday,False,-0.005564623831428972
2020-02-03,133860.0,133800.0,133890.0,133890.0,Monday,False,-0.0010445422666567339
2020-02-04,133830.0,133800.0,134390.0,134300.0,Tuesday,False,0.0030622152513257728
2020-02-05,134560.0,134500.0,134590.0,134500.0,Wednesday,False,0.0014892032762472418
2020-02-06,135070.0,135000.0,135090.0,135060.0,Thursday,False,0.004163568773234205
2020-02-07,135070.0,135000.0,135090.0,135060.0,Friday,True,0.0
2020-02-08,135000.0,135000.0,135090.0,135080.0,Saturday,False,0.00014808233377761049
2020-02-09,135020.0,135000.0,135090.0,135030.0,Sunday,False,-0.0003701510216168602
2020-02-10,135040.0,135000.0,137080.0,136040.0,Monday,False,0.0074798192994149915
2020-02-11,135040.0,135000.0,137080.0,136040.0,Tuesday,True,0.0
2020-02-12,136000.0,136000.0,137090.0,137020.0,Wednesday,False,0.007203763598941482
2020-02-13,138500.0,138490.0,138580.0,138490.0,Thursday,False,0.010728360823237582
2020-02-14,138500.0,138490.0,138580.0,138490.0,Friday,True,0.0
2020-02-15,138510.0,138490.0,138580.0,138490.0,Saturday,False,0.0
2020-02-16,138560.0,138490.0,139080.0,138990.0,Sunday,False,0.003610368979709788
2020-02-17,139040.0,138990.0,139990.0,139540.0,Monday,False,0.00395711921720987
2020-02-18,139490.0,139490.0,142080.0,141990.0,Tuesday,False,0.01755768955138315
2020-02-19,142010.0,141990.0,142080.0,141990.0,Wednesday,False,0.0
2020-02-20,142040.0,141990.0,142080.0,142030.0,Thursday,False,0.00028170997957599475
2020-02-21,142040.0,141990.0,142080.0,142030.0,Friday,True,0.0
2020-02-22,141990.0,141990.0,145380.0,145290.0,Saturday,False,0.02295289727522354
2020-02-23,145370.0,145290.0,147580.0,147550.0,Sunday,False,0.015555096703145477
2020-02-24,147490.0,146990.0,147580.0,146990.0,Monday,False,-0.0037953236191121675
2020-02-25,147060.0,146910.0,148010.0,148010.0,Tuesday,False,0.006939247567861795
2020-02-26,147940.0,147910.0,156010.0,155910.0,Wednesday,False,0.05337477197486651
2020-02-27,156990.0,156910.0,157010.0,157010.0,Thursday,False,0.007055352446924568
2020-02-28,156990.0,156910.0,157010.0,157010.0,Friday,True,0.0
2020-02-29,156970.0,148910.0,157010.0,148980.0,Saturday,False,-0.05114323928412201
2020-03-01,150510.0,150410.0,151510.0,151510.0,Sunday,False,0.016982145254396563
2020-03-02,155510.0,155410.0,155510.0,155430.0,Monday,False,0.025872879677909078
2020-03-03,153730.0,153210.0,153810.0,153350.0,Tuesday,False,-0.01338222994273952
2020-03-04,153790.0,153750.0,153850.0,153790.0,Wednesday,False,0.002869253342028033
2020-03-05,152500.0,149950.0,152550.0,149950.0,Thursday,False,-0.024969113726510228
2020-03-06,152500.0,149950.0,152550.0,149950.0,Friday,True,0.0
2020-03-07,149970.0,149950.0,150050.0,149960.0,Saturday,False,6.668889629879438e-05
2020-03-08,149970.0,149950.0,150050.0,149960.0,Sunday,True,0.0
2020-03-09,152000.0,151950.0,152050.0,152030.0,Monday,False,0.013803680981595123
2020-03-10,150950.0,150950.0,151050.0,151050.0,Tuesday,False,-0.006446096165230508
2020-03-11,148500.0,148450.0,148550.0,148550.0,Wednesday,False,-0.01655081098973854
2020-03-12,148460.0,148450.0,148550.0,148510.0,Thursday,False,-0.00026926960619322315
2020-03-13,148460.0,148450.0,148550.0,148510.0,Friday,True,0.0
2020-03-14,148470.0,147000.0,148550.0,148050.0,Saturday,False,-0.003097434516194153
2020-03-15,147980.0,147950.0,148050.0,148030.0,Sunday,False,-0.0001350894967916405
2020-03-16,147970.0,147950.0,156550.0,156550.0,Monday,False,0.057555900830912554
2020-03-17,156520.0,156450.0,157550.0,157450.0,Tuesday,False,0.005748961992973589
2020-03-18,157540.0,148950.0,157550.0,149030.0,Wednesday,False,-0.05347729437916804
2020-03-19,157540.0,148950.0,157550.0,149030.0,Thursday,True,0.0
2020-03-20,157540.0,148950.0,157550.0,149030.0,Friday,True,0.0
2020-03-21,157540.0,148950.0,157550.0,149030.0,Saturday,True,0.0
2020-03-22,157540.0,148950.0,157550.0,149030.0,Sunday,True,0.0
2020-03-23,157540.0,148950.0,157550.0,149030.0,Monday,True,0.0
2020-03-24,157540.0,148950.0,157550.0,149030.0,Tuesday,True,0.0
2020-03-25,157540.0,148950.0,157550.0,149030.0,Wednesday,True,0.0
2020-03-26,157540.0,148950.0,157550.0,149030.0,Thursday,True,0.0
2020-03-27,157540.0,148950.0,157550.0,149030.0,Friday,True,0.0
2020-03-28,157540.0,148950.0,157550.0,149030.0,Saturday,True,0.0
2020-03-29,157540.0,148950.0,157550.0,149030.0,Sunday,True,0.0
2020-03-30,157540.0,148950.0,157550.0,149030.0,Monday,True,0.0
2020-03-31,157540.0,148950.0,157550.0,149030.0,Tuesday,True,0.0
2020-04-01,157540.0,148950.0,157550.0,149030.0,Wednesday,True,0.0
2020-04-02,148980.0,148950.0,149050.0,148960.0,Thursday,False,-0.0004697040864255486
2020-04-03,148980.0,148950.0,149050.0,148960.0,Friday,True,0.0
2020-04-04,149050.0,148950.0,159050.0,157950.0,Saturday,False,0.06035177228786259
2020-04-05,157970.0,157950.0,158100.0,158030.0,Sunday,False,0.00050648939537834
2020-04-06,158010.0,156990.0,158100.0,156990.0,Monday,False,-0.006581028918559717
2020-04-07,157100.0,156990.0,157100.0,156990.0,Tuesday,False,0.0
2020-04-08,157060.0,155990.0,157100.0,156090.0,Wednesday,False,-0.0057328492260653174
2020-04-09,157060.0,155990.0,157100.0,156090.0,Thursday,True,0.0
2020-04-10,157060.0,155990.0,157100.0,156090.0,Friday,True,0.0
2020-04-11,156010.0,155990.0,156100.0,156040.0,Saturday,False,-0.000320328015888216
2020-04-12,155990.0,155990.0,156100.0,155990.0,Sunday,False,-0.0003204306588053818
2020-04-13,156040.0,155990.0,156110.0,156000.0,Monday,False,6.410667350476018e-05
2020-04-14,156030.0,156000.0,156110.0,156000.0,Tuesday,False,0.0
2020-04-15,156030.0,156000.0,156110.0,156080.0,Wednesday,False,0.0005128205128204222
2020-04-16,155000.0,155000.0,155110.0,155000.0,Thursday,False,-0.006919528446950318
2020-04-17,155000.0,155000.0,155110.0,155000.0,Friday,True,0.0
2020-04-18,155030.0,153500.0,155110.0,153500.0,Saturday,False,-0.009677419354838679
2020-04-19,153560.0,152500.0,153610.0,152590.0,Sunday,False,-0.005928338762214991
2020-04-20,152500.0,152500.0,152610.0,152560.0,Monday,False,-0.0001966052821286146
2020-04-21,152580.0,152500.0,153610.0,153500.0,Tuesday,False,0.006161510225485056
2020-04-22,153530.0,153500.0,155110.0,155000.0,Wednesday,False,0.009771986970684043
2020-04-23,155040.0,155000.0,155110.0,155030.0,Thursday,False,0.0001935483870967314
2020-04-24,155040.0,155000.0,155110.0,155030.0,Friday,True,0.0
2020-04-25,155000.0,155000.0,155110.0,155000.0,Saturday,False,-0.0001935109333677243
2020-04-26,155090.0,155000.0,156110.0,156100.0,Sunday,False,0.007096774193548372
2020-04-27,156000.0,156000.0,156110.0,156000.0,Monday,False,-0.0006406149903908087
2020-04-28,156060.0,155500.0,156110.0,155500.0,Tuesday,False,-0.0032051282051281937
2020-04-29,155520.0,155500.0,155610.0,155500.0,Wednesday,False,0.0
2020-04-30,156100.0,156000.0,156110.0,156000.0,Thursday,False,0.003215434083601254
2020-05-01,156100.0,156000.0,156110.0,156000.0,Friday,True,0.0
2020-05-02,156030.0,156000.0,156110.0,156050.0,Saturday,False,0.0003205128205128194
2020-05-03,156080.0,156000.0,156110.0,156000.0,Sunday,False,-0.00032041012495998
2020-05-04,156080.0,156000.0,156110.0,156070.0,Monday,False,0.00044871794871803594
2020-05-05,156100.0,156000.0,156110.0,156000.0,Tuesday,False,-0.0004485166912282512
2020-05-06,156110.0,156000.0,157110.0,157110.0,Wednesday,False,0.0071153846153846345
2020-05-07,157000.0,157000.0,157110.0,157000.0,Thursday,False,-0.0007001463942460928
2020-05-08,157000.0,157000.0,157110.0,157000.0,Friday,True,0.0
2020-05-09,157050.0,157000.0,158110.0,158040.0,Saturday,False,0.006624203821655961
2020-05-10,158000.0,158000.0,162110.0,162100.0,Sunday,False,0.02568969881042782
2020-05-11,162080.0,162000.0,165110.0,165000.0,Monday,False,0.017890191239975373
2020-05-12,165060.0,165000.0,166110.0,166000.0,Tuesday,False,0.0060606060606061
2020-05-13,166020.0,166000.0,168610.0,168610.0,Wednesday,False,0.01572289156626505
2020-05-14,168550.0,168500.0,168610.0,168540.0,Thursday,False,-0.0004151592432239948
2020-05-15,168550.0,168500.0,168610.0,168540.0,Friday,True,0.0
2020-05-16,168500.0,168000.0,168610.0,168000.0,Saturday,False,-0.003203987184051238
2020-05-17,168050.0,168000.0,170310.0,170310.0,Sunday,False,0.013749999999999929
2020-05-18,170200.0,170200.0,172110.0,172000.0,Monday,False,0.009923081439727532
2020-05-19,172040.0,171500.0,172110.0,171500.0,Tuesday,False,-0.0029069767441860517
2020-05-20,171550.0,171500.0,173110.0,173100.0,Wednesday,False,0.00932944606413999
2020-05-21,173000.0,173000.0,173110.0,173050.0,Thursday,False,-0.00028885037550552273
2020-05-22,173000.0,173000.0,173110.0,173050.0,Friday,True,0.0
2020-05-23,173020.0,173000.0,173110.0,173000.0,Saturday,False,-0.00028893383415196094
2020-05-24,173020.0,173000.0,173110.0,173000.0,Sunday,True,0.0
2020-05-25,173020.0,173000.0,173110.0,173000.0,Monday,True,0.0
2020-05-26,173040.0,173000.0,173110.0,173000.0,Tuesday,False,0.0
2020-05-27,173100.0,171500.0,173110.0,171580.0,Wednesday,False,-0.008208092485549101
2020-05-28,170580.0,170500.0,170610.0,170610.0,Thursday,False,-0.005653339550064085
2020-05-29,170580.0,170500.0,170610.0,170610.0,Friday,True,0.0
2020-05-30,170500.0,170500.0,171110.0,171040.0,Saturday,False,0.002520368090967784
2020-05-31,171000.0,171000.0,171110.0,171000.0,Sunday,False,-0.0002338634237605275
2020-06-01,171080.0,170700.0,171110.0,170770.0,Monday,False,-0.0013450292397660935
2020-06-02,170700.0,170700.0,170810.0,170700.0,Tuesday,False,-0.00040990806347718234
2020-06-03,170700.0,170700.0,170810.0,170700.0,Wednesday,True,0.0
2020-06-04,170700.0,170700.0,170810.0,170700.0,Thursday,True,0.0
2020-06-05,170700.0,170700.0,170810.0,170700.0,Friday,True,0.0
2020-06-06,170800.0,169800.0,170810.0,169830.0,Saturday,False,-0.005096660808435849
2020-06-07,169800.0,169300.0,169800.0,169340.0,Sunday,False,-0.00288523817935582
2020-06-08,169300.0,169300.0,169410.0,169390.0,Monday,False,0.0002952639659856704
2020-06-09,169360.0,169300.0,169410.0,169300.0,Tuesday,False,-0.000531318259637481
2020-06-10,169350.0,169300.0,172610.0,172500.0,Wednesday,False,0.01890135853514474
2020-06-11,177500.0,177500.0,177610.0,177500.0,Thursday,False,0.02898550724637672
2020-06-12,177500.0,177500.0,177610.0,177500.0,Friday,True,0.0
2020-06-13,177550.0,177500.0,177610.0,177560.0,Saturday,False,0.00033802816901418176
2020-06-14,177600.0,177500.0,177610.0,177600.0,Sunday,False,0.00022527596305477182
2020-06-15,177530.0,177500.0,178910.0,178800.0,Monday,False,0.006756756756756799
2020-06-16,178850.0,178800.0,182110.0,182100.0,Tuesday,False,0.01845637583892623
2020-06-17,178850.0,178800.0,182110.0,182100.0,Wednesday,True,0.0
2020-06-18,183500.0,183410.0,183610.0,183500.0,Thursday,False,0.007688083470620555
2020-06-19,183500.0,183410.0,183610.0,183500.0,Friday,True,0.0
2020-06-20,183490.0,183410.0,186020.0,186020.0,Saturday,False,0.013732970027247937
2020-06-21,185950.0,185910.0,188020.0,188020.0,Sunday,False,0.010751532093323357
2020-06-22,187910.0,187910.0,188020.0,188020.0,Monday,False,0.0
2020-06-23,187930.0,187910.0,195970.0,195970.0,Tuesday,False,0.04228273587916176
2020-06-24,195890.0,192910.0,195970.0,193020.0,Wednesday,False,-0.0150533244884421
2020-06-25,191510.0,188410.0,191620.0,188430.0,Thursday,False,-0.02377991917935962
2020-06-26,191510.0,188410.0,191620.0,188430.0,Friday,True,0.0
2020-06-27,188520.0,188410.0,188520.0,188410.0,Saturday,False,-0.00010614021121901906
2020-06-28,188520.0,188410.0,190520.0,190430.0,Sunday,False,0.010721299294092601
2020-06-29,190520.0,190410.0,190520.0,190520.0,Monday,False,0.0004726146090427985
2020-06-30,190440.0,189810.0,190520.0,189920.0,Tuesday,False,-0.003149275666596729
2020-07-01,189850.0,189410.0,189920.0,189440.0,Wednesday,False,-0.002527379949452402
2020-07-02,189520.0,189410.0,189520.0,189520.0,Thursday,False,0.0004222972972973693
2020-07-03,189520.0,189410.0,189520.0,189520.0,Friday,True,0.0
2020-07-04,189470.0,189410.0,209020.0,208910.0,Saturday,False,0.10231110173068814
2020-07-05,209020.0,208910.0,216520.0,216470.0,Sunday,False,0.03618783208080045
2020-07-06,216460.0,216410.0,218520.0,218520.0,Monday,False,0.009470134429713228
2020-07-07,218450.0,216410.0,218520.0,217520.0,Tuesday,False,-0.0045762401610836
2020-07-08,217460.0,217410.0,222020.0,222020.0,Wednesday,False,0.020687752850312657
2020-07-09,221940.0,221910.0,222020.0,222020.0,Thursday,False,0.0
2020-07-10,221940.0,221910.0,222020.0,222020.0,Friday,True,0.0
2020-07-11,221930.0,220410.0,222520.0,222410.0,Saturday,False,0.001756598504639273
2020-07-12,222520.0,222410.0,225520.0,225520.0,Sunday,False,0.013983184209343191
2020-07-13,225460.0,225410.0,227520.0,227420.0,Monday,False,0.008424973394820956
2020-07-14,227430.0,227410.0,227520.0,227460.0,Tuesday,False,0.00017588602585516533
2020-07-15,227480.0,227410.0,229520.0,229410.0,Wednesday,False,0.008572935900817757
2020-07-16,229520.0,229410.0,231020.0,231020.0,Thursday,False,0.007018002702584791
2020-07-17,229520.0,229410.0,231020.0,231020.0,Friday,True,0.0
2020-07-18,230930.0,230910.0,231020.0,230970.0,Saturday,False,-0.0002164314777941545
2020-07-19,230980.0,230910.0,231020.0,230950.0,Sunday,False,-8.659133220767501e-05
2020-07-20,231020.0,225910.0,231020.0,226020.0,Monday,False,-0.02134661182074038
2020-07-21,225920.0,204410.0,226020.0,204520.0,Tuesday,False,-0.09512432528094861
2020-07-22,204430.0,203410.0,204520.0,203430.0,Wednesday,False,-0.005329552122041892
2020-07-23,203000.0,202910.0,203020.0,202910.0,Thursday,False,-0.0025561618247063045
2020-07-24,203000.0,202910.0,203020.0,202910.0,Friday,True,0.0
2020-07-25,203020.0,202910.0,203020.0,203020.0,Saturday,False,0.0005421122665221212
2020-07-26,202940.0,202910.0,203020.0,202950.0,Sunday,False,-0.0003447936163925025
2020-07-27,202980.0,202910.0,205020.0,204910.0,Monday,False,0.00965755112096578
2020-07-28,205020.0,204910.0,205020.0,204920.0,Tuesday,False,4.880191303491266e-05
2020-07-29,204930.0,204910.0,205020.0,204990.0,Wednesday,False,0.0003415967206714665
2020-07-30,207990.0,207910.0,208020.0,208020.0,Thursday,False,0.014781208839455662
2020-07-31,207990.0,207910.0,208020.0,208020.0,Friday,True,0.0
2020-08-01,207940.0,207910.0,213020.0,213020.0,Saturday,False,0.024036150370156717
2020-08-02,212940.0,212910.0,217020.0,217020.0,Sunday,False,0.018777579569993375
2020-08-03,217000.0,216910.0,219020.0,218990.0,Monday,False,0.009077504377476675
2020-08-04,219020.0,218910.0,223020.0,222960.0,Tuesday,False,0.0181286816749624
2020-08-05,223020.0,222910.0,227020.0,227020.0,Wednesday,False,0.018209544312881132
2020-08-06,229970.0,229910.0,230020.0,230020.0,Thursday,False,0.013214694740551591
2020-08-07,229970.0,229910.0,230020.0,230020.0,Friday,True,0.0
2020-08-08,229970.0,229910.0,230020.0,230020.0,Saturday,True,0.0
2020-08-09,229980.0,217910.0,230020.0,218020.0,Sunday,False,-0.05216937657594989
2020-08-10,217960.0,207910.0,218020.0,209910.0,Monday,False,-0.03719842216310432
2020-08-11,209930.0,209910.0,216820.0,216820.0,Tuesday,False,0.03291886999190119
2020-08-12,216800.0,216710.0,218020.0,218020.0,Wednesday,False,0.005534544783691642
2020-08-13,219520.0,219410.0,220520.0,220500.0,Thursday,False,0.011375103201541226
2020-08-14,219520.0,219410.0,220520.0,220500.0,Friday,True,0.0
2020-08-15,220520.0,220410.0,220520.0,220520.0,Saturday,False,9.070294784585542e-05
2020-08-16,218970.0,218910.0,219020.0,219020.0,Sunday,False,-0.006802104117540342
2020-08-17,218970.0,218910.0,224520.0,224490.0,Monday,False,0.024974888138069584
2020-08-18,224420.0,224410.0,225520.0,225020.0,Tuesday,False,0.0023609069446299813
2020-08-19,224960.0,223910.0,225020.0,223930.0,Wednesday,False,-0.004844013865434205
2020-08-20,223950.0,223910.0,225020.0,225020.0,Thursday,False,0.0048675925512435825
2020-08-21,223950.0,223910.0,225020.0,225020.0,Friday,True,0.0
2020-08-22,224970.0,224910.0,225020.0,225020.0,Saturday,False,0.0
2020-08-23,224940.0,224910.0,225020.0,224970.0,Sunday,False,-0.00022220247089144163
2020-08-24,225020.0,224710.0,225020.0,224820.0,Monday,False,-0.0006667555674090275
2020-08-25,224790.0,224710.0,224820.0,224790.0,Tuesday,False,-0.0001334400854016149
2020-08-26,224710.0,224710.0,230020.0,229960.0,Wednesday,False,0.022999243738600406
2020-08-27,231020.0,230910.0,231020.0,231020.0,Thursday,False,0.004609497303878829
2020-08-28,231020.0,230910.0,231020.0,231020.0,Friday,True,0.0
2020-08-29,231020.0,230910.0,231020.0,231020.0,Saturday,True,0.0
2020-08-30,230980.0,230910.0,231020.0,230930.0,Sunday,False,-0.0003895766600294781
2020-08-31,231020.0,230410.0,231520.0,231520.0,Monday,False,0.0025548867622222637
2020-09-01,231430.0,228910.0,234020.0,229000.0,Tuesday,False,-0.01088458880442289
2020-09-02,229020.0,226910.0,229020.0,226960.0,Wednesday,False,-0.008908296943231475
2020-09-03,225020.0,224410.0,225020.0,224520.0,Thursday,False,-0.010750793091293565
2020-09-04,225020.0,224410.0,225020.0,224520.0,Friday,True,0.0
2020-09-05,224450.0,224410.0,224520.0,224520.0,Saturday,False,0.0
2020-09-06,224450.0,224410.0,226020.0,226020.0,Sunday,False,0.006680919294494991
2020-09-07,225950.0,225910.0,226020.0,225970.0,Monday,False,-0.0002212193611185187
2020-09-08,225920.0,225910.0,227520.0,227520.0,Tuesday,False,0.0068593176085320895
2020-09-09,227460.0,227410.0,227520.0,227490.0,Wednesday,False,-0.0001318565400844074
2020-09-10,227910.0,227910.0,228020.0,228000.0,Thursday,False,0.0022418567849136206
2020-09-11,227910.0,227910.0,228020.0,228000.0,Friday,True,0.0
2020-09-12,228020.0,227910.0,231620.0,231570.0,Saturday,False,0.015657894736842204
2020-09-13,231620.0,231510.0,234420.0,234390.0,Sunday,False,0.012177743230988414
2020-09-14,234370.0,234310.0,235920.0,235920.0,Monday,False,0.006527582234737039
2020-09-15,235850.0,235810.0,266060.0,266020.0,Tuesday,False,0.12758562224482883
2020-09-16,265980.0,265950.0,266060.0,265980.0,Wednesday,False,-0.0001503646342380094
2020-09-17,266020.0,265950.0,268560.0,267970.0,Thursday,False,0.007481765546281771
2020-09-18,266020.0,265950.0,268560.0,267970.0,Friday,True,0.0
2020-09-19,267990.0,264450.0,268060.0,264480.0,Saturday,False,-0.013023845952905178
2020-09-20,264500.0,264450.0,273060.0,272980.0,Sunday,False,0.032138535995160256
2020-09-21,273060.0,268450.0,273060.0,269450.0,Monday,False,-0.01293135028207193
2020-09-22,269480.0,269450.0,272060.0,272030.0,Tuesday,False,0.0095750603080349
2020-09-23,271990.0,271950.0,278060.0,277980.0,Wednesday,False,0.021872587582251857
2020-09-24,278000.0,277950.0,278060.0,277970.0,Thursday,False,-3.5973811065570516e-05
2020-09-25,278000.0,277950.0,278060.0,277970.0,Friday,True,0.0
2020-09-26,278030.0,277950.0,287560.0,285060.0,Saturday,False,0.025506349606072565
2020-09-27,285020.0,284950.0,287060.0,287000.0,Sunday,False,0.006805584789167263
2020-09-28,287060.0,286950.0,289560.0,289470.0,Monday,False,0.00860627177700346
2020-09-29,289450.0,284950.0,289560.0,285020.0,Tuesday,False,-0.015372922928109989
2020-09-30,285040.0,284950.0,287560.0,287520.0,Wednesday,False,0.00877131429373379
2020-10-01,287990.0,287990.0,289060.0,289040.0,Thursday,False,0.005286588759042754
2020-10-02,287990.0,287990.0,289060.0,289040.0,Friday,True,0.0
2020-10-03,289030.0,284450.0,289060.0,284490.0,Saturday,False,-0.015741765845557754
2020-10-04,284550.0,269950.0,284560.0,269950.0,Sunday,False,-0.05110900207388658
2020-10-05,269960.0,269450.0,282060.0,281990.0,Monday,False,0.044600852009631486
2020-10-06,281970.0,281950.0,292060.0,292000.0,Tuesday,False,0.03549771268484703
2020-10-07,291990.0,291950.0,292060.0,292020.0,Wednesday,False,6.84931506849118e-05
2020-10-08,291990.0,291950.0,292060.0,292020.0,Thursday,True,0.0
2020-10-09,291990.0,291950.0,292060.0,292020.0,Friday,True,0.0
2020-10-10,291970.0,291950.0,299560.0,299560.0,Saturday,False,0.02582014930484222
2020-10-11,299480.0,299450.0,311560.0,311450.0,Sunday,False,0.03969154760315119
2020-10-12,311520.0,301950.0,311560.0,303960.0,Monday,False,-0.02404880398137743
2020-10-13,304040.0,303950.0,315060.0,313020.0,Tuesday,False,0.029806553493880728
2020-10-14,312990.0,312950.0,315860.0,315000.0,Wednesday,False,0.006325474410580734
2020-10-15,317000.0,316950.0,317060.0,317040.0,Thursday,False,0.006476190476190524
2020-10-16,317000.0,316950.0,317060.0,317040.0,Friday,True,0.0
2020-10-17,317000.0,316950.0,317060.0,317040.0,Saturday,True,0.0
2020-10-18,317030.0,316950.0,320060.0,318560.0,Sunday,False,0.004794347716376546
2020-10-19,318450.0,308950.0,318560.0,309030.0,Monday,False,-0.02991587142139629
2020-10-20,308990.0,275450.0,309060.0,275460.0,Tuesday,False,-0.10863023007475003
2020-10-21,275470.0,274450.0,290860.0,288020.0,Wednesday,False,0.04559645683583824
2020-10-22,292780.0,292750.0,294860.0,293750.0,Thursday,False,0.019894451774182365
2020-10-23,292780.0,292750.0,294860.0,293750.0,Friday,True,0.0
2020-10-24,293820.0,289950.0,293860.0,290000.0,Saturday,False,-0.012765957446808529
2020-10-25,293820.0,289950.0,293860.0,290000.0,Sunday,True,0.0
2020-10-26,289960.0,279750.0,289990.0,279860.0,Monday,False,-0.03496551724137931
2020-10-27,279770.0,279750.0,285360.0,282250.0,Tuesday,False,0.008539984277853296
2020-10-28,282300.0,278450.0,282360.0,278470.0,Wednesday,False,-0.013392382639504041
2020-10-29,277460.0,277450.0,277560.0,277500.0,Thursday,False,-0.0034833195676374773
2020-10-30,277460.0,277450.0,277560.0,277500.0,Friday,True,0.0
2020-10-31,277260.0,268650.0,277260.0,268720.0,Saturday,False,-0.03163963963963967
2020-11-01,268670.0,266950.0,272060.0,272060.0,Sunday,False,0.012429294432867
2020-11-02,272020.0,271950.0,282460.0,282420.0,Monday,False,0.0380798353304419
2020-11-03,272020.0,271950.0,282460.0,282420.0,Tuesday,True,0.0
2020-11-04,282370.0,282350.0,289360.0,289270.0,Wednesday,False,0.024254656185822565
2020-11-05,268460.0,263450.0,268560.0,263550.0,Thursday,False,-0.08891347184291487
2020-11-06,268460.0,263450.0,268560.0,263550.0,Friday,True,0.0
2020-11-07,263450.0,244950.0,263450.0,244990.0,Saturday,False,-0.07042306962625688
2020-11-08,228900.0,228850.0,235060.0,234990.0,Sunday,False,-0.040817992571125394
2020-11-09,234950.0,234950.0,248060.0,247990.0,Monday,False,0.055321503042682574
2020-11-10,248030.0,247950.0,271060.0,270990.0,Tuesday,False,0.09274567522883981
2020-11-11,271040.0,269950.0,271060.0,269990.0,Wednesday,False,-0.0036901730691168977
2020-11-12,269530.0,268450.0,269560.0,268520.0,Thursday,False,-0.005444646098003658
2020-11-13,269530.0,268450.0,269560.0,268520.0,Friday,True,0.0
2020-11-14,268550.0,267450.0,269560.0,267530.0,Saturday,False,-0.0036868762103381414
2020-11-15,267480.0,259950.0,267560.0,260030.0,Sunday,False,-0.02803423915074943
2020-11-16,260020.0,258950.0,260060.0,258980.0,Monday,False,-0.004037995615890466
2020-11-17,258960.0,258950.0,262060.0,258970.0,Tuesday,False,-3.861302031049618e-05
2020-11-18,259020.0,256150.0,259020.0,256220.0,Wednesday,False,-0.010618990616673707
2020-11-19,256170.0,256150.0,256260.0,256200.0,Thursday,False,-7.805791897586012e-05
2020-11-20,256170.0,256150.0,256260.0,256200.0,Friday,True,0.0
2020-11-21,256250.0,256150.0,260560.0,259550.0,Saturday,False,0.013075722092115605
2020-11-22,258470.0,254450.0,258560.0,254530.0,Sunday,False,-0.01934116740512426
2020-11-23,256030.0,255450.0,256060.0,255450.0,Monday,False,0.0036145051663851735
2020-11-24,255470.0,250450.0,255560.0,250460.0,Tuesday,False,-0.019534155412017973
2020-11-25,250490.0,249500.0,250570.0,249500.0,Wednesday,False,-0.003832947376826601
2020-11-26,248500.0,247460.0,248570.0,247570.0,Thursday,False,-0.00773547094188376
2020-11-27,248500.0,247460.0,248570.0,247570.0,Friday,True,0.0
2020-11-28,247560.0,247460.0,247570.0,247530.0,Saturday,False,-0.00016157046491904747
2020-11-29,247560.0,243950.0,247570.0,245510.0,Sunday,False,-0.008160626994707765
2020-11-30,245490.0,245460.0,253050.0,250030.0,Monday,False,0.018410655370453277
2020-12-01,250070.0,245160.0,256270.0,256160.0,Tuesday,False,0.024517057953045596
2020-12-02,256190.0,256160.0,256270.0,256230.0,Wednesday,False,0.00027326670830740696
2020-12-03,254730.0,254640.0,254770.0,254680.0,Thursday,False,-0.006049252624595103
2020-12-04,254730.0,254640.0,254770.0,254680.0,Friday,True,0.0
2020-12-05,254710.0,254670.0,257050.0,257020.0,Saturday,False,0.009188000628239434
2020-12-06,256950.0,255940.0,257050.0,255950.0,Sunday,False,-0.004163100147848375
2020-12-07,256010.0,255940.0,256050.0,255950.0,Monday,False,0.0
2020-12-08,255980.0,255940.0,256050.0,255940.0,Tuesday,False,-3.907013088488842e-05
2020-12-09,255970.0,255940.0,259850.0,259770.0,Wednesday,False,0.014964444791748077
2020-12-10,261250.0,260640.0,261250.0,260650.0,Thursday,False,0.003387612118412431
2020-12-11,261250.0,260640.0,261250.0,260650.0,Friday,True,0.0
2020-12-12,260750.0,259940.0,260750.0,260050.0,Saturday,False,-0.0023019374640321777
2020-12-13,259960.0,257940.0,260050.0,258040.0,Sunday,False,-0.007729282830225004
2020-12-14,257980.0,256940.0,258050.0,256950.0,Monday,False,-0.004224151294372924
2020-12-15,256960.0,256440.0,258550.0,258540.0,Tuesday,False,0.0061879743140689225
2020-12-16,258480.0,257940.0,259550.0,258030.0,Wednesday,False,-0.001972615456022231
2020-12-17,258040.0,257940.0,258050.0,258020.0,Thursday,False,-3.8755183505823076e-05
2020-12-18,258040.0,257940.0,258050.0,258020.0,Friday,True,0.0
2020-12-19,257440.0,254940.0,257550.0,254990.0,Saturday,False,-0.011743275715060841
2020-12-20,255050.0,253940.0,255050.0,253960.0,Sunday,False,-0.004039374093101733
2020-12-21,253940.0,252940.0,254550.0,254470.0,Monday,False,0.002008190266183707
2020-12-22,254460.0,254440.0,255250.0,255160.0,Tuesday,False,0.002711518057138429
2020-12-23,255250.0,255140.0,257850.0,257850.0,Wednesday,False,0.010542404765637281
2020-12-24,257810.0,257740.0,262050.0,258620.0,Thursday,False,0.0029862323056040196
2020-12-25,257810.0,257740.0,262050.0,258620.0,Friday,True,0.0
2020-12-26,258570.0,257040.0,258650.0,257110.0,Saturday,False,-0.005838682236485981
2020-12-27,257120.0,256840.0,257450.0,257430.0,Sunday,False,0.0012446034771109726
2020-12-28,257350.0,257340.0,257450.0,257360.0,Monday,False,-0.00027191857980812806
2020-12-29,257440.0,256940.0,257450.0,256960.0,Tuesday,False,-0.0015542430836182897
2020-12-30,256980.0,256940.0,257050.0,257040.0,Wednesday,False,0.00031133250311321525
2020-12-31,257020.0,256940.0,257050.0,257010.0,Thursday,False,-0.00011671335200746924
2021-01-01,257020.0,256940.0,257050.0,257010.0,Friday,True,0.0
2021-01-02,256990.0,256140.0,257050.0,256190.0,Saturday,False,-0.0031905373331776454
2021-01-03,256160.0,255640.0,256250.0,255670.0,Sunday,False,-0.0020297435497091953
2021-01-04,255650.0,255640.0,257750.0,257640.0,Monday,False,0.007705245042437525
2021-01-05,257740.0,257640.0,259050.0,259020.0,Tuesday,False,0.005356311131811786
2021-01-06,259030.0,258440.0,259050.0,258540.0,Wednesday,False,-0.0018531387537641386
2021-01-07,257530.0,255440.0,257550.0,255510.0,Thursday,False,-0.01171965653283824
2021-01-08,257530.0,255440.0,257550.0,255510.0,Friday,True,0.0
2021-01-09,255550.0,248640.0,255550.0,248660.0,Saturday,False,-0.02680912684435055
2021-01-10,248690.0,245840.0,248690.0,248520.0,Sunday,False,-0.0005630177752754539
2021-01-11,248450.0,248440.0,249550.0,248490.0,Monday,False,-0.00012071463061325005
2021-01-12,248540.0,248440.0,248550.0,248440.0,Tuesday,False,-0.00020121534065753455
2021-01-13,248520.0,244940.0,248550.0,244980.0,Wednesday,False,-0.01392690388021256
2021-01-14,242870.0,239440.0,242950.0,239530.0,Thursday,False,-0.022246714017470803
2021-01-15,242870.0,239440.0,242950.0,239530.0,Friday,True,0.0
2021-01-16,239540.0,229440.0,239540.0,229470.0,Saturday,False,-0.04199891454097604
2021-01-17,239540.0,229440.0,239540.0,229470.0,Sunday,True,0.0
2021-01-18,229550.0,217900.0,229550.0,218010.0,Monday,False,-0.04994116878023269
2021-01-19,215900.0,203860.0,217950.0,217950.0,Tuesday,False,-0.00027521673317743023
2021-01-20,217940.0,217840.0,227550.0,227520.0,Wednesday,False,0.043909153475567786
2021-01-21,226510.0,226440.0,226550.0,226550.0,Thursday,False,-0.004263361462728543
2021-01-22,226510.0,226440.0,226550.0,226550.0,Friday,True,0.0
2021-01-23,226530.0,224240.0,226530.0,224320.0,Saturday,False,-0.009843301699404061
2021-01-24,224340.0,224240.0,224350.0,224340.0,Sunday,False,8.915834522116306e-05
2021-01-25,224250.0,224240.0,229750.0,229660.0,Monday,False,0.02371400552732461
2021-01-26,229720.0,229140.0,229750.0,229180.0,Tuesday,False,-0.0020900461551859317
2021-01-27,229150.0,229140.0,234150.0,234130.0,Wednesday,False,0.021598743345841775
2021-01-28,234070.0,232040.0,234150.0,232110.0,Thursday,False,-0.00862768547388204
2021-01-29,234070.0,232040.0,234150.0,232110.0,Friday,True,0.0
2021-01-30,232050.0,232040.0,237250.0,237170.0,Saturday,False,0.02180000861660414
2021-01-31,237180.0,237140.0,239250.0,239210.0,Sunday,False,0.008601425138086594
2021-02-01,239170.0,238640.0,239170.0,238720.0,Monday,False,-0.0020484093474353315
2021-02-02,238650.0,238640.0,238750.0,238710.0,Tuesday,False,-4.1890080428985677e-05
2021-02-03,238680.0,237640.0,238750.0,237660.0,Wednesday,False,-0.004398642704536937
2021-02-04,237500.0,237440.0,237550.0,237470.0,Thursday,False,-0.000799461415467495
2021-02-05,237500.0,237440.0,237550.0,237470.0,Friday,True,0.0
2021-02-06,237520.0,237440.0,237550.0,237550.0,Saturday,False,0.0003368846591147445
2021-02-07,237490.0,236940.0,237550.0,236960.0,Sunday,False,-0.0024836876447064116
2021-02-08,237050.0,236940.0,237050.0,236940.0,Monday,False,-8.44024307899982e-05
2021-02-09,238970.0,238940.0,241050.0,241030.0,Tuesday,False,0.017261754030556187
2021-02-10,238970.0,238940.0,241050.0,241030.0,Wednesday,True,0.0
2021-02-11,245960.0,245940.0,247050.0,246960.0,Thursday,False,0.024602746546073195
2021-02-12,245960.0,245940.0,247050.0,246960.0,Friday,True,0.0
2021-02-13,247040.0,246940.0,249850.0,249810.0,Saturday,False,0.011540330417881384
2021-02-14,249830.0,249740.0,249850.0,249770.0,Sunday,False,-0.00016012169248624808
2021-02-15,249780.0,249740.0,249850.0,249740.0,Monday,False,-0.00012011050166149673
2021-02-16,249820.0,249740.0,249850.0,249740.0,Tuesday,False,0.0
2021-02-17,249780.0,249740.0,251850.0,251750.0,Wednesday,False,0.008048370305117292
2021-02-18,251710.0,251640.0,253620.0,251710.0,Thursday,False,-0.00015888778550143812
2021-02-19,251710.0,251640.0,253620.0,251710.0,Friday,True,0.0
2021-02-20,251750.0,249920.0,252250.0,249990.0,Saturday,False,-0.006833260498192328
2021-02-21,249970.0,242400.0,250030.0,242530.0,Sunday,False,-0.029841193647745956
2021-02-22,242510.0,241790.0,243750.0,241880.0,Monday,False,-0.0026800808147445787
2021-02-23,241810.0,241790.0,246520.0,246420.0,Tuesday,False,0.018769637836943964
2021-02-24,246510.0,246410.0,252520.0,248210.0,Wednesday,False,0.007264020777534297
2021-02-25,246510.0,246410.0,252520.0,248210.0,Thursday,True,0.0
2021-02-26,246510.0,246410.0,252520.0,248210.0,Friday,True,0.0
2021-02-27,248150.0,248110.0,253720.0,252400.0,Saturday,False,0.01688086700777558
2021-02-28,252430.0,246960.0,252440.0,247050.0,Sunday,False,-0.02119651347068141
2021-03-01,247030.0,246960.0,249500.0,247480.0,Monday,False,0.0017405383525601614
2021-03-02,247580.0,244280.0,247590.0,244370.0,Tuesday,False,-0.012566672054307393
2021-03-03,244330.0,244330.0,247910.0,246680.0,Wednesday,False,0.009452878831280431
2021-03-04,246700.0,246530.0,246790.0,246610.0,Thursday,False,-0.0002837684449489286
2021-03-05,246700.0,246530.0,246790.0,246610.0,Friday,True,0.0
2021-03-06,246580.0,242700.0,246770.0,242710.0,Saturday,False,-0.015814443858724325
2021-03-07,242800.0,239850.0,242810.0,239900.0,Sunday,False,-0.011577602900580963
2021-03-08,239960.0,239850.0,244610.0,243210.0,Monday,False,0.013797415589829054
2021-03-09,243240.0,241050.0,244280.0,242070.0,Tuesday,False,-0.00468730726532629
2021-03-10,242100.0,241240.0,242710.0,242420.0,Wednesday,False,0.0014458627669682311
2021-03-11,242100.0,241240.0,242710.0,242420.0,Thursday,True,0.0
2021-03-12,242100.0,241240.0,242710.0,242420.0,Friday,True,0.0
2021-03-13,242400.0,241770.0,243850.0,241770.0,Saturday,False,-0.0026812969226961414
2021-03-14,241810.0,239100.0,241880.0,239170.0,Sunday,False,-0.010754022418000608
2021-03-15,239200.0,239100.0,239210.0,239170.0,Monday,False,0.0
2021-03-16,239200.0,239100.0,241380.0,240890.0,Tuesday,False,0.0071915374001756405
2021-03-17,240920.0,240320.0,240950.0,240400.0,Wednesday,False,-0.0020341234588401313
2021-03-18,240410.0,239550.0,240430.0,239630.0,Thursday,False,-0.0032029950083194425
2021-03-19,240410.0,239550.0,240430.0,239630.0,Friday,True,0.0
2021-03-20,240410.0,239550.0,240430.0,239630.0,Saturday,True,0.0
2021-03-21,240410.0,239550.0,240430.0,239630.0,Sunday,True,0.0
2021-03-22,240410.0,239550.0,240430.0,239630.0,Monday,True,0.0
2021-03-23,240410.0,239550.0,240430.0,239630.0,Tuesday,True,0.0
2021-03-24,240410.0,239550.0,240430.0,239630.0,Wednesday,True,0.0
2021-03-25,240410.0,239550.0,240430.0,239630.0,Thursday,True,0.0
2021-03-26,240410.0,239550.0,240430.0,239630.0,Friday,True,0.0
2021-03-27,239640.0,239550.0,247580.0,247560.0,Saturday,False,0.03309268455535608
2021-03-28,247510.0,247470.0,252350.0,252330.0,Sunday,False,0.019268056228793018
2021-03-29,247510.0,247470.0,252350.0,252330.0,Monday,True,0.0
2021-03-30,252340.0,252240.0,257120.0,252540.0,Tuesday,False,0.0008322434906669063
2021-03-31,252550.0,251990.0,252550.0,252040.0,Wednesday,False,-0.001979884374752494
2021-04-01,252040.0,251990.0,252100.0,252100.0,Thursday,False,0.00023805745119820365
2021-04-02,252040.0,251990.0,252100.0,252100.0,Friday,True,0.0
2021-04-03,252010.0,244600.0,252100.0,244650.0,Saturday,False,-0.029551765172550537
2021-04-04,244700.0,242630.0,244710.0,242720.0,Sunday,False,-0.007888820764357263
2021-04-05,242660.0,242630.0,245310.0,244050.0,Monday,False,0.005479564930784386
2021-04-06,244100.0,244010.0,247170.0,247110.0,Tuesday,False,0.012538414259373187
2021-04-07,247150.0,244620.0,247170.0,244620.0,Wednesday,False,-0.01007648415685325
2021-04-08,244730.0,244620.0,244730.0,244660.0,Thursday,False,0.00016351892731591988
2021-04-09,244730.0,244620.0,244730.0,244660.0,Friday,True,0.0
2021-04-10,242890.0,241860.0,243570.0,241880.0,Saturday,False,-0.01136270743072021
2021-04-11,241950.0,241860.0,243930.0,242850.0,Sunday,False,0.004010253018025489
2021-04-12,242920.0,242520.0,243740.0,242960.0,Monday,False,0.00045295449866178394
2021-04-13,243020.0,240790.0,243060.0,240900.0,Tuesday,False,-0.008478761936121182
2021-04-14,240800.0,240790.0,242390.0,242350.0,Wednesday,False,0.006019095060191049
2021-04-15,240920.0,239860.0,241010.0,239870.0,Thursday,False,-0.010233133897255997
2021-04-16,240920.0,239860.0,241010.0,239870.0,Friday,True,0.0
2021-04-17,239930.0,239860.0,240000.0,239930.0,Saturday,False,0.00025013549005703517
2021-04-18,239900.0,238750.0,240000.0,238820.0,Sunday,False,-0.004626349351894321
2021-04-19,238830.0,238170.0,238860.0,238170.0,Monday,False,-0.002721715099237909
2021-04-20,238190.0,233640.0,238280.0,233740.0,Tuesday,False,-0.01860015954990135
2021-04-21,233650.0,233640.0,233750.0,233690.0,Wednesday,False,-0.0002139128946693214
2021-04-22,233750.0,233280.0,233750.0,233300.0,Thursday,False,-0.0016688775728529448
2021-04-23,233750.0,233280.0,233750.0,233300.0,Friday,True,0.0
2021-04-24,233350.0,233280.0,233390.0,233370.0,Saturday,False,0.00030004286326623664
2021-04-25,233280.0,233280.0,233390.0,233390.0,Sunday,False,8.570081844272437e-05
2021-04-26,233380.0,232750.0,233390.0,232760.0,Monday,False,-0.0026993444449204818
2021-04-27,232770.0,232540.0,234090.0,232610.0,Tuesday,False,-0.000644440625537035
2021-04-28,232640.0,232310.0,232650.0,232330.0,Wednesday,False,-0.0012037315678603555
2021-04-29,232410.0,232310.0,232420.0,232310.0,Thursday,False,-8.608444884428135e-05
2021-04-30,232410.0,232310.0,232420.0,232310.0,Friday,True,0.0
2021-05-01,232340.0,229020.0,232420.0,229100.0,Saturday,False,-0.013817743532348992
2021-05-02,229110.0,218380.0,229130.0,218380.0,Sunday,False,-0.04679179397642952
2021-05-03,218430.0,217260.0,218490.0,217310.0,Monday,False,-0.004899716091217199
2021-05-04,218430.0,217260.0,218490.0,217310.0,Tuesday,True,0.0
2021-05-05,214080.0,206210.0,214080.0,209450.0,Wednesday,False,-0.03616952740324886
2021-05-06,206440.0,206370.0,206480.0,206480.0,Thursday,False,-0.01417999522559088
2021-05-07,206440.0,206370.0,206480.0,206480.0,Friday,True,0.0
2021-05-08,206390.0,206370.0,206480.0,206370.0,Saturday,False,-0.0005327392483533977
2021-05-09,206450.0,206370.0,207300.0,207260.0,Sunday,False,0.004312642341425699
2021-05-10,207240.0,207190.0,217040.0,216130.0,Monday,False,0.04279648750361864
2021-05-11,216080.0,216080.0,223410.0,221850.0,Tuesday,False,0.026465553139314313
2021-05-12,221860.0,219750.0,221950.0,219750.0,Wednesday,False,-0.009465855307640325
2021-05-13,219790.0,216130.0,219860.0,216130.0,Thursday,False,-0.01647326507394764
2021-05-14,219790.0,216130.0,219860.0,216130.0,Friday,True,0.0
2021-05-15,220760.0,220410.0,221880.0,220500.0,Saturday,False,0.020219312450839855
2021-05-16,220520.0,220410.0,224160.0,224140.0,Sunday,False,0.016507936507936583
2021-05-17,224160.0,222140.0,225270.0,222190.0,Monday,False,-0.008699919693048952
2021-05-18,222240.0,222140.0,225380.0,225340.0,Tuesday,False,0.014177055673072703
2021-05-19,225270.0,221720.0,225380.0,221790.0,Wednesday,False,-0.015753971775982922
2021-05-20,223990.0,222930.0,224020.0,223000.0,Thursday,False,0.005455611163713403
2021-05-21,223990.0,222930.0,224020.0,223000.0,Friday,True,0.0
2021-05-22,222980.0,222930.0,223550.0,223490.0,Saturday,False,0.0021973094170404384
2021-05-23,223440.0,223390.0,223990.0,223510.0,Sunday,False,8.948946261577717e-05
2021-05-24,223590.0,223490.0,225110.0,224110.0,Monday,False,0.002684443649053625
2021-05-25,224120.0,223150.0,224430.0,224100.0,Tuesday,False,-4.462094507162728e-05
2021-05-26,224190.0,224100.0,225270.0,225160.0,Wednesday,False,0.004730031236055421
2021-05-27,225260.0,225170.0,231470.0,231470.0,Thursday,False,0.02802451589980448
2021-05-28,225260.0,225170.0,231470.0,231470.0,Friday,True,0.0
2021-05-29,226560.0,226460.0,234660.0,234660.0,Saturday,False,0.013781483561584595
2021-05-30,234640.0,234550.0,238660.0,238570.0,Sunday,False,0.01666240518196549
2021-05-31,238590.0,232950.0,238660.0,234060.0,Monday,False,-0.018904304816196538
2021-06-01,234000.0,233970.0,238660.0,234160.0,Tuesday,False,0.00042724087840717573
2021-06-02,234060.0,228150.0,234360.0,234240.0,Wednesday,False,0.0003416467372736598
2021-06-03,234330.0,233900.0,234350.0,234330.0,Thursday,False,0.0003842213114753079
2021-06-04,234330.0,233900.0,234350.0,234330.0,Friday,True,0.0
2021-06-05,234330.0,233900.0,234350.0,234330.0,Saturday,True,0.0
2021-06-06,234330.0,233900.0,234350.0,234330.0,Sunday,True,0.0
2021-06-07,234340.0,234240.0,235960.0,235950.0,Monday,False,0.006913327358852861
2021-06-08,235890.0,234820.0,235960.0,235490.0,Tuesday,False,-0.0019495655859291805
2021-06-09,235480.0,235440.0,241550.0,241440.0,Wednesday,False,0.02526646566733204
2021-06-10,240010.0,239140.0,240450.0,239230.0,Thursday,False,-0.009153412856196197
2021-06-11,240010.0,239140.0,240450.0,239230.0,Friday,True,0.0
2021-06-12,236830.0,236140.0,238350.0,237750.0,Saturday,False,-0.006186515069180332
2021-06-13,238970.0,238940.0,241250.0,241030.0,Sunday,False,0.013796004206098944
2021-06-14,240970.0,238550.0,241050.0,239720.0,Monday,False,-0.005435008090279192
2021-06-15,239970.0,239950.0,240050.0,240490.0,Tuesday,False,0.0032120807608877477
2021-06-16,240470.0,239450.0,242250.0,241750.0,Wednesday,False,0.005239303089525471
2021-06-17,242010.0,241950.0,244640.0,244290.0,Thursday,False,0.01050672182006207
2021-06-18,242010.0,241950.0,244640.0,244290.0,Friday,True,0.0
2021-06-19,244490.0,234690.0,244640.0,234890.0,Saturday,False,-0.03847885709607435
2021-06-20,234810.0,234690.0,240440.0,239600.0,Sunday,False,0.020051939205585567
2021-06-21,239940.0,239190.0,241440.0,240990.0,Monday,False,0.00580133555926543
2021-06-22,241190.0,241190.0,243140.0,242670.0,Tuesday,False,0.006971243620067291
2021-06-23,243310.0,240790.0,243340.0,241790.0,Wednesday,False,-0.0036263238142333343
2021-06-24,241690.0,241190.0,242440.0,241890.0,Thursday,False,0.00041358203399655125
2021-06-25,241690.0,241190.0,242440.0,241890.0,Friday,True,0.0
2021-06-26,244500.0,242290.0,245940.0,244540.0,Saturday,False,0.010955392947207487
2021-06-27,243490.0,243490.0,246940.0,246770.0,Sunday,False,0.009119162509200862
2021-06-28,246360.0,246290.0,248640.0,247120.0,Monday,False,0.0014183247558454681
2021-06-29,249000.0,248890.0,252040.0,249650.0,Tuesday,False,0.010237941081256086
2021-06-30,250020.0,249990.0,254130.0,254000.0,Wednesday,False,0.017424394151812628
2021-07-01,253290.0,250690.0,253440.0,251510.0,Thursday,False,-0.009803149606299244
2021-07-02,253290.0,250690.0,253440.0,251510.0,Friday,True,0.0
2021-07-03,251600.0,251390.0,253840.0,252360.0,Saturday,False,0.0033795872927517845
2021-07-04,254490.0,251090.0,254640.0,251510.0,Sunday,False,-0.0033682041527975937
2021-07-05,251220.0,249490.0,251340.0,249720.0,Monday,False,-0.007117013240030223
2021-07-06,250990.0,250590.0,251640.0,251090.0,Tuesday,False,0.005486144481819721
2021-07-07,250490.0,250010.0,251340.0,250860.0,Wednesday,False,-0.0009160062129116575
2021-07-08,251070.0,249490.0,251140.0,250190.0,Thursday,False,-0.002670812405325629
2021-07-09,251070.0,249490.0,251140.0,250190.0,Friday,True,0.0
2021-07-10,250340.0,248190.0,250340.0,249490.0,Saturday,False,-0.0027978736160517714
2021-07-11,249210.0,248790.0,250140.0,249990.0,Sunday,False,0.0020040883402139276
2021-07-12,250040.0,249290.0,250140.0,249690.0,Monday,False,-0.0012000480019200843
2021-07-13,249740.0,247090.0,249740.0,247590.0,Tuesday,False,-0.008410428931875491
2021-07-14,247610.0,244990.0,247640.0,246040.0,Wednesday,False,-0.006260349771800122
2021-07-15,246190.0,246190.0,247940.0,246990.0,Thursday,False,0.0038611607868639375
2021-07-16,246190.0,246190.0,247940.0,246990.0,Friday,True,0.0
2021-07-17,247610.0,247190.0,248340.0,247290.0,Saturday,False,0.001214624073849091
2021-07-18,246890.0,245190.0,247640.0,245290.0,Sunday,False,-0.008087670346556664
2021-07-19,245600.0,244090.0,245640.0,244640.0,Monday,False,-0.0026499245790696513
2021-07-20,244820.0,244790.0,245440.0,245190.0,Tuesday,False,0.0022482014388489624
2021-07-21,244820.0,244790.0,245440.0,245190.0,Wednesday,True,0.0
2021-07-22,246240.0,246190.0,246340.0,246280.0,Thursday,False,0.004445532036379873
2021-07-23,246240.0,246190.0,246340.0,246280.0,Friday,True,0.0
2021-07-24,246190.0,246190.0,247340.0,247090.0,Saturday,False,0.0032889394185480203
2021-07-25,247490.0,247490.0,249630.0,247790.0,Sunday,False,0.0028329758387632964
2021-07-26,248130.0,247890.0,251040.0,250490.0,Monday,False,0.010896323499737681
2021-07-27,250780.0,250690.0,252340.0,251660.0,Tuesday,False,0.004670845143518676
2021-07-28,251800.0,251690.0,256240.0,255990.0,Wednesday,False,0.017205753794802492
2021-07-29,251800.0,251690.0,256240.0,255990.0,Thursday,True,0.0
2021-07-30,251800.0,251690.0,256240.0,255990.0,Friday,True,0.0
2021-07-31,260270.0,256990.0,260640.0,257290.0,Saturday,False,0.005078323372006643
2021-08-01,257190.0,254290.0,257640.0,254890.0,Sunday,False,-0.009327995646935316
2021-08-02,255690.0,254590.0,256640.0,255190.0,Monday,False,0.0011769783043666937
2021-08-03,255790.0,255690.0,258140.0,257290.0,Tuesday,False,0.008229162584740823
2021-08-04,257250.0,254690.0,257340.0,256190.0,Wednesday,False,-0.004275331338178701
2021-08-05,256490.0,255790.0,256740.0,256190.0,Thursday,False,0.0
2021-08-06,256490.0,255790.0,256740.0,256190.0,Friday,True,0.0
2021-08-07,254190.0,253990.0,257140.0,256380.0,Saturday,False,0.0007416370662398641
2021-08-08,256290.0,252390.0,257440.0,256890.0,Sunday,False,0.0019892347296981416
2021-08-09,256340.0,256190.0,259940.0,259090.0,Monday,False,0.008563976799408346
2021-08-10,258990.0,258990.0,263940.0,263340.0,Tuesday,False,0.016403566328302865
2021-08-11,264690.0,263790.0,267640.0,266090.0,Wednesday,False,0.010442773600668254
2021-08-12,265890.0,262890.0,266840.0,264290.0,Thursday,False,-0.006764628509151049
2021-08-13,265890.0,262890.0,266840.0,264290.0,Friday,True,0.0
2021-08-14,263110.0,262590.0,267240.0,263190.0,Saturday,False,-0.004162094668735072
2021-08-15,263490.0,263490.0,269540.0,268990.0,Sunday,False,0.02203731144800325
2021-08-16,269110.0,268990.0,269140.0,269070.0,Monday,False,0.00029740882560691517
2021-08-17,269080.0,268990.0,269140.0,268990.0,Tuesday,False,-0.0002973203998959395
2021-08-18,269080.0,268990.0,269140.0,268990.0,Wednesday,True,0.0
2021-08-19,269080.0,268990.0,269140.0,268990.0,Thursday,True,0.0
2021-08-20,269080.0,268990.0,269140.0,268990.0,Friday,True,0.0
2021-08-21,269030.0,268990.0,272500.0,272500.0,Saturday,False,0.013048812223502626
2021-08-22,274500.0,273490.0,275440.0,274490.0,Sunday,False,0.007302752293578019
2021-08-23,274390.0,273690.0,276940.0,276590.0,Monday,False,0.007650551932675054
2021-08-24,277190.0,275690.0,278940.0,276530.0,Tuesday,False,-0.00021692758234204135
2021-08-25,277530.0,276790.0,280940.0,278490.0,Wednesday,False,0.007087838570860372
2021-08-26,279490.0,277890.0,280240.0,278990.0,Thursday,False,0.001795396603109678
2021-08-27,279490.0,277890.0,280240.0,278990.0,Friday,True,0.0
2021-08-28,282460.0,281190.0,283740.0,282010.0,Saturday,False,0.01082476074411276
2021-08-29,281890.0,275490.0,282040.0,276080.0,Sunday,False,-0.021027623133931472
2021-08-30,273850.0,269350.0,274010.0,270640.0,Monday,False,-0.019704433497536922
2021-08-31,273870.0,272250.0,274310.0,274220.0,Tuesday,False,0.013227904227017362
2021-09-01,273310.0,270050.0,273410.0,270350.0,Wednesday,False,-0.014112756181168362
2021-09-02,270860.0,270850.0,272910.0,272910.0,Thursday,False,0.00946920658405781
2021-09-03,270860.0,270850.0,272910.0,272910.0,Friday,True,0.0
2021-09-04,272810.0,270050.0,274110.0,270310.0,Saturday,False,-0.00952695027664796
2021-09-05,271110.0,270550.0,272810.0,270680.0,Sunday,False,0.0013687987865784734
2021-09-06,271110.0,269660.0,271510.0,271210.0,Monday,False,0.001958031624057943
2021-09-07,271810.0,270760.0,274010.0,273810.0,Tuesday,False,0.009586667158290707
2021-09-08,275120.0,275050.0,277310.0,276810.0,Wednesday,False,0.010956502684343228
2021-09-09,276880.0,276350.0,279010.0,278270.0,Thursday,False,0.0052743759257252165
2021-09-10,276880.0,276350.0,279010.0,278270.0,Friday,True,0.0
2021-09-11,278670.0,276550.0,278810.0,277310.0,Saturday,False,-0.00344988680058933
2021-09-12,277210.0,272250.0,277210.0,272510.0,Sunday,False,-0.017309148606252878
2021-09-13,270490.0,269050.0,273210.0,273110.0,Monday,False,0.002201754064071082
2021-09-14,274510.0,273350.0,277310.0,276470.0,Tuesday,False,0.012302735161656475
2021-09-15,272210.0,272050.0,274210.0,273210.0,Wednesday,False,-0.011791514450030793
2021-09-16,273610.0,272150.0,274510.0,274460.0,Thursday,False,0.004575235167087577
2021-09-17,273610.0,272150.0,274510.0,274460.0,Friday,True,0.0
2021-09-18,276010.0,273050.0,276410.0,273710.0,Saturday,False,-0.002732638635866813
2021-09-19,272850.0,272850.0,275010.0,274650.0,Sunday,False,0.0034342917686602803
2021-09-20,274210.0,273350.0,274510.0,274430.0,Monday,False,-0.000801019479337306
2021-09-21,274450.0,273650.0,276310.0,274030.0,Tuesday,False,-0.001457566592573678
2021-09-22,274610.0,274450.0,276110.0,275210.0,Wednesday,False,0.0043060978724958066
2021-09-23,275270.0,275050.0,276810.0,276810.0,Thursday,False,0.005813742233203634
2021-09-24,275270.0,275050.0,276810.0,276810.0,Friday,True,0.0
2021-09-25,276480.0,274850.0,276810.0,275610.0,Saturday,False,-0.004335103500596071
2021-09-26,275390.0,275350.0,276910.0,276810.0,Sunday,False,0.004353978447806606
2021-09-27,275390.0,275350.0,276910.0,276810.0,Monday,True,0.0
2021-09-28,277590.0,277550.0,280710.0,280710.0,Tuesday,False,0.014089086376937177
2021-09-29,281490.0,281270.0,283210.0,282510.0,Wednesday,False,0.006412311638345658
2021-09-30,283160.0,282550.0,284710.0,284710.0,Thursday,False,0.007787334961594228
2021-10-01,283160.0,282550.0,284710.0,284710.0,Friday,True,0.0
2021-10-02,282980.0,281150.0,283510.0,282010.0,Saturday,False,-0.009483333918724357
2021-10-03,281560.0,279450.0,281610.0,280410.0,Sunday,False,-0.005673557675259788
2021-10-04,279950.0,279650.0,281680.0,281360.0,Monday,False,0.0033878962947113678
2021-10-05,279950.0,279650.0,281680.0,281360.0,Tuesday,True,0.0
2021-10-06,281210.0,279100.0,281680.0,279320.0,Wednesday,False,-0.007250497583167426
2021-10-07,281210.0,279100.0,281680.0,279320.0,Thursday,True,0.0
2021-10-08,281210.0,279100.0,281680.0,279320.0,Friday,True,0.0
2021-10-09,279230.0,275500.0,279380.0,275600.0,Saturday,False,-0.013318058141200018
2021-10-10,275620.0,274700.0,276280.0,275810.0,Sunday,False,0.0007619738751813987
2021-10-11,275730.0,272610.0,276080.0,273330.0,Monday,False,-0.008991697182843317
2021-10-12,273440.0,269900.0,273680.0,270730.0,Tuesday,False,-0.009512311125745465
2021-10-13,270670.0,270100.0,272780.0,271560.0,Wednesday,False,0.0030657850995456926
2021-10-14,272380.0,270400.0,272480.0,270870.0,Thursday,False,-0.002540874944763627
2021-10-15,272380.0,270400.0,272480.0,270870.0,Friday,True,0.0
2021-10-16,272810.0,271900.0,273280.0,272850.0,Saturday,False,0.0073097795990697545
2021-10-17,272840.0,271120.0,272980.0,271820.0,Sunday,False,-0.0037749679310976614
2021-10-18,271470.0,271100.0,273180.0,272640.0,Monday,False,0.0030167022294165236
2021-10-19,273530.0,273400.0,275380.0,274830.0,Tuesday,False,0.008032570422535246
2021-10-20,274060.0,272610.0,274180.0,273080.0,Wednesday,False,-0.006367572681293843
2021-10-21,273670.0,273500.0,274680.0,274150.0,Thursday,False,0.003918265709682123
2021-10-22,273670.0,273500.0,274680.0,274150.0,Friday,True,0.0
2021-10-23,274220.0,274100.0,276080.0,276030.0,Saturday,False,0.006857559730074847
2021-10-24,274220.0,274100.0,276080.0,276030.0,Sunday,True,0.0
2021-10-25,276530.0,275400.0,276780.0,275620.0,Monday,False,-0.001485345795746884
2021-10-26,275110.0,273900.0,275780.0,275770.0,Tuesday,False,0.000544227559683641
2021-10-27,275690.0,275400.0,278080.0,276780.0,Wednesday,False,0.003662472350146828
2021-10-28,277020.0,276400.0,277080.0,276570.0,Thursday,False,-0.0007587253414264028
2021-10-29,277020.0,276400.0,277080.0,276570.0,Friday,True,0.0
2021-10-30,276640.0,274100.0,276680.0,276140.0,Saturday,False,-0.0015547600969013642
2021-10-31,275390.0,274300.0,276080.0,275750.0,Sunday,False,-0.0014123270804664578
2021-11-01,275980.0,274700.0,276380.0,275070.0,Monday,False,-0.00246600181323664
2021-11-02,275150.0,275100.0,276080.0,276010.0,Tuesday,False,0.0034173119569564925
2021-11-03,275920.0,275800.0,279280.0,278970.0,Wednesday,False,0.010724249121408569
2021-11-04,277280.0,276300.0,277280.0,276510.0,Thursday,False,-0.008818152489515008
2021-11-05,277280.0,276300.0,277280.0,276510.0,Friday,True,0.0
2021-11-06,277460.0,277300.0,279580.0,278240.0,Saturday,False,0.006256554916639567
2021-11-07,278010.0,277200.0,280080.0,279910.0,Sunday,False,0.006002012650948796
2021-11-08,279840.0,279700.0,281380.0,280240.0,Monday,False,0.001178950376906851
2021-11-09,280230.0,280200.0,281780.0,281060.0,Tuesday,False,0.0029260633742507203
2021-11-10,281760.0,281400.0,283880.0,283660.0,Wednesday,False,0.009250693802035137
2021-11-11,283180.0,283100.0,284480.0,284240.0,Thursday,False,0.0020447014030882116
2021-11-12,283180.0,283100.0,284480.0,284240.0,Friday,True,0.0
2021-11-13,284130.0,284100.0,287480.0,286400.0,Saturday,False,0.007599211933577266
2021-11-14,286540.0,284900.0,287480.0,285230.0,Sunday,False,-0.004085195530726282
2021-11-15,283520.0,269700.0,283550.0,280280.0,Monday,False,-0.017354415734670225
2021-11-16,279710.0,278930.0,280370.0,279930.0,Tuesday,False,-0.0012487512487512342
2021-11-17,279590.0,278890.0,279740.0,279700.0,Wednesday,False,-0.0008216339799235195
2021-11-18,279440.0,278730.0,279540.0,281400.0,Thursday,False,0.006077940650697222
2021-11-19,279440.0,278730.0,279540.0,281400.0,Friday,True,0.0
2021-11-20,280350.0,280030.0,281080.0,280770.0,Saturday,False,-0.002238805970149249
2021-11-21,280320.0,280130.0,283400.0,282960.0,Sunday,False,0.007799978630195437
2021-11-22,282530.0,281850.0,284100.0,283870.0,Monday,False,0.003216002261803741
2021-11-23,284980.0,283850.0,286100.0,286010.0,Tuesday,False,0.007538662063620638
2021-11-24,286720.0,286600.0,292600.0,291020.0,Wednesday,False,0.01751687003950919
2021-11-25,289400.0,287650.0,289400.0,288080.0,Thursday,False,-0.010102398460586914
2021-11-26,289400.0,287650.0,289400.0,288080.0,Friday,True,0.0
2021-11-27,286950.0,278070.0,287090.0,282100.0,Saturday,False,-0.020758122743682272
2021-11-28,281700.0,273470.0,281700.0,273700.0,Sunday,False,-0.02977667493796521
2021-11-29,293500.0,291200.0,293500.0,291200.0,Monday,False,0.0639386189258313
2021-11-30,288800.0,286550.0,292840.0,289070.0,Tuesday,False,-0.007314560439560469
2021-12-01,260370.0,260230.0,266270.0,266170.0,Wednesday,False,-0.07921956619503923
2021-12-02,266930.0,266860.0,273290.0,273240.0,Thursday,False,0.026561971672239615
2021-12-03,266930.0,266860.0,273290.0,273240.0,Friday,True,0.0
2021-12-04,273260.0,273130.0,280230.0,279750.0,Saturday,False,0.023825208607817228
2021-12-05,279730.0,278560.0,279770.0,278640.0,Sunday,False,-0.003967828418230512
2021-12-06,278720.0,278080.0,278720.0,278240.0,Monday,False,-0.0014355440712029433
2021-12-07,278200.0,278080.0,278240.0,278130.0,Tuesday,False,-0.000395342150661282
2021-12-08,278160.0,277610.0,278240.0,277770.0,Wednesday,False,-0.0012943587531010214
2021-12-09,277640.0,277000.0,277770.0,277040.0,Thursday,False,-0.002628073586060431
2021-12-10,277640.0,277000.0,277770.0,277040.0,Friday,True,0.0
2021-12-11,277160.0,276820.0,277160.0,276950.0,Saturday,False,-0.00032486283569155283
2021-12-12,276940.0,276770.0,276980.0,276930.0,Sunday,False,-7.221520129985226e-05
2021-12-13,276830.0,274630.0,276930.0,274790.0,Monday,False,-0.007727584588163028
2021-12-14,274650.0,274050.0,274690.0,274140.0,Tuesday,False,-0.0023654427016994717
2021-12-15,274120.0,274050.0,274210.0,274110.0,Wednesday,False,-0.00010943313635369822
2021-12-16,274220.0,274060.0,274220.0,274170.0,Thursday,False,0.00021889022655141588
2021-12-17,274220.0,274060.0,274220.0,274170.0,Friday,True,0.0
2021-12-18,274150.0,274060.0,274420.0,274420.0,Saturday,False,0.0009118430171062286
2021-12-19,274350.0,273860.0,274420.0,274020.0,Sunday,False,-0.0014576197070184094
2021-12-20,273990.0,273860.0,274020.0,273860.0,Monday,False,-0.0005838989854755061
2021-12-21,274020.0,272850.0,274020.0,273010.0,Tuesday,False,-0.0031037756517928727
2021-12-22,272850.0,272850.0,274020.0,274020.0,Wednesday,False,0.003699498186879646
2021-12-23,273970.0,273860.0,274020.0,274020.0,Thursday,False,0.0
2021-12-24,273970.0,273860.0,274020.0,274020.0,Friday,True,0.0
2021-12-25,274000.0,273860.0,274020.0,274020.0,Saturday,False,0.0
2021-12-26,273950.0,273860.0,274020.0,273990.0,Sunday,False,-0.00010948105977670597
2021-12-27,273950.0,273860.0,274020.0,274020.0,Monday,False,0.00010949304719143349
2021-12-28,273950.0,273860.0,274020.0,273880.0,Tuesday,False,-0.0005109116122911095
2021-12-29,274340.0,274260.0,274420.0,274330.0,Wednesday,False,0.001643055352709144
2021-12-30,274420.0,273790.0,274420.0,273880.0,Thursday,False,-0.0016403601501840948
2021-12-31,274420.0,273790.0,274420.0,273880.0,Friday,True,0.0
2022-01-01,273950.0,273790.0,273950.0,273950.0,Saturday,False,0.00025558638819922486
2022-01-02,273990.0,273790.0,273990.0,273950.0,Sunday,False,0.0
2022-01-03,273860.0,273790.0,273950.0,273950.0,Monday,False,0.0
2022-01-04,273860.0,269740.0,273950.0,269900.0,Tuesday,False,-0.014783719656871641
2022-01-05,269760.0,269740.0,269900.0,269900.0,Wednesday,False,0.0
2022-01-06,269760.0,269740.0,269900.0,269900.0,Thursday,True,0.0
2022-01-07,269760.0,269740.0,269900.0,269900.0,Friday,True,0.0
2022-01-08,269880.0,268730.0,269900.0,268890.0,Saturday,False,-0.0037421267135976377
2022-01-09,268810.0,268230.0,268890.0,268310.0,Sunday,False,-0.002157015880099644
2022-01-10,268390.0,267220.0,268390.0,267380.0,Monday,False,-0.003466139912787436
2022-01-11,267320.0,267010.0,267380.0,267050.0,Tuesday,False,-0.0012341985189617821
2022-01-12,267140.0,266510.0,267170.0,266670.0,Wednesday,False,-0.0014229545029020851
2022-01-13,277400.0,277400.0,277400.0,277400.0,Thursday,False,0.04023699703753714
2022-01-14,277400.0,277400.0,277400.0,277400.0,Friday,True,0.0
2022-01-15,266670.0,264990.0,276300.0,274530.0,Saturday,False,-0.010346070656092277
2022-01-16,276440.0,273340.0,276590.0,275080.0,Sunday,False,0.0020034240338031584
2022-01-17,271690.0,271570.0,273290.0,272850.0,Monday,False,-0.00810673258688377
2022-01-18,271870.0,271250.0,274600.0,273490.0,Tuesday,False,0.0023456111416528813
2022-01-19,274270.0,274050.0,276100.0,274760.0,Wednesday,False,0.004643679842041726
2022-01-20,274650.0,274550.0,275590.0,275250.0,Thursday,False,0.0017833745814528346
2022-01-21,274650.0,274550.0,275590.0,275250.0,Friday,True,0.0
2022-01-22,275950.0,274550.0,276400.0,275230.0,Saturday,False,-7.266121707538709e-05
2022-01-23,274750.0,274350.0,277800.0,277640.0,Sunday,False,0.00875631290193657
2022-01-24,279300.0,278850.0,281400.0,279790.0,Monday,False,0.007743840945108715
2022-01-25,278170.0,277350.0,278800.0,277760.0,Tuesday,False,-0.007255441581185851
2022-01-26,279020.0,278360.0,281300.0,278610.0,Wednesday,False,0.0030601958525344752
2022-01-27,277240.0,276860.0,278100.0,277710.0,Thursday,False,-0.003230321955421611
2022-01-28,277240.0,276860.0,278100.0,277710.0,Friday,True,0.0
2022-01-29,282080.0,279050.0,282800.0,279270.0,Saturday,False,0.005617370638435704
2022-01-30,277880.0,277750.0,279400.0,278880.0,Sunday,False,-0.0013964980126759396
2022-01-31,278810.0,276350.0,278970.0,276870.0,Monday,False,-0.007207401032702232
2022-02-01,277540.0,273750.0,277600.0,274580.0,Tuesday,False,-0.00827102972514171
2022-02-02,273770.0,272250.0,274200.0,272550.0,Wednesday,False,-0.0073931094762910154
2022-02-03,273050.0,271960.0,274000.0,272650.0,Thursday,False,0.0003669051550174718
2022-02-04,273050.0,271960.0,274000.0,272650.0,Friday,True,0.0
2022-02-05,268730.0,263050.0,268900.0,263660.0,Saturday,False,-0.03297267559141759
2022-02-06,261170.0,261050.0,267800.0,267610.0,Sunday,False,0.01498141545930376
2022-02-07,266690.0,263750.0,266900.0,264480.0,Monday,False,-0.01169612495796124
2022-02-08,262070.0,259250.0,262400.0,260580.0,Tuesday,False,-0.01474591651542645
2022-02-09,263690.0,260650.0,263700.0,262340.0,Wednesday,False,0.006754163788471823
2022-02-10,262390.0,262150.0,262400.0,262270.0,Thursday,False,-0.0002668293054813864
2022-02-11,262390.0,262150.0,262400.0,262270.0,Friday,True,0.0
2022-02-12,262190.0,262150.0,266400.0,264590.0,Saturday,False,0.008845845884012604
2022-02-13,264490.0,264280.0,268800.0,268640.0,Sunday,False,0.015306700933519712
2022-02-14,270840.0,268390.0,270860.0,269700.0,Monday,False,0.003945801072066768
2022-02-15,270840.0,268390.0,270860.0,269700.0,Tuesday,True,0.0
2022-02-16,267040.0,264850.0,268300.0,265100.0,Wednesday,False,-0.017055988134964783
2022-02-17,264980.0,262850.0,265300.0,263290.0,Thursday,False,-0.006827612221803059
2022-02-18,264980.0,262850.0,265300.0,263290.0,Friday,True,0.0
2022-02-19,263120.0,259920.0,263120.0,260090.0,Saturday,False,-0.012153898742831126
2022-02-20,258800.0,254050.0,258800.0,254090.0,Sunday,False,-0.023068937675420065
2022-02-21,255380.0,254850.0,258400.0,258040.0,Monday,False,0.015545672793104703
2022-02-22,258540.0,258360.0,261890.0,260370.0,Tuesday,False,0.009029607812742313
2022-02-23,262080.0,259350.0,262600.0,259370.0,Wednesday,False,-0.0038406882513346563
2022-02-24,261690.0,259850.0,262100.0,261440.0,Thursday,False,0.007980876739792642
2022-02-25,261690.0,259850.0,262100.0,261440.0,Friday,True,0.0
2022-02-26,260830.0,259150.0,260890.0,260370.0,Saturday,False,-0.00409271725826188
2022-02-27,260140.0,259350.0,260400.0,259950.0,Sunday,False,-0.001613089065560569
2022-02-28,259860.0,259550.0,260300.0,259650.0,Monday,False,-0.0011540680900172795
2022-03-01,259860.0,259550.0,260300.0,259650.0,Tuesday,True,0.0
2022-03-02,258710.0,255550.0,259000.0,255720.0,Wednesday,False,-0.015135759676487615
2022-03-03,255530.0,255350.0,257800.0,256150.0,Thursday,False,0.0016815266697951525
2022-03-04,255530.0,255350.0,257800.0,256150.0,Friday,True,0.0
2022-03-05,256600.0,253760.0,256700.0,254300.0,Saturday,False,-0.007222330665625609
2022-03-06,252610.0,251250.0,254300.0,253830.0,Sunday,False,-0.0018482107746755627
2022-03-07,254750.0,254270.0,258890.0,258180.0,Monday,False,0.01713745420163093
2022-03-08,258860.0,258650.0,262600.0,260410.0,Tuesday,False,0.008637384770315393
2022-03-09,258750.0,254850.0,258990.0,257450.0,Wednesday,False,-0.011366690987289263
2022-03-10,257770.0,256570.0,258300.0,256960.0,Thursday,False,-0.0019032821907166708
2022-03-11,257770.0,256570.0,258300.0,256960.0,Friday,True,0.0
2022-03-12,257080.0,256850.0,264390.0,258980.0,Saturday,False,0.007861145703611516
2022-03-13,260740.0,260650.0,265900.0,264170.0,Sunday,False,0.02004015754112287
2022-03-14,262550.0,261550.0,263100.0,262650.0,Monday,False,-0.005753870613619982
2022-03-15,263440.0,263150.0,265900.0,263620.0,Tuesday,False,0.0036931277365315207
2022-03-16,262560.0,262350.0,264400.0,263790.0,Wednesday,False,0.0006448676124723995
2022-03-17,262060.0,262050.0,262300.0,262300.0,Thursday,False,-0.005648432465218511
2022-03-18,262060.0,262050.0,262300.0,262300.0,Friday,True,0.0
2022-03-19,262060.0,262050.0,262300.0,262300.0,Saturday,True,0.0
2022-03-20,262060.0,262050.0,262300.0,262300.0,Sunday,True,0.0
2022-03-21,262060.0,262050.0,262300.0,262300.0,Monday,True,0.0
2022-03-22,262060.0,262050.0,262300.0,262300.0,Tuesday,True,0.0
2022-03-23,262060.0,262050.0,262300.0,262300.0,Wednesday,True,0.0
2022-03-24,262060.0,262050.0,262300.0,262300.0,Thursday,True,0.0
2022-03-25,262060.0,262050.0,262300.0,262300.0,Friday,True,0.0
2022-03-26,262240.0,261650.0,266100.0,262340.0,Saturday,False,0.00015249714067855358
2022-03-27,262210.0,262100.0,262750.0,262590.0,Sunday,False,0.0009529618052908084
2022-03-28,262750.0,262500.0,267490.0,266620.0,Monday,False,0.015347119082981031
2022-03-29,267400.0,267050.0,270700.0,270250.0,Tuesday,False,0.013614882604455758
2022-03-30,271800.0,269450.0,272000.0,270670.0,Wednesday,False,0.0015541165587418249
2022-03-31,270460.0,269950.0,271500.0,271140.0,Thursday,False,0.0017364318173420656
2022-04-01,270460.0,269950.0,271500.0,271140.0,Friday,True,0.0
2022-04-02,270460.0,269950.0,271500.0,271140.0,Saturday,True,0.0
2022-04-03,270140.0,268000.0,270200.0,269020.0,Sunday,False,-0.007818838976174636
2022-04-04,269140.0,269000.0,272000.0,269880.0,Monday,False,0.0031967883428740684
2022-04-05,270140.0,269200.0,275400.0,275270.0,Tuesday,False,0.019971839336001107
2022-04-06,274960.0,271880.0,275100.0,272670.0,Wednesday,False,-0.00944527191484723
2022-04-07,272680.0,272500.0,276000.0,274830.0,Thursday,False,0.007921663549345315
2022-04-08,272680.0,272500.0,276000.0,274830.0,Friday,True,0.0
2022-04-09,274970.0,274900.0,277300.0,276930.0,Saturday,False,0.0076410872175527444
2022-04-10,276310.0,275700.0,279300.0,279090.0,Sunday,False,0.007799805004874871
2022-04-11,278880.0,252660.0,281300.0,279450.0,Monday,False,0.0012899064817801786
2022-04-12,279620.0,278200.0,281500.0,278900.0,Tuesday,False,-0.0019681517266058046
2022-04-13,278680.0,275600.0,278700.0,278050.0,Wednesday,False,-0.0030476873431337648
2022-04-14,277320.0,277200.0,277400.0,277910.0,Thursday,False,-0.0005035065635676794
2022-04-15,277320.0,277200.0,277400.0,277910.0,Friday,True,0.0
2022-04-16,275340.0,275200.0,279600.0,278910.0,Saturday,False,0.003598287215285545
2022-04-17,278710.0,278600.0,280800.0,278970.0,Sunday,False,0.0002151231580078683
2022-04-18,278370.0,276000.0,279900.0,276510.0,Monday,False,-0.008818152489515008
2022-04-19,276520.0,275510.0,278090.0,275720.0,Tuesday,False,-0.0028570395284076566
2022-04-20,275610.0,275500.0,278200.0,277350.0,Wednesday,False,0.005911794574205764
2022-04-21,277440.0,277400.0,279200.0,278640.0,Thursday,False,0.0046511627906977715
2022-04-22,277440.0,277400.0,279200.0,278640.0,Friday,True,0.0
2022-04-23,277440.0,277400.0,279200.0,278640.0,Saturday,True,0.0
2022-04-24,278570.0,277900.0,279300.0,278060.0,Sunday,False,-0.002081538903244362
2022-04-25,277790.0,277000.0,278800.0,278410.0,Monday,False,0.0012587211393224607
2022-04-26,278460.0,278300.0,280600.0,279350.0,Tuesday,False,0.003376315505908556
2022-04-27,279390.0,279200.0,281100.0,280380.0,Wednesday,False,0.0036871308394488267
2022-04-28,279240.0,278500.0,280700.0,279500.0,Thursday,False,-0.003138597617519112
2022-04-29,279240.0,278500.0,280700.0,279500.0,Friday,True,0.0
2022-04-30,279720.0,279100.0,280490.0,279220.0,Saturday,False,-0.0010017889087656773
2022-05-01,279460.0,279400.0,279900.0,279560.0,Sunday,False,0.0012176778167753977
2022-05-02,279530.0,279050.0,280300.0,280210.0,Monday,False,0.0023250822721418984
2022-05-03,279530.0,279050.0,280300.0,280210.0,Tuesday,True,0.0
2022-05-04,279530.0,279050.0,280300.0,280210.0,Wednesday,True,0.0
2022-05-05,279800.0,279300.0,280630.0,280560.0,Thursday,False,0.0012490632025980997
2022-05-06,279800.0,279300.0,280630.0,280560.0,Friday,True,0.0
2022-05-07,279550.0,279410.0,283200.0,281760.0,Saturday,False,0.004277159965782706
2022-05-08,281490.0,280700.0,282100.0,281030.0,Sunday,False,-0.0025908574673481066
2022-05-09,282930.0,281800.0,283100.0,282290.0,Monday,False,0.00448350709888623
2022-05-10,282210.0,282210.0,288300.0,287410.0,Tuesday,False,0.018137376456835108
2022-08-30,295300.0,294950.0,297720.0,297610.0,Tuesday,False,0.03548937058557455
2022-08-31,300860.0,298950.0,301220.0,299050.0,Wednesday,False,0.004838547091831513
2022-09-01,298260.0,297950.0,298520.0,298470.0,Thursday,False,-0.0019394750041799025
2022-09-02,298260.0,297950.0,298520.0,298470.0,Friday,True,0.0
2022-09-03,298820.0,298350.0,300320.0,299450.0,Saturday,False,0.003283412068214586
2022-09-04,300990.0,300950.0,303220.0,302560.0,Sunday,False,0.010385707129737742
2022-09-05,302420.0,297450.0,302420.0,302170.0,Monday,False,-0.0012890005288207496
2022-09-06,301990.0,301150.0,303020.0,302480.0,Tuesday,False,0.001025912565774334
2022-09-07,301210.0,299750.0,302520.0,302170.0,Wednesday,False,-0.0010248611478445024
2022-09-08,301510.0,300950.0,303020.0,302410.0,Thursday,False,0.0007942548896315849
2022-09-09,301510.0,300950.0,303020.0,302410.0,Friday,True,0.0
2022-09-10,304520.0,303650.0,307520.0,303750.0,Saturday,False,0.004431070401111015
2022-09-11,303820.0,303750.0,309020.0,309020.0,Sunday,False,0.017349794238683103
2022-09-12,309160.0,307150.0,310020.0,309760.0,Monday,False,0.0023946670118439872
2022-09-13,309980.0,309750.0,316520.0,316480.0,Tuesday,False,0.02169421487603307
2022-09-14,315320.0,311750.0,315320.0,313720.0,Wednesday,False,-0.008720930232558155
2022-09-15,316010.0,315450.0,316720.0,315560.0,Thursday,False,0.0058651026392961825
2022-09-16,316010.0,315450.0,316720.0,315560.0,Friday,True,0.0
2022-09-17,316010.0,315450.0,316720.0,315560.0,Saturday,True,0.0
2022-09-18,319220.0,315250.0,319520.0,315360.0,Sunday,False,-0.0006337938902268858
2022-09-19,315250.0,314650.0,316920.0,316520.0,Monday,False,0.003678335870116678
2022-09-20,317270.0,315450.0,317520.0,316820.0,Tuesday,False,0.0009478074055351282
2022-09-21,316220.0,315650.0,317220.0,317120.0,Wednesday,False,0.0009469099173031736
2022-09-22,315950.0,314950.0,317720.0,316660.0,Thursday,False,-0.0014505549949546115
2022-09-23,315950.0,314950.0,317720.0,316660.0,Friday,True,0.0
2022-09-24,317150.0,316450.0,318810.0,317010.0,Saturday,False,0.0011052864270826301
2022-09-25,317150.0,316450.0,318810.0,317010.0,Sunday,True,0.0
2022-09-26,316020.0,316020.0,317520.0,316810.0,Monday,False,-0.0006308949244503426
2022-09-27,316020.0,316020.0,317520.0,316810.0,Tuesday,True,0.0
2022-09-28,317310.0,317150.0,318520.0,318310.0,Wednesday,False,0.004734699030964906
2022-09-29,318510.0,318450.0,318520.0,318480.0,Thursday,False,0.0005340705601457607
2022-09-30,318510.0,318450.0,318520.0,318480.0,Friday,True,0.0
2022-10-01,321480.0,321450.0,331820.0,331170.0,Saturday,False,0.03984551620195931
2022-10-02,327320.0,325750.0,332520.0,331460.0,Sunday,False,0.0008756831838632184
2022-10-03,333450.0,330750.0,334520.0,332460.0,Monday,False,0.0030169552887227002
2022-10-04,333180.0,330450.0,333220.0,331020.0,Tuesday,False,-0.0043313481321061165
2022-10-05,333180.0,330450.0,333220.0,331020.0,Wednesday,True,0.0
2022-10-06,327010.0,325950.0,327020.0,326610.0,Thursday,False,-0.013322457857531278
2022-10-07,327010.0,325950.0,327020.0,326610.0,Friday,True,0.0
2022-10-08,328060.0,325460.0,328110.0,326190.0,Saturday,False,-0.0012859373564801935
2022-10-09,326110.0,322950.0,326110.0,323020.0,Sunday,False,-0.009718262362426788
2022-10-10,323070.0,320850.0,325620.0,324960.0,Monday,False,0.006005820073060386
2022-10-11,324980.0,324750.0,328120.0,327520.0,Tuesday,False,0.007877892663712416
2022-10-12,327020.0,325650.0,327520.0,326510.0,Wednesday,False,-0.0030837811431363438
2022-10-13,326210.0,326150.0,329520.0,329460.0,Thursday,False,0.009034945330923971
2022-10-14,326210.0,326150.0,329520.0,329460.0,Friday,True,0.0
2022-10-15,328620.0,327450.0,328620.0,328020.0,Saturday,False,-0.004370788563103245
2022-10-16,329170.0,328950.0,331520.0,331210.0,Sunday,False,0.009725016767270223
2022-10-17,329820.0,328350.0,329820.0,328620.0,Monday,False,-0.007819812203737841
2022-10-18,326970.0,326450.0,328520.0,328390.0,Tuesday,False,-0.0006998965370336174
2022-10-19,329450.0,327950.0,329520.0,327970.0,Wednesday,False,-0.0012789670818234011
2022-10-20,327190.0,325750.0,327220.0,326550.0,Thursday,False,-0.004329664298563851
2022-10-21,327190.0,325750.0,327220.0,326550.0,Friday,True,0.0
2022-10-22,326520.0,326450.0,328620.0,327660.0,Saturday,False,0.0033991731740927733
2022-10-23,328380.0,327560.0,329020.0,328150.0,Sunday,False,0.0014954526033084115
2022-10-24,327160.0,326250.0,328020.0,327720.0,Monday,False,-0.001310376352277931
2022-10-25,328010.0,327750.0,328820.0,328760.0,Tuesday,False,0.0031734407420969113
2022-10-26,328910.0,327850.0,328920.0,328810.0,Wednesday,False,0.00015208662854360178
2022-10-27,330220.0,329950.0,330820.0,330520.0,Thursday,False,0.005200571758766426
2022-10-28,330220.0,329950.0,330820.0,330520.0,Friday,True,0.0
2022-10-29,330110.0,329150.0,330820.0,329150.0,Saturday,False,-0.004144983662108248
2022-10-30,329110.0,328350.0,330020.0,329770.0,Sunday,False,0.0018836396779584597
2022-10-31,351820.0,351820.0,351820.0,351820.0,Monday,False,0.06686478454680533
2022-11-01,351820.0,351820.0,351820.0,351820.0,Tuesday,True,0.0
2022-11-02,351820.0,351820.0,351820.0,351820.0,Wednesday,True,0.0
2022-11-03,351820.0,351820.0,351820.0,351820.0,Thursday,True,0.0
2022-11-04,351820.0,351820.0,351820.0,351820.0,Friday,True,0.0
2022-11-05,351820.0,351820.0,351820.0,351820.0,Saturday,True,0.0
2022-11-06,351820.0,351820.0,351820.0,351820.0,Sunday,True,0.0
2022-11-07,351820.0,351820.0,351820.0,351820.0,Monday,True,0.0
2022-11-08,351820.0,351820.0,351820.0,351820.0,Tuesday,True,0.0
2022-11-09,353560.0,353560.0,353890.0,353890.0,Wednesday,False,0.005883690523563079
2022-11-10,354050.0,348350.0,354120.0,350590.0,Thursday,False,-0.009324931475882314
2022-11-11,354050.0,348350.0,354120.0,350590.0,Friday,True,0.0
2022-11-12,350780.0,348750.0,351320.0,349410.0,Saturday,False,-0.0033657548703613926
2022-11-13,349020.0,348650.0,355020.0,353520.0,Sunday,False,0.011762685670129613
2022-11-14,353260.0,352490.0,354820.0,352490.0,Monday,False,-0.002913555102964427
2022-11-15,352080.0,351690.0,356600.0,352450.0,Tuesday,False,-0.00011347839655029279
2022-11-16,355320.0,349580.0,355680.0,351450.0,Wednesday,False,-0.002837281883955156
2022-11-17,353680.0,344460.0,353680.0,347510.0,Thursday,False,-0.011210698534642183
2022-11-18,353680.0,344460.0,353680.0,347510.0,Friday,True,0.0
2022-11-19,350400.0,347670.0,352330.0,348170.0,Saturday,False,0.0018992259215562246
2022-11-20,348240.0,348160.0,352700.0,351600.0,Sunday,False,0.009851509320159657
2022-11-21,353490.0,350380.0,354950.0,352000.0,Monday,False,0.0011376564277587597
2022-11-22,351410.0,347770.0,353060.0,348800.0,Tuesday,False,-0.009090909090909038
2022-11-23,349850.0,347590.0,352130.0,347990.0,Wednesday,False,-0.002322247706421976
2022-11-24,345230.0,345090.0,352900.0,352900.0,Thursday,False,0.014109600850599202
2022-11-25,345230.0,345090.0,352900.0,352900.0,Friday,True,0.0
2022-11-26,350400.0,349030.0,354400.0,352620.0,Saturday,False,-0.0007934258996883381
2022-11-27,352520.0,351350.0,357250.0,354700.0,Sunday,False,0.005898701151381136
2022-11-28,355960.0,351820.0,360420.0,358120.0,Monday,False,0.009641950944460076
2022-11-29,356190.0,353780.0,357800.0,354500.0,Tuesday,False,-0.010108343571987088
2022-11-30,353850.0,352610.0,354500.0,354500.0,Wednesday,False,0.0
2022-12-01,351970.0,351770.0,356950.0,356950.0,Thursday,False,0.006911142454160801
2022-12-02,351970.0,351770.0,356950.0,356950.0,Friday,True,0.0
2022-12-03,354670.0,354020.0,357240.0,357240.0,Saturday,False,0.0008124387169070602
2022-12-04,357350.0,356300.0,357500.0,357500.0,Sunday,False,0.0007278020378456151
2022-12-05,359520.0,356120.0,362810.0,358500.0,Monday,False,0.002797202797202747
2022-12-06,360580.0,357730.0,361500.0,358970.0,Tuesday,False,0.0013110181311017932
2022-12-07,357630.0,355210.0,361400.0,359300.0,Wednesday,False,0.0009192968771762899
2022-12-08,360440.0,357760.0,361160.0,358620.0,Thursday,False,-0.0018925688839409593
2022-12-09,360440.0,357760.0,361160.0,358620.0,Friday,True,0.0
2022-12-10,357060.0,356840.0,363940.0,361070.0,Saturday,False,0.006831743907199872
2022-12-11,361790.0,361290.0,372000.0,372000.0,Sunday,False,0.030271138560389987
2022-12-12,369010.0,367710.0,375730.0,375600.0,Monday,False,0.00967741935483879
2022-12-13,374470.0,368100.0,379570.0,374350.0,Tuesday,False,-0.0033280085197018305
2022-12-14,375070.0,369980.0,380720.0,379300.0,Wednesday,False,0.01322291972752776
2022-12-15,375070.0,369980.0,380720.0,379300.0,Thursday,True,0.0
2022-12-16,375070.0,369980.0,380720.0,379300.0,Friday,True,0.0
2022-12-17,375770.0,375770.0,389430.0,386910.0,Saturday,False,0.02006327445293965
2022-12-18,388400.0,379010.0,389170.0,385330.0,Sunday,False,-0.004083637021529585
2022-12-19,385750.0,382610.0,393500.0,388320.0,Monday,False,0.007759582695352041
2022-12-20,385020.0,378820.0,388820.0,384670.0,Tuesday,False,-0.009399464359291287
2022-12-21,384520.0,378000.0,387250.0,384080.0,Wednesday,False,-0.0015337822029272141
2022-12-22,382400.0,382210.0,390500.0,390500.0,Thursday,False,0.016715267652572363
2022-12-23,382400.0,382210.0,390500.0,390500.0,Friday,True,0.0
2022-12-24,390270.0,389200.0,396810.0,395620.0,Saturday,False,0.013111395646606905
2022-12-25,395670.0,393270.0,399000.0,395650.0,Sunday,False,7.58303422476736e-05
2022-12-26,395590.0,390090.0,405790.0,397210.0,Monday,False,0.003942878807026373
2022-12-27,395590.0,390090.0,405790.0,397210.0,Tuesday,True,0.0
2022-12-28,401040.0,397830.0,425060.0,403000.0,Wednesday,False,0.01457667228921733
2022-12-29,418960.0,418960.0,418960.0,418960.0,Thursday,False,0.039602977667493766
2022-12-30,418960.0,418960.0,418960.0,418960.0,Friday,True,0.0
2022-12-31,406690.0,389000.0,407020.0,389000.0,Saturday,False,-0.0715104067214054
2023-01-01,386820.0,379820.0,397090.0,393000.0,Sunday,False,0.010282776349614497
2023-01-02,391440.0,387320.0,391590.0,387590.0,Monday,False,-0.013765903307888072
2023-01-03,387530.0,374520.0,387590.0,397530.0,Tuesday,False,0.025645656492685465
2023-01-04,387060.0,386820.0,395100.0,391420.0,Wednesday,False,-0.015369909189243525
2023-01-05,387530.0,387390.0,395100.0,394830.0,Thursday,False,0.00871186960298398
2023-01-06,387530.0,387390.0,395100.0,394830.0,Friday,True,0.0
2023-01-07,396750.0,396020.0,402100.0,401440.0,Saturday,False,0.01674138236709477
2023-01-08,404830.0,400500.0,407370.0,402820.0,Sunday,False,0.0034376245516141157
2023-01-09,403480.0,395000.0,404100.0,400410.0,Monday,False,-0.005982821111166325
2023-01-10,402240.0,401100.0,405600.0,402000.0,Tuesday,False,0.0039709297969581225
2023-01-11,401810.0,400300.0,404900.0,404740.0,Wednesday,False,0.006815920398010045
2023-01-12,405080.0,403800.0,406000.0,405140.0,Thursday,False,0.0009882887779808502
2023-01-13,405080.0,403800.0,406000.0,405140.0,Friday,True,0.0
2023-01-14,402860.0,401300.0,403400.0,402650.0,Saturday,False,-0.0061460235967814025
2023-01-15,402360.0,400500.0,402800.0,401390.0,Sunday,False,-0.003129268595554402
2023-01-16,400850.0,400560.0,402900.0,402850.0,Monday,False,0.0036373601733974414
2023-01-17,406630.0,406170.0,410600.0,410390.0,Tuesday,False,0.01871664391212602
2023-01-18,411290.0,411100.0,423600.0,423240.0,Wednesday,False,0.03131167913448185
2023-01-19,419240.0,418210.0,422400.0,420030.0,Thursday,False,-0.007584349305358673
2023-01-20,419240.0,418210.0,422400.0,420030.0,Friday,True,0.0
2023-01-21,422330.0,422100.0,440400.0,430030.0,Saturday,False,0.023807823250720173
2023-01-22,431590.0,424810.0,444100.0,444320.0,Sunday,False,0.03323023975071515
2023-01-23,433450.0,431800.0,447600.0,432000.0,Monday,False,-0.027727763773856662
2023-01-24,431820.0,419300.0,432600.0,425000.0,Tuesday,False,-0.01620370370370372
2023-01-25,414310.0,411420.0,425600.0,420640.0,Wednesday,False,-0.010258823529411765
2023-01-26,419450.0,417300.0,426100.0,424340.0,Thursday,False,0.008796120197793744
2023-01-27,419450.0,417300.0,426100.0,424340.0,Friday,True,0.0
2023-01-28,431360.0,419350.0,440100.0,437130.0,Saturday,False,0.03014092473016916
2023-01-29,436480.0,432800.0,439800.0,438810.0,Sunday,False,0.0038432502916752043
2023-01-30,439400.0,433810.0,440900.0,436560.0,Monday,False,-0.005127503931086297
2023-01-31,435880.0,433310.0,438900.0,437290.0,Tuesday,False,0.0016721641927799347
2023-02-01,437070.0,425880.0,438090.0,436440.0,Wednesday,False,-0.001943790162134973
2023-02-02,436050.0,435810.0,436370.0,436100.0,Thursday,False,-0.0007790303363578444
2023-02-03,436050.0,435810.0,436370.0,436100.0,Friday,True,0.0
2023-02-04,436050.0,435810.0,436370.0,436100.0,Saturday,True,0.0
2023-02-05,436260.0,435540.0,436360.0,435570.0,Sunday,False,-0.0012153175877092082
2023-02-06,435750.0,435250.0,435890.0,435370.0,Monday,False,-0.0004591684459444023
2023-02-07,435520.0,434730.0,435550.0,435020.0,Tuesday,False,-0.0008039139123044992
2023-02-08,434980.0,434430.0,435030.0,434500.0,Wednesday,False,-0.0011953473403522041
2023-02-09,434220.0,434000.0,434440.0,434130.0,Thursday,False,-0.0008515535097813887
2023-02-10,434220.0,434000.0,434440.0,434130.0,Friday,True,0.0
2023-02-11,434220.0,434000.0,434440.0,434130.0,Saturday,True,0.0
2023-02-12,434100.0,433700.0,434460.0,433820.0,Sunday,False,-0.0007140718218044961
2023-02-13,434370.0,434100.0,434400.0,434130.0,Monday,False,0.0007145820847356266
2023-02-14,434010.0,434000.0,434390.0,434110.0,Tuesday,False,-4.6069149793881436e-05
2023-02-15,434290.0,434090.0,450540.0,450180.0,Wednesday,False,0.037018267259450344
2023-02-16,450350.0,450100.0,451300.0,451120.0,Thursday,False,0.0020880536674219297
2023-02-17,450350.0,450100.0,451300.0,451120.0,Friday,True,0.0
2023-02-18,450350.0,450100.0,451300.0,451120.0,Saturday,True,0.0
2023-02-19,451180.0,451100.0,452180.0,452050.0,Sunday,False,0.0020615357332860462
2023-02-20,452070.0,451980.0,452180.0,452020.0,Monday,False,-6.636434022788684e-05
2023-02-21,451990.0,415480.0,452180.0,415600.0,Tuesday,False,-0.0805716561214106
2023-02-22,415490.0,415490.0,415490.0,415490.0,Wednesday,False,-0.00026467757459092134
2023-02-23,417000.0,417000.0,417000.0,417000.0,Thursday,False,0.0036342631591614882
2023-02-24,417000.0,417000.0,417000.0,417000.0,Friday,True,0.0
2023-02-25,417590.0,417590.0,417590.0,417590.0,Saturday,False,0.0014148681055154988
2023-02-26,426810.0,426810.0,426810.0,426810.0,Sunday,False,0.02207907277473109
2023-02-27,430920.0,430920.0,430920.0,430920.0,Monday,False,0.009629577563787128
2023-02-28,433370.0,433370.0,433370.0,433370.0,Tuesday,False,0.005685510071474997
2023-03-01,438150.0,438150.0,438150.0,438150.0,Wednesday,False,0.011029835936959165
2023-03-02,446470.0,446470.0,446470.0,446470.0,Thursday,False,0.018988930731484555
2023-03-03,446470.0,446470.0,446470.0,446470.0,Friday,True,0.0
2023-03-04,448160.0,448160.0,448160.0,525000.0,Saturday,False,0.17589087732658415
2023-03-05,435790.0,435790.0,511000.0,501000.0,Sunday,False,-0.04571428571428571
2023-03-06,498000.0,493830.0,503590.0,498890.0,Monday,False,-0.004211576846307352
2023-03-07,483960.0,481300.0,499600.0,491350.0,Tuesday,False,-0.015113552085630144
2023-03-08,483960.0,481300.0,499600.0,491350.0,Wednesday,True,0.0
2023-03-09,498670.0,485800.0,499100.0,486670.0,Thursday,False,-0.009524778671008427
2023-03-10,498670.0,485800.0,499100.0,486670.0,Friday,True,0.0
2023-03-11,473440.0,438700.0,473600.0,439200.0,Saturday,False,-0.09754042780528904
2023-03-12,433760.0,416000.0,454300.0,432200.0,Sunday,False,-0.015938069216757778
2023-03-13,433300.0,433000.0,450300.0,448170.0,Monday,False,0.036950485886163786
2023-03-14,445300.0,445000.0,459910.0,459910.0,Tuesday,False,0.026195416917687453
2023-03-15,461960.0,451820.0,462100.0,460460.0,Wednesday,False,0.0011958861516383479
2023-03-16,452940.0,448300.0,456600.0,456320.0,Thursday,False,-0.00899100899100902
2023-03-17,452940.0,448300.0,456600.0,456320.0,Friday,True,0.0
2023-03-18,462380.0,458800.0,465100.0,459880.0,Saturday,False,0.007801542776998627
2023-03-19,538000.0,538000.0,538000.0,538000.0,Sunday,False,0.16987040097416717
2023-03-20,538000.0,538000.0,538000.0,538000.0,Monday,True,0.0
2023-03-21,538000.0,538000.0,538000.0,538000.0,Tuesday,True,0.0
2023-03-22,538000.0,538000.0,538000.0,538000.0,Wednesday,True,0.0
2023-03-23,538000.0,538000.0,538000.0,538000.0,Thursday,True,0.0
2023-03-24,538000.0,538000.0,538000.0,538000.0,Friday,True,0.0
2023-03-25,538000.0,538000.0,538000.0,538000.0,Saturday,True,0.0
2023-03-26,538000.0,538000.0,538000.0,538000.0,Sunday,True,0.0
2023-03-27,538000.0,538000.0,538000.0,538000.0,Monday,True,0.0
2023-03-28,538000.0,538000.0,538000.0,538000.0,Tuesday,True,0.0
2023-03-29,538000.0,538000.0,538000.0,538000.0,Wednesday,True,0.0
2023-03-30,538000.0,538000.0,538000.0,538000.0,Thursday,True,0.0
2023-03-31,538000.0,538000.0,538000.0,538000.0,Friday,True,0.0
2023-04-01,538000.0,538000.0,538000.0,538000.0,Saturday,True,0.0
2023-04-02,538000.0,538000.0,538000.0,538000.0,Sunday,True,0.0
2023-04-03,535400.0,506950.0,535600.0,515100.0,Monday,False,-0.042565055762081805
2023-04-04,515070.0,496340.0,515100.0,507800.0,Tuesday,False,-0.014172005435837742
2023-04-05,508030.0,505320.0,513100.0,507950.0,Wednesday,False,0.0002953918865695737
2023-04-06,500300.0,498810.0,507100.0,507060.0,Thursday,False,-0.0017521409587557546
2023-04-07,500300.0,498810.0,507100.0,507060.0,Friday,True,0.0
2023-04-08,509580.0,502810.0,511600.0,507830.0,Saturday,False,0.0015185579615824008
2023-04-09,507030.0,499800.0,508600.0,499900.0,Sunday,False,-0.01561546186716023
2023-04-10,500550.0,495800.0,505600.0,503310.0,Monday,False,0.006821364272854513
2023-04-11,508870.0,505820.0,513600.0,508020.0,Tuesday,False,0.009358049710913807
2023-04-12,508870.0,505820.0,513600.0,508020.0,Wednesday,True,0.0
2023-04-13,509430.0,507510.0,510600.0,508980.0,Thursday,False,0.0018896893823077132
2023-04-14,509430.0,507510.0,510600.0,508980.0,Friday,True,0.0
2023-04-15,511990.0,506800.0,512060.0,508400.0,Saturday,False,-0.0011395339699006302
2023-04-16,505060.0,502800.0,513600.0,511440.0,Sunday,False,0.005979543666404297
2023-04-17,511640.0,511300.0,517700.0,513050.0,Monday,False,0.0031479743469420285
2023-04-18,513130.0,509400.0,517600.0,517600.0,Tuesday,False,0.008868531332228757
2023-04-19,518560.0,516800.0,519600.0,517030.0,Wednesday,False,-0.0011012364760433213
2023-04-20,517100.0,513800.0,517100.0,514050.0,Thursday,False,-0.0057636887608069065
2023-04-21,517100.0,513800.0,517100.0,514050.0,Friday,True,0.0
2023-04-22,517100.0,513800.0,517100.0,514050.0,Saturday,True,0.0
2023-04-23,517100.0,513800.0,517100.0,514050.0,Sunday,True,0.0
2023-04-24,517450.0,512300.0,517600.0,517460.0,Monday,False,0.006633595953700944
2023-04-25,518410.0,514800.0,518600.0,516020.0,Tuesday,False,-0.0027828237931434296
2023-04-26,516080.0,515800.0,522100.0,522010.0,Wednesday,False,0.011608077206309853
2023-04-27,524640.0,524400.0,533600.0,532830.0,Thursday,False,0.020727572268730565
2023-04-28,524640.0,524400.0,533600.0,532830.0,Friday,True,0.0
2023-04-29,534320.0,534300.0,545100.0,541830.0,Saturday,False,0.016890940825403877
2023-04-30,538980.0,538800.0,546100.0,545930.0,Sunday,False,0.00756694904305788
2023-05-01,548860.0,548800.0,555600.0,550510.0,Monday,False,0.008389353946476552
2023-05-02,547300.0,540520.0,547600.0,540520.0,Tuesday,False,-0.018146809322264756
2023-05-03,531040.0,530800.0,539100.0,535240.0,Wednesday,False,-0.009768371198105474
2023-05-04,539340.0,536110.0,540100.0,536840.0,Thursday,False,0.0029893132052911664
2023-05-05,539340.0,536110.0,540100.0,536840.0,Friday,True,0.0
2023-05-06,534060.0,527300.0,535100.0,533370.0,Saturday,False,-0.00646375083823858
2023-05-07,526080.0,524300.0,529100.0,525430.0,Sunday,False,-0.01488647655473685
2023-05-08,525540.0,525300.0,534100.0,534040.0,Monday,False,0.016386578611803593
2023-05-09,531850.0,531300.0,536100.0,531840.0,Tuesday,False,-0.0041195416073702695
2023-05-10,532080.0,525300.0,533100.0,529510.0,Wednesday,False,-0.00438101684717207
2023-05-11,530510.0,528830.0,532100.0,530360.0,Thursday,False,0.0016052576910727812
2023-05-12,530510.0,528830.0,532100.0,530360.0,Friday,True,0.0
2023-05-13,519080.0,518800.0,522600.0,520900.0,Saturday,False,-0.017836940945772706
2023-05-14,524390.0,512800.0,524600.0,514070.0,Sunday,False,-0.01311192167402575
2023-05-15,515530.0,514300.0,520600.0,520050.0,Monday,False,0.011632657031143578
2023-05-16,515530.0,514300.0,520600.0,520050.0,Tuesday,True,0.0
2023-05-17,514100.0,509300.0,514300.0,510850.0,Wednesday,False,-0.017690606672435383
2023-05-18,511700.0,509500.0,512100.0,510980.0,Thursday,False,0.00025447783106580246
2023-05-19,511700.0,509500.0,512100.0,510980.0,Friday,True,0.0
2023-05-20,510890.0,508800.0,514600.0,513530.0,Saturday,False,0.004990410583584515
2023-05-21,514600.0,514300.0,521600.0,517480.0,Sunday,False,0.007691858314022637
2023-05-22,521410.0,520800.0,524100.0,521360.0,Monday,False,0.007497874313983077
2023-05-23,522890.0,519300.0,523600.0,520480.0,Tuesday,False,-0.0016878932023937088
2023-05-24,520610.0,512840.0,521100.0,513060.0,Wednesday,False,-0.014256071318782704
2023-05-25,512530.0,512300.0,514600.0,514320.0,Thursday,False,0.002455853116594575
2023-05-26,512530.0,512300.0,514600.0,514320.0,Friday,True,0.0
2023-05-27,516290.0,516100.0,527800.0,517850.0,Saturday,False,0.00686343132680034
2023-05-28,517660.0,514900.0,517900.0,515120.0,Sunday,False,-0.005271796852370336
2023-05-29,512630.0,511900.0,518100.0,517170.0,Monday,False,0.003979655225966772
2023-05-30,511900.0,511800.0,514600.0,512520.0,Tuesday,False,-0.00899124079122915
2023-05-31,508440.0,507300.0,510600.0,508340.0,Wednesday,False,-0.008155779286662002
2023-06-01,512390.0,508800.0,512400.0,510890.0,Thursday,False,0.005016327654719266
2023-06-02,512390.0,508800.0,512400.0,510890.0,Friday,True,0.0
2023-06-03,509320.0,506300.0,510230.0,510230.0,Saturday,False,-0.0012918632190882517
2023-06-04,509320.0,506300.0,510230.0,510230.0,Sunday,True,0.0
2023-06-05,509320.0,506300.0,510230.0,510230.0,Monday,True,0.0
2023-06-06,508870.0,507300.0,517900.0,507990.0,Tuesday,False,-0.0043901769790094525
2023-06-07,506540.0,494110.0,506540.0,494390.0,Wednesday,False,-0.026772180554735292
2023-06-08,496540.0,489300.0,496600.0,490840.0,Thursday,False,-0.007180565949958528
2023-06-09,496540.0,489300.0,496600.0,490840.0,Friday,True,0.0
2023-06-10,494080.0,492700.0,496100.0,493390.0,Saturday,False,0.0051951756173092
2023-06-11,490200.0,468610.0,491900.0,469830.0,Sunday,False,-0.0477512718133728
2023-06-12,473160.0,470600.0,482900.0,481750.0,Monday,False,0.025370878828512522
2023-06-13,484350.0,484100.0,499900.0,498810.0,Tuesday,False,0.03541255838090285
2023-06-14,493090.0,484600.0,498900.0,488550.0,Wednesday,False,-0.020568954110783633
2023-06-15,486260.0,486100.0,488400.0,488100.0,Thursday,False,-0.000921093030396114
2023-06-16,486260.0,486100.0,488400.0,488100.0,Friday,True,0.0
2023-06-17,494370.0,491600.0,499400.0,493180.0,Saturday,False,0.010407703339479601
2023-06-18,495770.0,491750.0,495900.0,491980.0,Sunday,False,-0.0024331886937831726
2023-06-19,489640.0,485300.0,489800.0,486840.0,Monday,False,-0.010447579169884924
2023-06-20,486170.0,485120.0,490400.0,489390.0,Tuesday,False,0.0052378604880454205
2023-06-21,486680.0,485600.0,488900.0,485730.0,Wednesday,False,-0.007478697970943471
2023-06-22,495600.0,494100.0,497400.0,497130.0,Thursday,False,0.02346982891729965
2023-06-23,495600.0,494100.0,497400.0,497130.0,Friday,True,0.0
2023-06-24,500370.0,497500.0,508680.0,508610.0,Saturday,False,0.023092551244141335
2023-06-25,501560.0,497410.0,502200.0,499400.0,Sunday,False,-0.01810817718880875
2023-06-26,498200.0,495600.0,499900.0,497810.0,Monday,False,-0.00318382058470168
2023-06-27,499320.0,492600.0,499400.0,492820.0,Tuesday,False,-0.010023904702597397
2023-06-28,492600.0,490600.0,492900.0,492230.0,Wednesday,False,-0.0011971916724159426
2023-06-29,492600.0,490600.0,492900.0,492230.0,Thursday,True,0.0
2023-06-30,492600.0,490600.0,492900.0,492230.0,Friday,True,0.0
2023-07-01,492660.0,492600.0,498400.0,498220.0,Saturday,False,0.012169107937346268
2023-07-02,500810.0,498600.0,500900.0,499340.0,Sunday,False,0.002248002890289369
2023-07-03,503210.0,501400.0,503400.0,502000.0,Monday,False,0.005327031681819916
2023-07-04,502140.0,498300.0,502200.0,500750.0,Tuesday,False,-0.002490039840637448
2023-07-05,499030.0,498400.0,501400.0,500950.0,Wednesday,False,0.0003994008986520914
