Date,Open,Low,High,Close,DayOfWeek,Is_Imputed,Daily_Return,Close_Lag_1,Close_Lag_3,Close_Lag_7,MA_7,MA_30
2012-01-25,19000.0,19000.0,19000.0,19000.0,Wednesday,False,-0.0952380952380952,21000.0,19000.0,18200.0,19228.571428571428,16959.666666666668
2012-01-26,17000.0,17000.0,17000.0,17000.0,Thursday,False,-0.1052631578947368,19000.0,21000.0,18200.0,19342.85714285714,17084.666666666668
2012-01-27,17000.0,17000.0,17000.0,17000.0,Friday,True,0.0,17000.0,21000.0,18200.0,19171.428571428572,17146.333333333332
2012-01-28,17700.0,17700.0,17700.0,17700.0,Saturday,False,0.0411764705882353,17000.0,19000.0,19000.0,19000.0,17206.333333333332
2012-01-29,18300.0,18300.0,18300.0,18300.0,Sunday,False,0.0338983050847456,17700.0,17000.0,19000.0,18814.285714285714,17289.0
2012-01-30,18300.0,18300.0,18300.0,18300.0,Monday,False,0.0,18300.0,17000.0,21000.0,18714.285714285714,17391.666666666668
2012-01-31,18300.0,18300.0,18300.0,18300.0,Tuesday,True,0.0,18300.0,17700.0,21000.0,18328.571428571428,17483.333333333332
2012-02-01,18300.0,18300.0,18300.0,18300.0,Wednesday,False,0.0,18300.0,18300.0,19000.0,17942.85714285714,17563.333333333332
2012-02-02,18300.0,18300.0,18300.0,18300.0,Thursday,True,0.0,18300.0,18300.0,17000.0,17842.85714285714,17593.333333333332
2012-02-03,18300.0,18300.0,18300.0,18300.0,Friday,True,0.0,18300.0,18300.0,17000.0,18028.571428571428,17663.333333333332
2012-02-04,17750.0,17750.0,17750.0,17750.0,Saturday,False,-0.0300546448087432,18300.0,18300.0,17700.0,18214.285714285714,17746.666666666668
2012-02-05,18500.0,18500.0,18500.0,18500.0,Sunday,False,0.0422535211267605,17750.0,18300.0,18300.0,18221.428571428572,17805.666666666668
2012-02-06,18800.0,18800.0,18800.0,18800.0,Monday,False,0.0162162162162162,18500.0,18300.0,18300.0,18250.0,17889.666666666668
2012-02-07,18900.0,18900.0,18900.0,18900.0,Tuesday,False,0.0053191489361701,18800.0,17750.0,18300.0,18321.428571428572,17984.0
2012-02-08,19200.0,19200.0,19200.0,19200.0,Wednesday,False,0.0158730158730158,18900.0,18500.0,18300.0,18407.14285714286,18062.333333333332
2012-02-09,19200.0,19200.0,19200.0,19200.0,Thursday,True,0.0,19200.0,18800.0,18300.0,18535.714285714286,18139.0
2012-02-10,19200.0,19200.0,19200.0,19200.0,Friday,True,0.0,19200.0,18900.0,18300.0,18664.285714285714,18215.666666666668
2012-02-11,19200.0,19200.0,19200.0,19200.0,Saturday,True,0.0,19200.0,19200.0,17750.0,18792.85714285714,18291.666666666668
2012-02-12,19400.0,19400.0,19400.0,19400.0,Sunday,False,0.0104166666666667,19200.0,19200.0,18500.0,19000.0,18366.666666666668
2012-02-13,19000.0,19000.0,19000.0,19000.0,Monday,False,-0.0206185567010309,19400.0,19200.0,18800.0,19128.571428571428,18448.333333333332
2012-02-14,19350.0,19350.0,19350.0,19350.0,Tuesday,False,0.0184210526315788,19000.0,19200.0,18900.0,19157.14285714286,18516.666666666668
2012-02-15,19500.0,19500.0,19500.0,19500.0,Wednesday,False,0.0077519379844961,19350.0,19400.0,19200.0,19221.428571428572,18596.666666666668
2012-02-16,19600.0,19600.0,19600.0,19600.0,Thursday,False,0.0051282051282051,19500.0,19000.0,19200.0,19264.285714285714,18683.333333333332
2012-02-17,19600.0,19600.0,19600.0,19600.0,Friday,True,0.0,19600.0,19350.0,19200.0,19321.428571428572,18756.666666666668
2012-02-18,19400.0,19400.0,19400.0,19400.0,Saturday,False,-0.010204081632653,19600.0,19500.0,19200.0,19378.571428571428,18803.333333333332
2012-02-19,19200.0,19200.0,19200.0,19200.0,Sunday,False,-0.0103092783505154,19400.0,19600.0,19400.0,19407.14285714286,18843.333333333332
2012-02-20,19400.0,19400.0,19400.0,19400.0,Monday,False,0.0104166666666667,19200.0,19600.0,19000.0,19378.571428571428,18876.666666666668
2012-02-21,19450.0,19450.0,19450.0,19450.0,Tuesday,False,0.0025773195876288,19400.0,19400.0,19350.0,19435.714285714286,18890.0
2012-02-22,19350.0,19350.0,19350.0,19350.0,Wednesday,False,-0.0051413881748072,19450.0,19200.0,19500.0,19450.0,18905.0
2012-02-23,19350.0,19350.0,19350.0,19350.0,Thursday,False,0.0,19350.0,19400.0,19600.0,19428.571428571428,18850.0
2012-02-24,19350.0,19350.0,19350.0,19350.0,Friday,True,0.0,19350.0,19450.0,19600.0,19392.85714285714,18795.0
2012-02-25,19350.0,19350.0,19350.0,19350.0,Saturday,True,0.0,19350.0,19350.0,19400.0,19357.14285714286,18806.666666666668
2012-02-26,19300.0,19300.0,19300.0,19300.0,Sunday,False,-0.0025839793281653,19350.0,19350.0,19200.0,19350.0,18885.0
2012-02-27,18700.0,18700.0,18700.0,18700.0,Monday,False,-0.0310880829015544,19300.0,19350.0,19400.0,19364.285714285714,18961.666666666668
2012-02-28,18500.0,18500.0,18500.0,18500.0,Tuesday,False,-0.0106951871657754,18700.0,19350.0,19450.0,19264.285714285714,18995.0
2012-02-29,19200.0,19200.0,19200.0,19200.0,Wednesday,False,0.0378378378378378,18500.0,19300.0,19350.0,19128.571428571428,19001.666666666668
2012-03-01,19250.0,19250.0,19250.0,19250.0,Thursday,False,0.0026041666666667,19200.0,18700.0,19350.0,19107.14285714286,19031.666666666668
2012-03-02,19250.0,19250.0,19250.0,19250.0,Friday,True,0.0,19250.0,18500.0,19350.0,19092.85714285714,19063.333333333332
2012-03-03,19250.0,19250.0,19250.0,19250.0,Saturday,False,0.0,19250.0,19200.0,19350.0,19078.571428571428,19095.0
2012-03-04,19000.0,19000.0,19000.0,19000.0,Sunday,False,-0.0129870129870129,19250.0,19250.0,19300.0,19064.285714285714,19126.666666666668
2012-03-05,19100.0,19100.0,19100.0,19100.0,Monday,False,0.0052631578947368,19000.0,19250.0,18700.0,19021.428571428572,19150.0
2012-03-06,18950.0,18950.0,18950.0,18950.0,Tuesday,False,-0.0078534031413612,19100.0,19250.0,18500.0,19078.571428571428,19195.0
2012-03-07,18850.0,18850.0,18850.0,18850.0,Wednesday,False,-0.0052770448548812,18950.0,19000.0,19200.0,19142.85714285714,19210.0
2012-03-08,19000.0,19000.0,19000.0,19000.0,Thursday,False,0.0079575596816976,18850.0,19100.0,19250.0,19092.85714285714,19211.666666666668
2012-03-09,19000.0,19000.0,19000.0,19000.0,Friday,True,0.0,19000.0,18950.0,19250.0,19057.14285714286,19215.0
2012-03-10,18800.0,18800.0,18800.0,18800.0,Saturday,False,-0.0105263157894737,19000.0,18850.0,19250.0,19021.428571428572,19208.333333333332
2012-03-11,18700.0,18700.0,18700.0,18700.0,Sunday,False,-0.0053191489361702,18800.0,19000.0,19000.0,18957.14285714286,19195.0
2012-03-12,18850.0,18850.0,18850.0,18850.0,Monday,False,0.0080213903743315,18700.0,19000.0,19100.0,18914.285714285714,19178.333333333332
2012-03-13,18800.0,18800.0,18800.0,18800.0,Tuesday,False,-0.0026525198938992,18850.0,18800.0,18950.0,18878.571428571428,19166.666666666668
2012-03-14,18600.0,18600.0,18600.0,18600.0,Wednesday,False,-0.0106382978723403,18800.0,18700.0,18850.0,18857.14285714286,19146.666666666668
2012-03-15,18500.0,18500.0,18500.0,18500.0,Thursday,False,-0.0053763440860215,18600.0,18850.0,19000.0,18821.428571428572,19133.333333333332
2012-03-16,18500.0,18500.0,18500.0,18500.0,Friday,True,0.0,18500.0,18800.0,19000.0,18750.0,19105.0
2012-03-17,19250.0,19250.0,19250.0,19250.0,Saturday,False,0.0405405405405405,18500.0,18600.0,18800.0,18678.571428571428,19071.666666666668
2012-03-18,19150.0,19150.0,19150.0,19150.0,Sunday,False,-0.0051948051948051,19250.0,18500.0,18700.0,18742.85714285714,19060.0
2012-03-19,19150.0,19150.0,19150.0,19150.0,Monday,True,0.0,19150.0,18500.0,18850.0,18807.14285714286,19045.0
2012-03-20,19150.0,19150.0,19150.0,19150.0,Tuesday,True,0.0,19150.0,19250.0,18800.0,18850.0,19036.666666666668
2012-03-21,19150.0,19150.0,19150.0,19150.0,Wednesday,True,0.0,19150.0,19150.0,18600.0,18900.0,19035.0
2012-03-22,19150.0,19150.0,19150.0,19150.0,Thursday,True,0.0,19150.0,19150.0,18500.0,18978.571428571428,19026.666666666668
2012-03-23,19150.0,19150.0,19150.0,19150.0,Friday,True,0.0,19150.0,19150.0,18500.0,19071.428571428572,19016.666666666668
2012-03-24,19150.0,19150.0,19150.0,19150.0,Saturday,True,0.0,19150.0,19150.0,19250.0,19164.285714285714,19010.0
2012-03-25,18900.0,18900.0,18900.0,18900.0,Sunday,False,-0.0130548302872062,19150.0,19150.0,19150.0,19150.0,19003.333333333332
2012-03-26,19000.0,19000.0,19000.0,19000.0,Monday,False,0.0052910052910053,18900.0,19150.0,19150.0,19114.285714285714,18988.333333333332
2012-03-27,19000.0,19000.0,19000.0,19000.0,Tuesday,True,0.0,19000.0,19150.0,19150.0,19092.85714285714,18976.666666666668
2012-03-28,19200.0,19200.0,19200.0,19200.0,Wednesday,False,0.0105263157894737,19000.0,18900.0,19150.0,19071.428571428572,18966.666666666668
2012-03-29,19200.0,19200.0,19200.0,19200.0,Thursday,False,0.0,19200.0,19000.0,19150.0,19078.571428571428,18983.333333333332
2012-03-30,19200.0,19200.0,19200.0,19200.0,Friday,True,0.0,19200.0,19000.0,19150.0,19085.714285714286,19006.666666666668
2012-03-31,19200.0,19200.0,19200.0,19200.0,Saturday,True,0.0,19200.0,19200.0,19150.0,19092.85714285714,19006.666666666668
2012-04-01,19200.0,19200.0,19200.0,19200.0,Sunday,True,0.0,19200.0,19200.0,18900.0,19100.0,19005.0
2012-04-02,19120.0,19120.0,19120.0,19120.0,Monday,False,-0.0041666666666666,19200.0,19200.0,19000.0,19142.85714285714,19003.333333333332
2012-04-03,19000.0,19000.0,19000.0,19000.0,Tuesday,False,-0.0062761506276151,19120.0,19200.0,19000.0,19160.0,18999.0
2012-04-04,18950.0,18950.0,18950.0,18950.0,Wednesday,False,-0.0026315789473684,19000.0,19200.0,19200.0,19160.0,18999.0
2012-04-05,19000.0,19000.0,19000.0,19000.0,Thursday,False,0.0026385224274405,18950.0,19120.0,19200.0,19124.285714285714,18994.0
2012-04-06,19000.0,19000.0,19000.0,19000.0,Friday,True,0.0,19000.0,19000.0,19200.0,19095.714285714286,18995.666666666668
2012-04-07,19100.0,19100.0,19100.0,19100.0,Saturday,False,0.0052631578947368,19000.0,18950.0,19200.0,19067.14285714286,19000.666666666668
2012-04-08,19010.0,19010.0,19010.0,19010.0,Sunday,False,-0.0047120418848167,19100.0,19000.0,19200.0,19052.85714285714,19004.0
2012-04-09,19000.0,19000.0,19000.0,19000.0,Monday,False,-0.0005260389268806,19010.0,19000.0,19120.0,19025.714285714286,19004.333333333332
2012-04-10,18650.0,18650.0,18650.0,18650.0,Tuesday,False,-0.0184210526315788,19000.0,19100.0,19000.0,19008.571428571428,19011.0
2012-04-11,18800.0,18800.0,18800.0,18800.0,Wednesday,False,0.0080428954423592,18650.0,19010.0,18950.0,18958.571428571428,19009.333333333332
2012-04-12,18840.0,18840.0,18840.0,18840.0,Thursday,False,0.0021276595744681,18800.0,19000.0,19000.0,18937.14285714286,19007.666666666668
2012-04-13,18840.0,18840.0,18840.0,18840.0,Friday,True,0.0,18840.0,18650.0,19000.0,18914.285714285714,19009.0
2012-04-14,18800.0,18800.0,18800.0,18800.0,Saturday,False,-0.0021231422505307,18840.0,18800.0,19100.0,18891.428571428572,19017.0
2012-04-15,17300.0,17300.0,17300.0,17300.0,Sunday,False,-0.0797872340425531,18800.0,18840.0,19010.0,18848.571428571428,19027.0
2012-04-16,17800.0,17800.0,17800.0,17800.0,Monday,False,0.0289017341040462,17300.0,18840.0,19000.0,18604.285714285714,18987.0
2012-04-17,18000.0,18000.0,18000.0,18000.0,Tuesday,False,0.0112359550561798,17800.0,18800.0,18650.0,18432.85714285714,18938.666666666668
2012-04-18,18240.0,18240.0,18240.0,18240.0,Wednesday,False,0.0133333333333334,18000.0,17300.0,18800.0,18340.0,18900.333333333332
2012-04-19,18180.0,18180.0,18180.0,18180.0,Thursday,False,-0.0032894736842105,18240.0,17800.0,18840.0,18260.0,18870.0
2012-04-20,18180.0,18180.0,18180.0,18180.0,Friday,True,0.0,18180.0,18000.0,18840.0,18165.714285714286,18837.666666666668
2012-04-21,18030.0,18030.0,18030.0,18030.0,Saturday,False,-0.0082508250825082,18180.0,18240.0,18800.0,18071.428571428572,18805.333333333332
2012-04-22,17950.0,17950.0,17950.0,17950.0,Sunday,False,-0.0044370493621741,18030.0,18180.0,17300.0,17961.428571428572,18768.0
2012-04-23,17790.0,17790.0,17790.0,17790.0,Monday,False,-0.0089136490250696,17950.0,18180.0,17800.0,18054.285714285714,18728.0
2012-04-24,17580.0,17580.0,17580.0,17580.0,Tuesday,False,-0.0118043844856661,17790.0,18030.0,18000.0,18052.85714285714,18682.666666666668
2012-04-25,17580.0,17580.0,17580.0,17580.0,Wednesday,True,0.0,17580.0,17950.0,18240.0,17992.85714285714,18638.666666666668
2012-04-26,17480.0,17480.0,17480.0,17480.0,Thursday,False,-0.0056882821387941,17580.0,17790.0,18180.0,17898.571428571428,18591.333333333332
2012-04-27,17480.0,17480.0,17480.0,17480.0,Friday,True,0.0,17480.0,17580.0,18180.0,17798.571428571428,18540.666666666668
2012-04-28,16650.0,16650.0,16650.0,16650.0,Saturday,False,-0.0474828375286041,17480.0,17580.0,18030.0,17698.571428571428,18483.333333333332
2012-04-29,17340.0,17340.0,17340.0,17340.0,Sunday,False,0.0414414414414414,16650.0,17480.0,17950.0,17501.428571428572,18398.333333333332
2012-04-30,17250.0,17250.0,17250.0,17250.0,Monday,False,-0.005190311418685,17340.0,17480.0,17790.0,17414.285714285714,18336.333333333332
2012-05-01,17100.0,17100.0,17100.0,17100.0,Tuesday,False,-0.0086956521739129,17250.0,16650.0,17580.0,17337.14285714286,18271.333333333332
2012-05-02,17090.0,17090.0,17090.0,17090.0,Wednesday,False,-0.0005847953216374,17100.0,17340.0,17580.0,17268.571428571428,18201.333333333332
2012-05-03,17050.0,17050.0,17050.0,17050.0,Thursday,False,-0.0023405500292569,17090.0,17250.0,17480.0,17198.571428571428,18133.666666666668
2012-05-04,17050.0,17050.0,17050.0,17050.0,Friday,True,0.0,17050.0,17100.0,17480.0,17137.14285714286,18068.666666666668
2012-05-05,16780.0,16780.0,16780.0,16780.0,Saturday,False,-0.0158357771260997,17050.0,17090.0,16650.0,17075.714285714286,18005.333333333332
2012-05-06,16720.0,16720.0,16720.0,16720.0,Sunday,False,-0.0035756853396901,16780.0,17050.0,17340.0,17094.285714285714,17931.333333333332
2012-05-07,16640.0,16640.0,16640.0,16640.0,Monday,False,-0.0047846889952153,16720.0,17050.0,17250.0,17005.714285714286,17855.333333333332
2012-05-08,16550.0,16550.0,16550.0,16550.0,Tuesday,False,-0.0054086538461538,16640.0,16780.0,17100.0,16918.571428571428,17773.333333333332
2012-05-09,16500.0,16500.0,16500.0,16500.0,Wednesday,False,-0.0030211480362537,16550.0,16720.0,17090.0,16840.0,17691.333333333332
2012-05-10,16190.0,16190.0,16190.0,16190.0,Thursday,False,-0.0187878787878787,16500.0,16640.0,17050.0,16755.714285714286,17608.0
2012-05-11,16190.0,16190.0,16190.0,16190.0,Friday,True,0.0,16190.0,16550.0,17050.0,16632.85714285714,17526.0
2012-05-12,15890.0,15890.0,15890.0,15890.0,Saturday,False,-0.0185299567634341,16190.0,16500.0,16780.0,16510.0,17439.0
2012-05-13,15750.0,15750.0,15750.0,15750.0,Sunday,False,-0.0088105726872246,15890.0,16190.0,16720.0,16382.857142857143,17340.666666666668
2012-05-14,16250.0,16250.0,16250.0,16250.0,Monday,False,0.0317460317460318,15750.0,16190.0,16640.0,16244.285714285714,17237.666666666668
2012-05-15,16690.0,16690.0,16690.0,16690.0,Tuesday,False,0.027076923076923,16250.0,15890.0,16550.0,16188.57142857143,17152.666666666668
2012-05-16,16380.0,16380.0,16380.0,16380.0,Wednesday,False,-0.0185739964050329,16690.0,15750.0,16500.0,16208.57142857143,17132.333333333332
2012-05-17,16650.0,16650.0,16650.0,16650.0,Thursday,False,0.0164835164835164,16380.0,16250.0,16190.0,16191.42857142857,17085.0
2012-05-18,16650.0,16650.0,16650.0,16650.0,Friday,True,0.0,16650.0,16690.0,16190.0,16257.142857142857,17040.0
2012-05-19,16850.0,16850.0,16850.0,16850.0,Saturday,False,0.0120120120120119,16650.0,16380.0,15890.0,16322.857142857143,16987.0
2012-05-20,16760.0,16760.0,16760.0,16760.0,Sunday,False,-0.0053412462908012,16850.0,16650.0,15750.0,16460.0,16942.666666666668
2012-05-21,16850.0,16850.0,16850.0,16850.0,Monday,False,0.0053699284009547,16760.0,16650.0,16250.0,16604.285714285714,16895.333333333332
2012-05-22,16690.0,16690.0,16690.0,16690.0,Tuesday,False,-0.0094955489614243,16850.0,16850.0,16690.0,16690.0,16856.0
2012-05-23,16710.0,16710.0,16710.0,16710.0,Wednesday,False,0.0011983223487117,16690.0,16760.0,16380.0,16690.0,16814.0
2012-05-24,17600.0,17600.0,17600.0,17600.0,Thursday,False,0.0532615200478754,16710.0,16850.0,16650.0,16737.14285714286,16778.0
2012-05-25,17600.0,17600.0,17600.0,17600.0,Friday,True,0.0,17600.0,16690.0,16650.0,16872.85714285714,16778.666666666668
2012-05-26,17670.0,17670.0,17670.0,17670.0,Saturday,False,0.0039772727272726,17600.0,16710.0,16850.0,17008.571428571428,16779.333333333332
2012-05-27,17200.0,17200.0,17200.0,17200.0,Sunday,False,-0.0265987549518958,17670.0,17600.0,16760.0,17125.714285714286,16785.666666666668
2012-05-28,17300.0,17300.0,17300.0,17300.0,Monday,False,0.0058139534883721,17200.0,17600.0,16850.0,17188.571428571428,16776.333333333332
2012-05-29,17600.0,17600.0,17600.0,17600.0,Tuesday,False,0.0173410404624276,17300.0,17670.0,16690.0,17252.85714285714,16798.0
2012-05-30,17680.0,17680.0,17680.0,17680.0,Wednesday,False,0.0045454545454546,17600.0,17200.0,16710.0,17382.85714285714,16806.666666666668
2012-05-31,17700.0,17700.0,17700.0,17700.0,Thursday,False,0.001131221719457,17680.0,17300.0,17600.0,17521.428571428572,16821.0
2012-06-01,17700.0,17700.0,17700.0,17700.0,Friday,True,0.0,17700.0,17600.0,17600.0,17535.714285714286,16841.0
2012-06-02,17770.0,17770.0,17770.0,17770.0,Saturday,False,0.0039548022598869,17700.0,17680.0,17670.0,17550.0,16861.333333333332
2012-06-03,17770.0,17770.0,17770.0,17770.0,Sunday,True,0.0,17770.0,17700.0,17200.0,17564.285714285714,16885.333333333332
2012-06-04,17770.0,17770.0,17770.0,17770.0,Monday,True,0.0,17770.0,17700.0,17300.0,17645.714285714286,16909.333333333332
2012-06-05,17680.0,17680.0,17680.0,17680.0,Tuesday,False,-0.0050647158131682,17770.0,17770.0,17600.0,17712.85714285714,16942.333333333332
2012-06-06,17700.0,17700.0,17700.0,17700.0,Wednesday,False,0.001131221719457,17680.0,17770.0,17680.0,17724.285714285714,16974.333333333332
2012-06-07,17850.0,17850.0,17850.0,17850.0,Thursday,False,0.0084745762711864,17700.0,17770.0,17700.0,17727.14285714286,17009.666666666668
2012-06-08,17850.0,17850.0,17850.0,17850.0,Friday,True,0.0,17850.0,17680.0,17700.0,17748.571428571428,17053.0
2012-06-09,18250.0,18250.0,18250.0,18250.0,Saturday,False,0.022408963585434,17850.0,17700.0,17770.0,17770.0,17098.0
2012-06-10,18210.0,18210.0,18210.0,18210.0,Sunday,False,-0.0021917808219178,18250.0,17850.0,17770.0,17838.571428571428,17166.666666666668
2012-06-11,18150.0,18150.0,18150.0,18150.0,Monday,False,-0.0032948929159802,18210.0,17850.0,17770.0,17901.428571428572,17234.0
2012-06-12,17900.0,17900.0,17900.0,17900.0,Tuesday,False,-0.0137741046831956,18150.0,18250.0,17680.0,17955.714285714286,17309.333333333332
2012-06-13,17600.0,17600.0,17600.0,17600.0,Wednesday,False,-0.0167597765363128,17900.0,18210.0,17700.0,17987.14285714286,17381.0
2012-06-14,17800.0,17800.0,17800.0,17800.0,Thursday,False,0.0113636363636364,17600.0,18150.0,17850.0,17972.85714285714,17426.0
2012-06-15,17800.0,17800.0,17800.0,17800.0,Friday,True,0.0,17800.0,17900.0,17850.0,17965.714285714286,17463.0
2012-06-16,17850.0,17850.0,17850.0,17850.0,Saturday,False,0.002808988764045,17800.0,17600.0,18250.0,17958.571428571428,17510.333333333332
2012-06-17,18000.0,18000.0,18000.0,18000.0,Sunday,False,0.0084033613445377,17850.0,17800.0,18210.0,17901.428571428572,17550.333333333332
2012-06-18,18000.0,18000.0,18000.0,18000.0,Monday,True,0.0,18000.0,17800.0,18150.0,17871.428571428572,17595.333333333332
2012-06-19,18100.0,18100.0,18100.0,18100.0,Tuesday,False,0.0055555555555555,18000.0,17850.0,17900.0,17850.0,17633.666666666668
2012-06-20,18280.0,18280.0,18280.0,18280.0,Wednesday,False,0.0099447513812154,18100.0,18000.0,17600.0,17878.571428571428,17678.333333333332
2012-06-21,18300.0,18300.0,18300.0,18300.0,Thursday,False,0.0010940919037198,18280.0,18000.0,17800.0,17975.714285714286,17726.0
2012-06-22,18300.0,18300.0,18300.0,18300.0,Friday,True,0.0,18300.0,18100.0,17800.0,18047.14285714286,17779.666666666668
2012-06-23,18800.0,18800.0,18800.0,18800.0,Saturday,False,0.0273224043715847,18300.0,18280.0,17850.0,18118.571428571428,17832.666666666668
2012-06-24,19050.0,19050.0,19050.0,19050.0,Sunday,False,0.0132978723404255,18800.0,18300.0,18000.0,18254.285714285714,17872.666666666668
2012-06-25,18950.0,18950.0,18950.0,18950.0,Monday,False,-0.005249343832021,19050.0,18300.0,18000.0,18404.285714285714,17921.0
2012-06-26,19200.0,19200.0,19200.0,19200.0,Tuesday,False,0.0131926121372032,18950.0,18800.0,18100.0,18540.0,17963.666666666668
2012-06-27,19400.0,19400.0,19400.0,19400.0,Wednesday,False,0.0104166666666667,19200.0,19050.0,18280.0,18697.14285714286,18030.333333333332
2012-06-28,20150.0,20150.0,20150.0,20150.0,Thursday,False,0.038659793814433,19400.0,18950.0,18300.0,18857.14285714286,18100.333333333332
2012-06-29,20150.0,20150.0,20150.0,20150.0,Friday,False,0.0,20150.0,19200.0,18300.0,19121.428571428572,18185.333333333332
2012-06-30,19800.0,19520.0,20000.0,19940.0,Saturday,False,-0.0104218362282878,20150.0,19400.0,18800.0,19385.714285714286,18267.666666666668
2012-07-01,19890.0,19520.0,19890.0,19530.0,Sunday,False,-0.0205616850551655,19940.0,20150.0,19050.0,19548.571428571428,18342.333333333332
2012-07-02,19460.0,19280.0,19560.0,19430.0,Monday,False,-0.0051203277009728,19530.0,20150.0,18950.0,19617.14285714286,18403.333333333332
2012-07-03,19410.0,19400.0,19760.0,19760.0,Tuesday,False,0.0169840452907874,19430.0,19940.0,19200.0,19685.714285714286,18458.666666666668
2012-07-04,19800.0,19610.0,19830.0,19680.0,Wednesday,False,-0.0040485829959514,19760.0,19530.0,19400.0,19765.714285714286,18525.0
2012-07-05,19800.0,19610.0,19830.0,19680.0,Thursday,True,0.0,19680.0,19430.0,20150.0,19805.714285714286,18588.666666666668
2012-07-06,19800.0,19610.0,19830.0,19680.0,Friday,True,0.0,19680.0,19760.0,20150.0,19738.571428571428,18655.333333333332
2012-07-07,19580.0,19410.0,19600.0,19460.0,Saturday,False,-0.0111788617886179,19680.0,19680.0,19940.0,19671.428571428572,18721.333333333332
2012-07-08,19390.0,19040.0,19390.0,19100.0,Sunday,False,-0.0184994861253854,19460.0,19680.0,19530.0,19602.85714285714,18775.0
2012-07-09,19020.0,18810.0,19160.0,19130.0,Monday,False,0.0015706806282722,19100.0,19680.0,19430.0,19541.428571428572,18816.666666666668
2012-07-10,19200.0,19200.0,19460.0,19360.0,Tuesday,False,0.012023000522739,19130.0,19460.0,19760.0,19498.571428571428,18846.0
2012-07-11,19330.0,19100.0,19340.0,19140.0,Wednesday,False,-0.0113636363636363,19360.0,19100.0,19680.0,19441.428571428572,18884.333333333332
2012-07-12,19170.0,19150.0,19240.0,19220.0,Thursday,False,0.0041797283176594,19140.0,19130.0,19680.0,19364.285714285714,18917.333333333332
2012-07-13,19170.0,19150.0,19240.0,19220.0,Friday,True,0.0,19220.0,19360.0,19680.0,19298.571428571428,18961.333333333332
2012-07-14,19350.0,19150.0,19350.0,19150.0,Saturday,False,-0.0036420395421435,19220.0,19140.0,19460.0,19232.85714285714,19015.333333333332
2012-07-15,19130.0,19010.0,19130.0,19020.0,Sunday,False,-0.0067885117493472,19150.0,19220.0,19100.0,19188.571428571428,19060.333333333332
2012-07-16,18900.0,18900.0,19200.0,19200.0,Monday,False,0.0094637223974762,19020.0,19220.0,19130.0,19177.14285714286,19101.0
2012-07-17,19280.0,19090.0,19280.0,19090.0,Tuesday,False,-0.0057291666666666,19200.0,19150.0,19360.0,19187.14285714286,19146.0
2012-07-18,19040.0,19030.0,19220.0,19150.0,Wednesday,False,0.0031430068098481,19090.0,19020.0,19140.0,19148.571428571428,19182.333333333332
2012-07-19,19140.0,19080.0,19140.0,19100.0,Thursday,False,-0.0026109660574412,19150.0,19200.0,19220.0,19150.0,19220.666666666668
2012-07-20,19140.0,19080.0,19140.0,19100.0,Friday,True,0.0,19100.0,19090.0,19220.0,19132.85714285714,19254.0
2012-07-21,19080.0,19030.0,19100.0,19090.0,Saturday,False,-0.0005235602094241,19100.0,19150.0,19150.0,19115.714285714286,19281.333333333332
2012-07-22,19070.0,18980.0,19080.0,18990.0,Sunday,False,-0.0052383446830801,19090.0,19100.0,19020.0,19107.14285714286,19307.666666666668
2012-07-23,18960.0,18960.0,19090.0,19080.0,Monday,False,0.0047393364928909,18990.0,19100.0,19200.0,19102.85714285714,19330.666666666668
2012-07-24,19100.0,19100.0,19230.0,19210.0,Tuesday,False,0.0068134171907756,19080.0,19090.0,19090.0,19085.714285714286,19340.0
2012-07-25,19200.0,19200.0,19340.0,19290.0,Wednesday,False,0.0041644976574701,19210.0,18990.0,19150.0,19102.85714285714,19345.333333333332
2012-07-26,19350.0,19350.0,19600.0,19570.0,Thursday,False,0.0145152928978744,19290.0,19080.0,19100.0,19122.85714285714,19356.666666666668
2012-07-27,19350.0,19350.0,19600.0,19570.0,Friday,True,0.0,19570.0,19210.0,19100.0,19190.0,19369.0
2012-07-28,19600.0,19600.0,19740.0,19700.0,Saturday,False,0.0066428206438426,19570.0,19290.0,19090.0,19257.14285714286,19374.666666666668
2012-07-29,19650.0,19420.0,19650.0,19470.0,Sunday,False,-0.0116751269035533,19700.0,19570.0,18990.0,19344.285714285714,19359.666666666668
2012-07-30,19500.0,19500.0,19680.0,19680.0,Monday,False,0.0107858243451464,19470.0,19570.0,19080.0,19412.85714285714,19337.0
2012-07-31,19710.0,19630.0,19710.0,19710.0,Tuesday,False,0.0015243902439023,19680.0,19700.0,19210.0,19498.571428571428,19328.333333333332
2012-08-01,19820.0,19800.0,20080.0,20070.0,Wednesday,False,0.0182648401826484,19710.0,19470.0,19290.0,19570.0,19334.333333333332
2012-08-02,20080.0,20080.0,20250.0,20190.0,Thursday,False,0.0059790732436473,20070.0,19680.0,19570.0,19681.428571428572,19355.666666666668
2012-08-03,20080.0,20080.0,20250.0,20190.0,Friday,True,0.0,20190.0,19710.0,19570.0,19770.0,19370.0
2012-08-04,20070.0,20020.0,20170.0,20080.0,Saturday,False,-0.0054482417038137,20190.0,20070.0,19700.0,19858.571428571428,19387.0
2012-08-05,20040.0,20040.0,20480.0,20440.0,Sunday,False,0.0179282868525896,20080.0,20190.0,19470.0,19912.85714285714,19400.333333333332
2012-08-06,20700.0,20700.0,21550.0,21460.0,Monday,False,0.0499021526418785,20440.0,20190.0,19680.0,20051.428571428572,19425.666666666668
2012-08-07,21800.0,21570.0,22100.0,21980.0,Tuesday,False,0.0242311276794036,21460.0,20080.0,19710.0,20305.714285714286,19492.333333333332
2012-08-08,21970.0,20850.0,21970.0,20850.0,Wednesday,False,-0.051410373066424,21980.0,20440.0,20070.0,20630.0,19588.333333333332
2012-08-09,20700.0,20570.0,20950.0,20950.0,Thursday,False,0.0047961630695443,20850.0,21460.0,20190.0,20741.428571428572,19645.666666666668
2012-08-10,20700.0,20570.0,20950.0,20950.0,Friday,True,0.0,20950.0,21980.0,20190.0,20850.0,19698.666666666668
2012-08-11,20800.0,20800.0,21350.0,21300.0,Saturday,False,0.0167064439140811,20950.0,20850.0,20080.0,20958.571428571428,19759.0
2012-08-12,21390.0,21370.0,21520.0,21480.0,Sunday,False,0.0084507042253521,21300.0,20950.0,20440.0,21132.85714285714,19828.333333333332
2012-08-13,21400.0,21290.0,21410.0,21300.0,Monday,False,-0.0083798882681563,21480.0,20950.0,21460.0,21281.428571428572,19903.666666666668
2012-08-14,21290.0,21210.0,21310.0,21210.0,Tuesday,False,-0.004225352112676,21300.0,21300.0,21980.0,21258.571428571428,19975.333333333332
2012-08-15,21230.0,21070.0,21240.0,21070.0,Wednesday,False,-0.0066006600660065,21210.0,21480.0,20850.0,21148.571428571428,20048.333333333332
2012-08-16,21110.0,21060.0,21260.0,21260.0,Thursday,False,0.009017560512577,21070.0,21300.0,20950.0,21180.0,20110.666666666668
2012-08-17,21110.0,21060.0,21260.0,21260.0,Friday,True,0.0,21260.0,21210.0,20950.0,21224.285714285714,20183.0
2012-08-18,21300.0,21200.0,21320.0,21200.0,Saturday,False,-0.0028222013170272,21260.0,21070.0,21300.0,21268.571428571428,20253.333333333332
2012-08-19,21300.0,21200.0,21320.0,21200.0,Sunday,True,0.0,21200.0,21260.0,21480.0,21254.285714285714,20323.333333333332
2012-08-20,21300.0,21200.0,21320.0,21200.0,Monday,True,0.0,21200.0,21260.0,21300.0,21214.285714285714,20393.333333333332
2012-08-21,21210.0,21180.0,21290.0,21290.0,Tuesday,False,0.0042452830188679,21200.0,21200.0,21210.0,21200.0,20463.666666666668
2012-08-22,21360.0,21290.0,21360.0,21360.0,Wednesday,False,0.0032879286049789,21290.0,21200.0,21070.0,21211.428571428572,20540.333333333332
2012-08-23,21420.0,21420.0,21690.0,21630.0,Thursday,False,0.0126404494382021,21360.0,21200.0,21260.0,21252.85714285714,20616.333333333332
2012-08-24,21420.0,21420.0,21690.0,21630.0,Friday,True,0.0,21630.0,21290.0,21260.0,21305.714285714286,20697.0
2012-08-25,21830.0,21820.0,22100.0,21940.0,Saturday,False,0.0143319463707813,21630.0,21360.0,21200.0,21358.571428571428,20775.0
2012-08-26,22000.0,21650.0,22000.0,21730.0,Sunday,False,-0.0095715587967183,21940.0,21630.0,21200.0,21464.285714285714,20854.0
2012-08-27,21750.0,21720.0,21960.0,21960.0,Monday,False,0.0105844454670962,21730.0,21630.0,21200.0,21540.0,20926.0
2012-08-28,21930.0,21930.0,21940.0,21940.0,Tuesday,False,-0.0009107468123861,21960.0,21940.0,21290.0,21648.571428571428,21001.333333333332
2012-08-29,21930.0,21930.0,21950.0,21940.0,Wednesday,False,0.0,21940.0,21730.0,21360.0,21741.428571428572,21083.666666666668
2012-08-30,21930.0,21930.0,21950.0,21940.0,Thursday,True,0.0,21940.0,21960.0,21630.0,21824.285714285714,21159.0
2012-08-31,21930.0,21930.0,21950.0,21940.0,Friday,True,0.0,21940.0,21940.0,21630.0,21868.571428571428,21233.333333333332
2012-09-01,21850.0,21770.0,21850.0,21800.0,Saturday,False,-0.0063810391978121,21940.0,21940.0,21940.0,21912.85714285714,21295.666666666668
2012-09-02,21780.0,21590.0,21780.0,21590.0,Sunday,False,-0.0096330275229358,21800.0,21940.0,21730.0,21892.85714285714,21349.333333333332
2012-09-03,21500.0,21330.0,21730.0,21730.0,Monday,False,0.0064844835572024,21590.0,21940.0,21960.0,21872.85714285714,21396.0
2012-09-04,21820.0,21750.0,21910.0,21820.0,Tuesday,False,0.0041417395306029,21730.0,21800.0,21940.0,21840.0,21451.0
2012-09-05,21820.0,21810.0,22190.0,22180.0,Wednesday,False,0.0164986251145737,21820.0,21590.0,21940.0,21822.85714285714,21497.0
2012-09-06,22370.0,22210.0,22500.0,22210.0,Thursday,False,0.0013525698827772,22180.0,21730.0,21940.0,21857.14285714286,21521.0
2012-09-07,22370.0,22210.0,22500.0,22210.0,Friday,True,0.0,22210.0,21820.0,21940.0,21895.714285714286,21528.666666666668
2012-09-08,22500.0,22500.0,23020.0,23020.0,Saturday,False,0.0364700585321926,22210.0,22180.0,21800.0,21934.285714285714,21574.0
2012-09-09,23140.0,23140.0,24480.0,24480.0,Sunday,False,0.0634231103388358,23020.0,22210.0,21590.0,22108.571428571428,21643.0
2012-09-10,24900.0,24900.0,26300.0,25600.0,Monday,False,0.0457516339869281,24480.0,22210.0,21730.0,22521.428571428572,21760.666666666668
2012-09-11,25200.0,24250.0,25200.0,24750.0,Tuesday,False,-0.033203125,25600.0,23020.0,21820.0,23074.285714285714,21904.0
2012-09-12,25200.0,24250.0,25200.0,24750.0,Wednesday,True,0.0,24750.0,24480.0,22180.0,23492.85714285714,22013.0
2012-09-13,23900.0,23820.0,24000.0,23910.0,Thursday,False,-0.0339393939393939,24750.0,25600.0,22210.0,23860.0,22128.0
2012-09-14,23900.0,23820.0,24000.0,23910.0,Friday,True,0.0,23910.0,24750.0,22210.0,24102.85714285714,22218.0
2012-09-15,23850.0,23850.0,24480.0,24480.0,Saturday,False,0.0238393977415307,23910.0,24750.0,23020.0,24345.714285714286,22312.666666666668
2012-09-16,24350.0,24320.0,24550.0,24470.0,Sunday,False,-0.0004084967320261,24480.0,23910.0,24480.0,24554.285714285714,22420.0
2012-09-17,24470.0,24470.0,25240.0,24930.0,Monday,False,0.0187985288107888,24470.0,23910.0,25600.0,24552.85714285714,22527.0
2012-09-18,24700.0,24300.0,24820.0,24360.0,Tuesday,False,-0.0228640192539109,24930.0,24480.0,24750.0,24457.14285714286,22651.333333333332
2012-09-19,24210.0,23990.0,24360.0,24280.0,Wednesday,False,-0.0032840722495894,24360.0,24470.0,24750.0,24401.428571428572,22756.666666666668
2012-09-20,24340.0,24340.0,24410.0,24380.0,Thursday,False,0.0041186161449753,24280.0,24930.0,23910.0,24334.285714285714,22859.333333333332
2012-09-21,24340.0,24340.0,24410.0,24380.0,Friday,True,0.0,24380.0,24360.0,23910.0,24401.428571428572,22962.333333333332
2012-09-22,24740.0,24370.0,24740.0,24690.0,Saturday,False,0.012715340442986,24380.0,24280.0,24480.0,24468.571428571428,23063.0
2012-09-23,24660.0,24510.0,24780.0,24760.0,Sunday,False,0.0028351559335764,24690.0,24380.0,24470.0,24498.571428571428,23165.0
2012-09-24,24600.0,24600.0,25300.0,25200.0,Monday,False,0.0177705977382875,24760.0,24380.0,24930.0,24540.0,23269.333333333332
2012-09-25,25310.0,25310.0,26530.0,25480.0,Tuesday,False,0.011111111111111,25200.0,24690.0,24360.0,24578.571428571428,23378.0
2012-09-26,26150.0,26120.0,26460.0,26300.0,Wednesday,False,0.032182103610675,25480.0,24760.0,24280.0,24738.571428571428,23503.0
2012-09-27,26760.0,26760.0,26900.0,26900.0,Thursday,False,0.0228136882129277,26300.0,25200.0,24380.0,25027.14285714286,23647.666666666668
2012-09-28,26760.0,26760.0,26900.0,26900.0,Friday,True,0.0,26900.0,25480.0,24380.0,25387.14285714286,23813.0
2012-09-29,27160.0,27160.0,28500.0,28440.0,Saturday,False,0.0572490706319701,26900.0,26300.0,24690.0,25747.14285714286,23978.333333333332
2012-09-30,29600.0,29410.0,29800.0,29800.0,Sunday,False,0.0478199718706047,28440.0,26900.0,24760.0,26282.85714285714,24195.0
2012-10-01,29680.0,29680.0,34700.0,34700.0,Monday,False,0.1644295302013423,29800.0,26900.0,25200.0,27002.85714285714,24457.0
2012-10-02,33300.0,33300.0,36100.0,36100.0,Tuesday,False,0.0403458213256484,34700.0,28440.0,25480.0,28360.0,24887.0
2012-10-03,35700.0,30000.0,36300.0,34000.0,Wednesday,False,-0.0581717451523545,36100.0,29800.0,26300.0,29877.14285714286,25370.666666666668
2012-10-04,31000.0,29600.0,32000.0,30000.0,Thursday,False,-0.1176470588235294,34000.0,34700.0,26900.0,30977.14285714286,25779.666666666668
2012-10-05,31000.0,29600.0,32000.0,30000.0,Friday,True,0.0,30000.0,36100.0,26900.0,31420.0,26052.333333333332
2012-10-06,29000.0,28500.0,31500.0,30300.0,Saturday,False,0.01,30000.0,34000.0,28440.0,31862.85714285714,26313.0
2012-10-07,29800.0,28500.0,31200.0,30000.0,Sunday,False,-0.0099009900990099,30300.0,30000.0,29800.0,32128.571428571428,26582.666666666668
2012-10-08,30670.0,30670.0,33400.0,33400.0,Monday,False,0.1133333333333332,30000.0,30000.0,34700.0,32157.14285714286,26842.333333333332
2012-10-09,34000.0,33000.0,34500.0,33000.0,Tuesday,False,-0.0119760479041916,33400.0,30300.0,36100.0,31971.428571428572,27188.333333333332
2012-10-10,32200.0,31250.0,33500.0,33000.0,Wednesday,False,0.0,33000.0,30000.0,34000.0,31528.571428571428,27472.333333333332
2012-10-11,33000.0,33000.0,33450.0,33250.0,Thursday,False,0.0075757575757575,33000.0,33400.0,30000.0,31385.714285714286,27719.0
2012-10-12,33000.0,33000.0,33450.0,33250.0,Friday,True,0.0,33250.0,33000.0,30000.0,31850.0,28002.333333333332
2012-10-13,33950.0,33950.0,33950.0,33950.0,Saturday,False,0.0210526315789474,33250.0,33000.0,30300.0,32314.285714285714,28285.666666666668
2012-10-14,33700.0,33500.0,34200.0,34000.0,Sunday,False,0.0014727540500736,33950.0,33250.0,30000.0,32835.71428571428,28620.333333333332
2012-10-15,34600.0,34600.0,35400.0,35200.0,Monday,False,0.0352941176470589,34000.0,33250.0,33400.0,33407.142857142855,28956.666666666668
2012-10-16,36000.0,36000.0,36000.0,36000.0,Tuesday,False,0.0227272727272727,35200.0,33950.0,33000.0,33664.28571428572,29314.0
2012-10-17,33350.0,33350.0,33350.0,33350.0,Wednesday,False,-0.073611111111111,36000.0,34000.0,33000.0,34092.857142857145,29698.333333333332
2012-10-18,33350.0,33350.0,36000.0,35300.0,Thursday,False,0.0584707646176911,33350.0,35200.0,33250.0,34142.857142857145,29979.0
2012-10-19,33350.0,33350.0,36000.0,35300.0,Friday,True,0.0,35300.0,36000.0,33250.0,34435.71428571428,30343.666666666668
2012-10-20,36000.0,36000.0,36000.0,36000.0,Saturday,False,0.0198300283286119,35300.0,33350.0,33950.0,34728.57142857143,30711.0
2012-10-21,35500.0,35000.0,35500.0,35400.0,Sunday,False,-0.0166666666666667,36000.0,35300.0,34000.0,35021.42857142857,31098.333333333332
2012-10-22,36000.0,36000.0,36000.0,36000.0,Monday,False,0.0169491525423728,35400.0,35300.0,35200.0,35221.42857142857,31465.666666666668
2012-10-23,33000.0,32700.0,33000.0,32700.0,Tuesday,False,-0.0916666666666666,36000.0,36000.0,36000.0,35335.71428571428,31842.666666666668
2012-10-24,34000.0,34000.0,34000.0,34000.0,Wednesday,False,0.039755351681957,32700.0,35400.0,33350.0,34864.28571428572,32107.333333333332
2012-10-25,34000.0,34000.0,34000.0,34000.0,Thursday,False,0.0,34000.0,36000.0,35300.0,34957.142857142855,32400.666666666668
2012-10-26,34000.0,34000.0,34000.0,34000.0,Friday,False,0.0,34000.0,32700.0,35300.0,34771.42857142857,32684.666666666668
2012-10-27,33400.0,33400.0,33400.0,33400.0,Saturday,False,-0.0176470588235294,34000.0,34000.0,36000.0,34585.71428571428,32941.333333333336
2012-10-28,32900.0,32900.0,32900.0,32900.0,Sunday,False,-0.0149700598802394,33400.0,34000.0,35400.0,34214.28571428572,33158.0
2012-10-29,33400.0,33400.0,33400.0,33400.0,Monday,False,0.0151975683890577,32900.0,34000.0,36000.0,33857.142857142855,33358.0
2012-10-30,33000.0,33000.0,33000.0,33000.0,Tuesday,False,-0.0119760479041916,33400.0,33400.0,32700.0,33485.71428571428,33523.333333333336
2012-10-31,32900.0,32900.0,32900.0,32900.0,Wednesday,False,-0.003030303030303,33000.0,32900.0,34000.0,33528.57142857143,33630.0
2012-11-01,32900.0,32900.0,32900.0,32900.0,Thursday,False,0.0,32900.0,33400.0,34000.0,33371.42857142857,33570.0
2012-11-02,32900.0,32900.0,32900.0,32900.0,Friday,False,0.0,32900.0,33000.0,34000.0,33214.28571428572,33463.333333333336
2012-11-03,32900.0,32900.0,32900.0,32900.0,Saturday,False,0.0,32900.0,32900.0,33400.0,33057.142857142855,33426.666666666664
2012-11-04,31000.0,29500.0,31000.0,29500.0,Sunday,False,-0.1033434650455926,32900.0,32900.0,32900.0,32985.71428571428,33523.333333333336
2012-11-05,29500.0,29500.0,29500.0,29500.0,Monday,False,0.0,29500.0,32900.0,33400.0,32500.0,33506.666666666664
2012-11-06,32000.0,32000.0,32000.0,32000.0,Tuesday,False,0.0847457627118644,29500.0,32900.0,33000.0,31942.85714285714,33480.0
2012-11-07,31800.0,31800.0,31800.0,31800.0,Wednesday,False,-0.0062499999999999,32000.0,29500.0,32900.0,31800.0,33546.666666666664
2012-11-08,31800.0,31800.0,31800.0,31800.0,Thursday,False,0.0,31800.0,29500.0,32900.0,31642.85714285714,33493.333333333336
2012-11-09,31800.0,31800.0,31800.0,31800.0,Friday,False,0.0,31800.0,32000.0,32900.0,31485.714285714286,33453.333333333336
2012-11-10,31000.0,31000.0,31000.0,31000.0,Saturday,False,-0.0251572327044025,31800.0,31800.0,32900.0,31328.571428571428,33413.333333333336
2012-11-11,30700.0,30700.0,30700.0,30700.0,Sunday,False,-0.0096774193548386,31000.0,31800.0,29500.0,31057.14285714286,33338.333333333336
2012-11-12,30500.0,30500.0,30500.0,30500.0,Monday,False,-0.006514657980456,30700.0,31800.0,29500.0,31228.571428571428,33253.333333333336
2012-11-13,30000.0,30000.0,30000.0,30000.0,Tuesday,False,-0.0163934426229508,30500.0,31000.0,32000.0,31371.428571428572,33138.333333333336
2012-11-14,29800.0,29800.0,29800.0,29800.0,Wednesday,False,-0.0066666666666667,30000.0,30700.0,31800.0,31085.714285714286,33005.0
2012-11-15,29800.0,29800.0,29800.0,29800.0,Thursday,False,0.0,29800.0,30500.0,31800.0,30800.0,32825.0
2012-11-16,29800.0,29800.0,29800.0,29800.0,Friday,False,0.0,29800.0,30000.0,31800.0,30514.285714285714,32618.333333333332
2012-11-17,29400.0,29400.0,29400.0,29400.0,Saturday,False,-0.0134228187919462,29800.0,29800.0,31000.0,30228.571428571428,32500.0
2012-11-18,28500.0,28500.0,28500.0,28500.0,Sunday,False,-0.0306122448979592,29400.0,29800.0,30700.0,30000.0,32303.333333333332
2012-11-19,28000.0,28000.0,28000.0,28000.0,Monday,False,-0.0175438596491228,28500.0,29800.0,30500.0,29685.714285714286,32076.666666666668
2012-11-20,26500.0,26500.0,26500.0,26500.0,Tuesday,False,-0.0535714285714286,28000.0,29400.0,30000.0,29328.571428571428,31810.0
2012-11-21,28400.0,28400.0,28400.0,28400.0,Wednesday,False,0.0716981132075471,26500.0,28500.0,29800.0,28828.571428571428,31513.333333333332
2012-11-22,28400.0,28400.0,29000.0,29000.0,Thursday,False,0.0211267605633802,28400.0,28000.0,29800.0,28628.571428571428,31260.0
2012-11-23,29000.0,29000.0,29000.0,29000.0,Friday,False,0.0,29000.0,26500.0,29800.0,28514.285714285714,31136.666666666668
2012-11-24,29000.0,29000.0,29000.0,29000.0,Saturday,False,0.0,29000.0,28400.0,29400.0,28400.0,30970.0
2012-11-25,29000.0,29000.0,29000.0,29000.0,Sunday,False,0.0,29000.0,29000.0,28500.0,28342.85714285714,30803.333333333332
2012-11-26,28900.0,28900.0,28900.0,28900.0,Monday,False,-0.0034482758620689,29000.0,29000.0,28000.0,28414.285714285714,30636.666666666668
2012-11-27,28000.0,28000.0,28000.0,28000.0,Tuesday,False,-0.0311418685121107,28900.0,29000.0,26500.0,28542.85714285714,30486.666666666668
2012-11-28,29000.0,29000.0,29000.0,29000.0,Wednesday,False,0.0357142857142858,28000.0,29000.0,28400.0,28757.14285714286,30323.333333333332
2012-11-29,28700.0,28700.0,28700.0,28700.0,Thursday,False,-0.0103448275862069,29000.0,28900.0,29000.0,28842.85714285714,30176.666666666668
2012-11-30,28700.0,28700.0,28700.0,28700.0,Friday,True,0.0,28700.0,28000.0,29000.0,28800.0,30033.333333333332
2012-12-01,29500.0,29500.0,29500.0,29500.0,Saturday,False,0.0278745644599303,28700.0,29000.0,29000.0,28757.14285714286,29893.333333333332
2012-12-02,29300.0,29300.0,29300.0,29300.0,Sunday,False,-0.0067796610169491,29500.0,28700.0,29000.0,28828.571428571428,29780.0
2012-12-03,29300.0,29300.0,29300.0,29300.0,Monday,False,0.0,29300.0,28700.0,28900.0,28871.428571428572,29660.0
2012-12-04,29100.0,29100.0,29100.0,29100.0,Tuesday,False,-0.0068259385665528,29300.0,29500.0,28000.0,28928.571428571428,29540.0
2012-12-05,29300.0,29300.0,29300.0,29300.0,Wednesday,False,0.0068728522336769,29100.0,29300.0,29000.0,29085.714285714286,29526.666666666668
2012-12-06,29300.0,29300.0,29300.0,29300.0,Thursday,False,0.0,29300.0,29300.0,28700.0,29128.571428571428,29520.0
2012-12-07,29300.0,29300.0,29300.0,29300.0,Friday,False,0.0,29300.0,29100.0,28700.0,29214.285714285714,29430.0
2012-12-08,30500.0,30500.0,30500.0,30500.0,Saturday,False,0.0409556313993173,29300.0,29300.0,29500.0,29300.0,29346.666666666668
2012-12-09,29000.0,29000.0,29000.0,29000.0,Sunday,False,-0.0491803278688525,30500.0,29300.0,29300.0,29442.85714285714,29303.333333333332
2012-12-10,29800.0,29800.0,29800.0,29800.0,Monday,False,0.0275862068965517,29000.0,29300.0,29300.0,29400.0,29210.0
2012-12-11,30100.0,30100.0,30100.0,30100.0,Tuesday,False,0.0100671140939596,29800.0,30500.0,29100.0,29471.428571428572,29170.0
2012-12-12,29950.0,29950.0,29950.0,29950.0,Wednesday,False,-0.0049833887043189,30100.0,29000.0,29300.0,29614.285714285714,29150.0
2012-12-13,30200.0,30200.0,30200.0,30200.0,Thursday,False,0.0083472454090149,29950.0,29800.0,29300.0,29707.14285714286,29131.666666666668
2012-12-14,30200.0,30200.0,30200.0,30200.0,Friday,True,0.0,30200.0,30100.0,29300.0,29835.714285714286,29138.333333333332
2012-12-15,29700.0,29700.0,29700.0,29700.0,Saturday,False,-0.0165562913907284,30200.0,29950.0,30500.0,29964.285714285714,29151.666666666668
2012-12-16,30000.0,30000.0,30000.0,30000.0,Sunday,False,0.0101010101010101,29700.0,30200.0,29000.0,29850.0,29148.333333333332
2012-12-17,30000.0,30000.0,30330.0,30330.0,Monday,False,0.0109999999999998,30000.0,30200.0,29800.0,29992.85714285714,29155.0
2012-12-18,30900.0,30900.0,31100.0,31100.0,Tuesday,False,0.0253874052093636,30330.0,29700.0,30100.0,30068.571428571428,29186.0
2012-12-19,31250.0,30850.0,31350.0,30850.0,Wednesday,False,-0.0080385852090032,31100.0,30000.0,29950.0,30211.428571428572,29272.666666666668
2012-12-20,31000.0,31000.0,31000.0,31000.0,Thursday,False,0.0048622366288493,30850.0,30330.0,30200.0,30340.0,29367.666666666668
2012-12-21,31000.0,31000.0,31000.0,31000.0,Friday,True,0.0,31000.0,31100.0,30200.0,30454.285714285714,29517.666666666668
2012-12-22,31500.0,31300.0,31700.0,31700.0,Saturday,False,0.0225806451612902,31000.0,30850.0,29700.0,30568.571428571428,29604.333333333332
2012-12-23,31800.0,31800.0,32400.0,32400.0,Sunday,False,0.0220820189274448,31700.0,31000.0,30000.0,30854.285714285714,29694.333333333332
2012-12-24,33500.0,33320.0,33500.0,33320.0,Monday,False,0.028395061728395,32400.0,31000.0,30330.0,31197.14285714286,29807.666666666668
2012-12-25,34200.0,33320.0,34200.0,33320.0,Tuesday,False,0.0,33320.0,31700.0,31100.0,31624.285714285714,29951.666666666668
2012-12-26,32640.0,32480.0,33280.0,32750.0,Wednesday,False,-0.0171068427370948,33320.0,32400.0,30850.0,31941.428571428572,30095.666666666668
2012-12-27,32850.0,32600.0,32850.0,32600.0,Thursday,False,-0.0045801526717557,32750.0,33320.0,31000.0,32212.85714285714,30224.0
2012-12-28,32850.0,32600.0,32850.0,32600.0,Friday,True,0.0,32600.0,33320.0,31000.0,32441.428571428572,30377.333333333332
2012-12-29,32800.0,32100.0,32800.0,32100.0,Saturday,False,-0.0153374233128834,32600.0,32750.0,31700.0,32670.0,30497.333333333332
2012-12-30,31950.0,31600.0,32300.0,32300.0,Sunday,False,0.0062305295950155,32100.0,32600.0,32400.0,32727.14285714286,30610.666666666668
2012-12-31,32900.0,32400.0,32900.0,32400.0,Monday,False,0.0030959752321981,32300.0,32600.0,33320.0,32712.85714285714,30730.666666666668
2013-01-01,32400.0,32400.0,32550.0,32400.0,Tuesday,False,0.0,32400.0,32100.0,33320.0,32581.428571428572,30827.333333333332
2013-01-02,32350.0,32350.0,32500.0,32450.0,Wednesday,False,0.0015432098765431,32400.0,32300.0,32750.0,32450.0,30930.666666666668
2013-01-03,32350.0,32350.0,32500.0,32450.0,Thursday,True,0.0,32450.0,32400.0,32600.0,32407.14285714286,31035.666666666668
2013-01-04,32350.0,32350.0,32500.0,32450.0,Friday,True,0.0,32450.0,32400.0,32600.0,32385.714285714286,31147.333333333332
2013-01-05,32350.0,32350.0,32350.0,32350.0,Saturday,False,-0.0030816640986132,32450.0,32450.0,32100.0,32364.285714285714,31252.333333333332
2013-01-06,32400.0,32330.0,32460.0,32460.0,Sunday,False,0.0034003091190109,32350.0,32450.0,32300.0,32400.0,31354.0
2013-01-07,32400.0,32300.0,32400.0,32350.0,Monday,False,-0.0033887861983979,32460.0,32450.0,32400.0,32422.85714285714,31459.333333333332
2013-01-08,32420.0,32400.0,32660.0,32660.0,Tuesday,False,0.009582689335394,32350.0,32350.0,32400.0,32415.714285714286,31521.0
2013-01-09,32550.0,32550.0,33250.0,32850.0,Wednesday,False,0.005817513778322,32660.0,32460.0,32450.0,32452.85714285714,31643.0
2013-01-10,32800.0,32800.0,32800.0,32800.0,Thursday,False,-0.0015220700152207,32850.0,32350.0,32450.0,32510.0,31744.666666666668
2013-01-11,32800.0,32800.0,32800.0,32800.0,Friday,True,0.0,32800.0,32660.0,32450.0,32560.0,31834.666666666668
2013-01-12,32800.0,32800.0,32800.0,32800.0,Saturday,True,0.0,32800.0,32850.0,32350.0,32610.0,31929.666666666668
2013-01-13,32700.0,32700.0,33080.0,32880.0,Sunday,False,0.0024390243902439,32800.0,32800.0,32460.0,32674.285714285714,32016.333333333332
2013-01-14,32900.0,32850.0,32950.0,32900.0,Monday,False,0.0006082725060827,32880.0,32800.0,32350.0,32734.285714285714,32105.666666666668
2013-01-15,32930.0,32900.0,33100.0,33050.0,Tuesday,False,0.0045592705167172,32900.0,32800.0,32660.0,32812.857142857145,32212.333333333332
2013-01-16,33300.0,33010.0,33300.0,33050.0,Wednesday,False,0.0,33050.0,32880.0,32850.0,32868.57142857143,32314.0
2013-01-17,33080.0,33050.0,33080.0,33050.0,Thursday,False,0.0,33050.0,32900.0,32800.0,32897.142857142855,32404.666666666668
2013-01-18,33080.0,33050.0,33080.0,33050.0,Friday,True,0.0,33050.0,33050.0,32800.0,32932.857142857145,32469.666666666668
2013-01-19,33150.0,33150.0,33400.0,33400.0,Saturday,False,0.0105900151285931,33050.0,33050.0,32800.0,32968.57142857143,32543.0
2013-01-20,33300.0,33300.0,34350.0,34100.0,Sunday,False,0.0209580838323353,33400.0,33050.0,32880.0,33054.28571428572,32623.0
2013-01-21,34400.0,34400.0,35430.0,35150.0,Monday,False,0.0307917888563049,34100.0,33050.0,32900.0,33228.57142857143,32726.333333333332
2013-01-22,35240.0,35240.0,36500.0,36190.0,Tuesday,False,0.0295874822190611,35150.0,33400.0,33050.0,33550.0,32841.333333333336
2013-01-23,36500.0,34960.0,36500.0,35600.0,Wednesday,False,-0.0163028460900801,36190.0,34100.0,33050.0,33998.57142857143,32967.666666666664
2013-01-24,35400.0,35200.0,35400.0,35250.0,Thursday,False,-0.0098314606741573,35600.0,35150.0,33050.0,34362.857142857145,33043.666666666664
2013-01-25,35400.0,35200.0,35400.0,35250.0,Friday,True,0.0,35250.0,36190.0,33050.0,34677.142857142855,33108.0
2013-01-26,35000.0,35000.0,35500.0,35500.0,Saturday,False,0.0070921985815601,35250.0,35600.0,33400.0,34991.42857142857,33191.333333333336
2013-01-27,35600.0,35600.0,36520.0,36520.0,Sunday,False,0.0287323943661972,35500.0,35250.0,34100.0,35291.42857142857,33288.0
2013-01-28,36300.0,36000.0,36710.0,36500.0,Monday,False,-0.0005476451259583,36520.0,35250.0,35150.0,35637.142857142855,33418.666666666664
2013-01-29,36600.0,36600.0,36600.0,36600.0,Tuesday,False,0.0027397260273973,36500.0,35500.0,36190.0,35830.0,33565.333333333336
2013-01-30,36800.0,36800.0,38100.0,37950.0,Wednesday,False,0.0368852459016393,36600.0,36520.0,35600.0,35888.57142857143,33708.666666666664
2013-01-31,37800.0,37800.0,38900.0,38900.0,Thursday,False,0.0250329380764162,37950.0,36500.0,35250.0,36224.28571428572,33893.666666666664
2013-02-01,37800.0,37800.0,38900.0,38900.0,Friday,True,0.0,38900.0,36600.0,35250.0,36745.71428571428,34110.333333333336
2013-02-02,39400.0,37800.0,39700.0,38200.0,Saturday,False,-0.0179948586118251,38900.0,37950.0,35500.0,37267.142857142855,34325.333333333336
2013-02-03,38100.0,37800.0,38100.0,38100.0,Sunday,False,-0.0026178010471203,38200.0,38900.0,36520.0,37652.857142857145,34517.0
2013-02-04,37700.0,37700.0,38250.0,38250.0,Monday,False,0.0039370078740157,38100.0,38900.0,36500.0,37878.57142857143,34705.333333333336
2013-02-05,38900.0,38500.0,38900.0,38500.0,Tuesday,False,0.0065359477124182,38250.0,38200.0,36600.0,38128.57142857143,34902.0
2013-02-06,37700.0,37150.0,37700.0,37150.0,Wednesday,False,-0.035064935064935,38500.0,38100.0,37950.0,38400.0,35103.333333333336
2013-02-07,37900.0,37900.0,38200.0,38200.0,Thursday,False,0.0282637954239568,37150.0,38250.0,38900.0,38285.71428571428,35263.333333333336
2013-02-08,37900.0,37900.0,38200.0,38200.0,Friday,True,0.0,38200.0,38500.0,38900.0,38185.71428571428,35448.0
2013-02-09,38250.0,38250.0,38500.0,38500.0,Saturday,False,0.0078534031413612,38200.0,37150.0,38200.0,38085.71428571428,35626.333333333336
2013-02-10,38250.0,38250.0,38500.0,38500.0,Sunday,True,0.0,38500.0,38200.0,38100.0,38128.57142857143,35816.333333333336
2013-02-11,38300.0,37700.0,38300.0,37700.0,Monday,False,-0.0207792207792207,38500.0,38200.0,38250.0,38185.71428571428,36006.333333333336
2013-02-12,37500.0,37200.0,37500.0,37200.0,Tuesday,False,-0.013262599469496,37700.0,38500.0,38500.0,38107.142857142855,36169.666666666664
2013-02-13,36000.0,35900.0,36500.0,36500.0,Wednesday,False,-0.0188172043010752,37200.0,38500.0,37150.0,37921.42857142857,36313.666666666664
2013-02-14,36900.0,36900.0,37500.0,37500.0,Thursday,False,0.0273972602739727,36500.0,37700.0,38200.0,37828.57142857143,36433.666666666664
2013-02-15,36900.0,36900.0,37500.0,37500.0,Friday,True,0.0,37500.0,37200.0,38200.0,37728.57142857143,36582.0
2013-02-16,37450.0,37140.0,37450.0,37300.0,Saturday,False,-0.0053333333333333,37500.0,36500.0,38500.0,37628.57142857143,36730.333333333336
2013-02-17,37000.0,36800.0,37000.0,36800.0,Sunday,False,-0.0134048257372654,37300.0,37500.0,38500.0,37457.142857142855,36872.0
2013-02-18,36600.0,36600.0,37100.0,37100.0,Monday,False,0.0081521739130434,36800.0,37500.0,37700.0,37214.28571428572,36997.0
2013-02-19,37400.0,37250.0,37500.0,37250.0,Tuesday,False,0.0040431266846361,37100.0,37300.0,37200.0,37128.57142857143,37120.333333333336
2013-02-20,36800.0,36800.0,37100.0,36900.0,Wednesday,False,-0.0093959731543624,37250.0,36800.0,36500.0,37135.71428571428,37225.333333333336
2013-02-21,36700.0,36700.0,36750.0,36750.0,Thursday,False,-0.0040650406504064,36900.0,37100.0,37500.0,37192.857142857145,37283.666666666664
2013-02-22,36700.0,36700.0,36750.0,36750.0,Friday,True,0.0,36750.0,37250.0,37500.0,37085.71428571428,37302.333333333336
2013-02-23,37000.0,36800.0,37100.0,36800.0,Saturday,False,0.0013605442176871,36750.0,36900.0,37300.0,36978.57142857143,37340.666666666664
2013-02-24,36650.0,36550.0,36750.0,36750.0,Sunday,False,-0.0013586956521739,36800.0,36750.0,36800.0,36907.142857142855,37392.333333333336
2013-02-25,36890.0,36890.0,37460.0,37460.0,Monday,False,0.0193197278911565,36750.0,36750.0,37100.0,36900.0,37442.333333333336
2013-02-26,37450.0,37450.0,37850.0,37650.0,Tuesday,False,0.0050720768820073,37460.0,36800.0,37250.0,36951.42857142857,37507.666666666664
2013-02-27,37900.0,37050.0,37900.0,37050.0,Wednesday,False,-0.0159362549800796,37650.0,36750.0,36900.0,37008.57142857143,37545.333333333336
2013-02-28,37000.0,36750.0,37000.0,36750.0,Thursday,False,-0.0080971659919028,37050.0,37460.0,36750.0,37030.0,37563.666666666664
2013-03-01,37000.0,36750.0,37000.0,36750.0,Friday,True,0.0,36750.0,37650.0,36750.0,37030.0,37568.666666666664
2013-03-02,36500.0,36450.0,36650.0,36450.0,Saturday,False,-0.0081632653061224,36750.0,37050.0,36800.0,37030.0,37528.666666666664
2013-03-03,36100.0,34900.0,36100.0,34900.0,Sunday,False,-0.0425240054869684,36450.0,36750.0,36750.0,36980.0,37447.0
2013-03-04,33900.0,32850.0,33900.0,33050.0,Monday,False,-0.0530085959885386,34900.0,36750.0,37460.0,36715.71428571428,37313.666666666664
2013-03-05,33300.0,33300.0,34700.0,34400.0,Tuesday,False,0.0408472012102874,33050.0,36450.0,37650.0,36085.71428571428,37142.0
2013-03-06,34800.0,34800.0,35900.0,35900.0,Wednesday,False,0.0436046511627907,34400.0,34900.0,37050.0,35621.42857142857,37018.666666666664
2013-03-07,36400.0,35700.0,36400.0,35700.0,Thursday,False,-0.0055710306406685,35900.0,33050.0,36750.0,35457.142857142855,36940.333333333336
2013-03-08,36400.0,35700.0,36400.0,35700.0,Friday,True,0.0,35700.0,34400.0,36750.0,35307.142857142855,36847.0
2013-03-09,35450.0,34800.0,35450.0,34800.0,Saturday,False,-0.0252100840336134,35700.0,35900.0,36450.0,35157.142857142855,36798.666666666664
2013-03-10,34850.0,34450.0,34850.0,34750.0,Sunday,False,-0.0014367816091953,34800.0,35700.0,34900.0,34921.42857142857,36685.333333333336
2013-03-11,35300.0,34900.0,35500.0,35100.0,Monday,False,0.0100719424460431,34750.0,35700.0,33050.0,34900.0,36570.333333333336
2013-03-12,35050.0,34700.0,35050.0,34750.0,Tuesday,False,-0.0099715099715099,35100.0,34800.0,34400.0,35192.857142857145,36457.0
2013-03-13,34300.0,34100.0,34450.0,34400.0,Wednesday,False,-0.0100719424460431,34750.0,34750.0,35900.0,35242.857142857145,36332.0
2013-03-14,34200.0,34000.0,34250.0,34000.0,Thursday,False,-0.0116279069767442,34400.0,35100.0,35700.0,35028.57142857143,36222.0
2013-03-15,34200.0,34000.0,34250.0,34000.0,Friday,True,0.0,34000.0,34750.0,35700.0,34785.71428571428,36115.333333333336
2013-03-16,33950.0,33300.0,33950.0,33320.0,Saturday,False,-0.02,34000.0,34400.0,34800.0,34542.857142857145,36032.0
2013-03-17,33400.0,33400.0,34200.0,34100.0,Sunday,False,0.0234093637454981,33320.0,34000.0,34750.0,34331.42857142857,35892.666666666664
2013-03-18,34000.0,33950.0,34050.0,34050.0,Monday,False,-0.001466275659824,34100.0,34000.0,35100.0,34238.57142857143,35779.333333333336
2013-03-19,34000.0,33950.0,34050.0,34050.0,Tuesday,True,0.0,34050.0,33320.0,34750.0,34088.57142857143,35671.0
2013-03-20,34000.0,33950.0,34050.0,34050.0,Wednesday,True,0.0,34050.0,34100.0,34400.0,33988.57142857143,35579.333333333336
2013-03-21,34000.0,33950.0,34050.0,34050.0,Thursday,True,0.0,34050.0,34050.0,34000.0,33938.57142857143,35477.666666666664
2013-03-22,34000.0,33950.0,34050.0,34050.0,Friday,True,0.0,34050.0,34050.0,34000.0,33945.71428571428,35371.0
2013-03-23,34000.0,33950.0,34050.0,34050.0,Saturday,True,0.0,34050.0,34050.0,33320.0,33952.857142857145,35276.0
2013-03-24,34000.0,33950.0,34050.0,34050.0,Sunday,True,0.0,34050.0,34050.0,34100.0,34057.142857142855,35186.0
2013-03-25,34000.0,33950.0,34050.0,34050.0,Monday,True,0.0,34050.0,34050.0,34050.0,34050.0,35096.0
2013-03-26,34000.0,33950.0,34050.0,34050.0,Tuesday,True,0.0,34050.0,34050.0,34050.0,34050.0,35004.333333333336
2013-03-27,34000.0,33950.0,34050.0,34050.0,Wednesday,True,0.0,34050.0,34050.0,34050.0,34050.0,34914.333333333336
2013-03-28,34000.0,33950.0,34050.0,34050.0,Thursday,True,0.0,34050.0,34050.0,34050.0,34050.0,34800.666666666664
2013-03-29,34000.0,33950.0,34050.0,34050.0,Friday,True,0.0,34050.0,34050.0,34050.0,34050.0,34680.666666666664
2013-03-30,34000.0,33950.0,34050.0,34050.0,Saturday,True,0.0,34050.0,34050.0,34050.0,34050.0,34580.666666666664
2013-03-31,34000.0,33950.0,34050.0,34050.0,Sunday,True,0.0,34050.0,34050.0,34050.0,34050.0,34490.666666666664
2013-04-01,34000.0,33950.0,34050.0,34050.0,Monday,True,0.0,34050.0,34050.0,34050.0,34050.0,34400.666666666664
2013-04-02,34000.0,33950.0,34050.0,34050.0,Tuesday,True,0.0,34050.0,34050.0,34050.0,34050.0,34320.666666666664
2013-04-03,34000.0,33950.0,34050.0,34050.0,Wednesday,True,0.0,34050.0,34050.0,34050.0,34050.0,34292.333333333336
2013-04-04,34000.0,33950.0,34050.0,34050.0,Thursday,True,0.0,34050.0,34050.0,34050.0,34050.0,34325.666666666664
2013-04-05,34000.0,33950.0,34050.0,34050.0,Friday,True,0.0,34050.0,34050.0,34050.0,34050.0,34314.0
2013-04-06,34500.0,34500.0,35400.0,35100.0,Saturday,False,0.0308370044052863,34050.0,34050.0,34050.0,34050.0,34252.333333333336
2013-04-07,36000.0,35950.0,36400.0,36350.0,Sunday,False,0.0356125356125356,35100.0,34050.0,34050.0,34200.0,34232.333333333336
2013-04-08,36150.0,35400.0,36150.0,35400.0,Monday,False,-0.0261348005502063,36350.0,34050.0,34050.0,34528.57142857143,34254.0
2013-04-09,35400.0,35400.0,35650.0,35400.0,Tuesday,False,0.0,35400.0,35100.0,34050.0,34721.42857142857,34274.0
2013-04-10,35500.0,35150.0,35500.0,35150.0,Wednesday,False,-0.0070621468926553,35400.0,36350.0,34050.0,34914.28571428572,34295.666666666664
2013-04-11,35300.0,35050.0,35300.0,35050.0,Thursday,False,-0.0028449502133712,35150.0,35400.0,34050.0,35071.42857142857,34297.333333333336
2013-04-12,35300.0,35050.0,35300.0,35050.0,Friday,True,0.0,35050.0,35400.0,34050.0,35214.28571428572,34307.333333333336
2013-04-13,35200.0,35050.0,35300.0,35150.0,Saturday,False,0.0028530670470756,35050.0,35150.0,35100.0,35357.142857142855,34329.0
2013-04-14,35200.0,35050.0,35300.0,35150.0,Sunday,True,0.0,35150.0,35050.0,36350.0,35364.28571428572,34367.333333333336
2013-04-15,35100.0,35050.0,35200.0,35050.0,Monday,False,-0.0028449502133712,35150.0,35050.0,35400.0,35192.857142857145,34405.666666666664
2013-04-16,35200.0,35000.0,35200.0,35050.0,Tuesday,False,0.0,35050.0,35150.0,35400.0,35142.857142857145,34463.333333333336
2013-04-17,35100.0,35100.0,35250.0,35250.0,Wednesday,False,0.0057061340941511,35050.0,35150.0,35150.0,35092.857142857145,34495.0
2013-04-18,35350.0,35300.0,35350.0,35300.0,Thursday,False,0.0014184397163119,35250.0,35050.0,35050.0,35107.142857142855,34535.0
2013-04-19,35350.0,35300.0,35350.0,35300.0,Friday,True,0.0,35300.0,35050.0,35050.0,35142.857142857145,34576.666666666664
2013-04-20,35450.0,35100.0,35500.0,35200.0,Saturday,False,-0.0028328611898017,35300.0,35250.0,35150.0,35178.57142857143,34618.333333333336
2013-04-21,35150.0,35150.0,35350.0,35350.0,Sunday,False,0.0042613636363635,35200.0,35300.0,35150.0,35185.71428571428,34656.666666666664
2013-04-22,35450.0,35400.0,35500.0,35500.0,Monday,False,0.0042432814710042,35350.0,35300.0,35050.0,35214.28571428572,34700.0
2013-04-23,35600.0,35450.0,35600.0,35600.0,Tuesday,False,0.0028169014084507,35500.0,35200.0,35050.0,35278.57142857143,34748.333333333336
2013-04-24,35650.0,35650.0,36400.0,36400.0,Wednesday,False,0.0224719101123596,35600.0,35350.0,35250.0,35357.142857142855,34800.0
2013-04-25,36350.0,36150.0,36350.0,36150.0,Thursday,False,-0.0068681318681318,36400.0,35500.0,35300.0,35521.42857142857,34878.333333333336
2013-04-26,36350.0,36150.0,36350.0,36150.0,Friday,True,0.0,36150.0,35600.0,35300.0,35642.857142857145,34948.333333333336
2013-04-27,36200.0,35850.0,36200.0,35850.0,Saturday,False,-0.0082987551867219,36150.0,36400.0,35200.0,35764.28571428572,35018.333333333336
2013-04-28,35700.0,35600.0,35850.0,35850.0,Sunday,False,0.0,35850.0,36150.0,35350.0,35857.142857142855,35078.333333333336
2013-04-29,35800.0,35800.0,36100.0,35900.0,Monday,False,0.00139470013947,35850.0,36150.0,35500.0,35928.57142857143,35138.333333333336
2013-04-30,35950.0,35800.0,35950.0,35800.0,Tuesday,False,-0.0027855153203342,35900.0,35850.0,35600.0,35985.71428571428,35200.0
2013-05-01,35750.0,35700.0,35750.0,35700.0,Wednesday,False,-0.0027932960893854,35800.0,35850.0,36400.0,36014.28571428572,35258.333333333336
2013-05-02,35400.0,35400.0,35550.0,35550.0,Thursday,False,-0.0042016806722688,35700.0,35900.0,36150.0,35914.28571428572,35313.333333333336
2013-05-03,35400.0,35400.0,35550.0,35550.0,Friday,True,0.0,35550.0,35800.0,36150.0,35828.57142857143,35363.333333333336
2013-05-04,35700.0,35500.0,35700.0,35600.0,Saturday,False,0.0014064697609001,35550.0,35700.0,35850.0,35742.857142857145,35413.333333333336
2013-05-05,35800.0,35750.0,36000.0,36000.0,Sunday,False,0.0112359550561798,35600.0,35550.0,35850.0,35707.142857142855,35465.0
2013-05-06,35850.0,35700.0,35850.0,35700.0,Monday,False,-0.0083333333333333,36000.0,35550.0,35900.0,35728.57142857143,35530.0
2013-05-07,35650.0,35550.0,35650.0,35600.0,Tuesday,False,-0.0028011204481792,35700.0,35600.0,35800.0,35700.0,35550.0
2013-05-08,35650.0,35450.0,35650.0,35450.0,Wednesday,False,-0.0042134831460673,35600.0,36000.0,35700.0,35671.42857142857,35525.0
2013-05-09,35350.0,35300.0,35350.0,35350.0,Thursday,False,-0.002820874471086,35450.0,35700.0,35550.0,35635.71428571428,35526.666666666664
2013-05-10,35350.0,35300.0,35350.0,35350.0,Friday,True,0.0,35350.0,35600.0,35550.0,35607.142857142855,35525.0
2013-05-11,35300.0,34650.0,35300.0,34650.0,Saturday,False,-0.0198019801980198,35350.0,35450.0,35600.0,35578.57142857143,35531.666666666664
2013-05-12,34850.0,34700.0,34900.0,34900.0,Sunday,False,0.0072150072150072,34650.0,35350.0,36000.0,35442.857142857145,35518.333333333336
2013-05-13,34850.0,34850.0,35300.0,35300.0,Monday,False,0.0114613180515759,34900.0,35350.0,35700.0,35285.71428571428,35513.333333333336
2013-05-14,35270.0,35250.0,35300.0,35250.0,Tuesday,False,-0.0014164305949008,35300.0,34650.0,35600.0,35228.57142857143,35518.333333333336
2013-05-15,35000.0,34750.0,35050.0,35050.0,Wednesday,False,-0.0056737588652482,35250.0,34900.0,35450.0,35178.57142857143,35521.666666666664
2013-05-16,35100.0,35100.0,35150.0,35150.0,Thursday,False,0.0028530670470756,35050.0,35300.0,35350.0,35121.42857142857,35521.666666666664
2013-05-17,35100.0,35100.0,35150.0,35150.0,Friday,True,0.0,35150.0,35250.0,35350.0,35092.857142857145,35525.0
2013-05-18,35160.0,35000.0,35160.0,35050.0,Saturday,False,-0.0028449502133712,35150.0,35050.0,34650.0,35064.28571428572,35521.666666666664
2013-05-19,34800.0,34750.0,34900.0,34750.0,Sunday,False,-0.0085592011412267,35050.0,35150.0,34900.0,35121.42857142857,35513.333333333336
2013-05-20,34550.0,34500.0,34750.0,34700.0,Monday,False,-0.0014388489208633,34750.0,35150.0,35300.0,35100.0,35495.0
2013-05-21,35000.0,34900.0,35000.0,34900.0,Tuesday,False,0.005763688760807,34700.0,35050.0,35250.0,35014.28571428572,35478.333333333336
2013-05-22,35600.0,35450.0,35700.0,35650.0,Wednesday,False,0.0214899713467049,34900.0,34750.0,35050.0,34964.28571428572,35463.333333333336
2013-05-23,35550.0,35400.0,35550.0,35450.0,Thursday,False,-0.005610098176718,35650.0,34700.0,35150.0,35050.0,35468.333333333336
2013-05-24,35550.0,35400.0,35550.0,35450.0,Friday,True,0.0,35450.0,34900.0,35150.0,35092.857142857145,35463.333333333336
2013-05-25,35500.0,35500.0,35800.0,35700.0,Saturday,False,0.007052186177715,35450.0,35650.0,35050.0,35135.71428571428,35431.666666666664
2013-05-26,35850.0,35850.0,36280.0,36150.0,Sunday,False,0.0126050420168066,35700.0,35450.0,34750.0,35228.57142857143,35416.666666666664
2013-05-27,36100.0,36100.0,36280.0,36280.0,Monday,False,0.0035961272475795,36150.0,35450.0,34700.0,35428.57142857143,35416.666666666664
2013-05-28,36300.0,36300.0,36850.0,36850.0,Tuesday,False,0.0157111356119072,36280.0,35700.0,34900.0,35654.28571428572,35431.0
2013-05-29,36900.0,36480.0,36900.0,36580.0,Wednesday,False,-0.0073270013568521,36850.0,36150.0,35650.0,35932.857142857145,35464.333333333336
2013-05-30,36450.0,36150.0,36450.0,36200.0,Thursday,False,-0.0103881902679059,36580.0,36280.0,35450.0,36065.71428571428,35487.0
2013-05-31,36450.0,36150.0,36450.0,36200.0,Friday,True,0.0,36200.0,36850.0,35450.0,36172.857142857145,35500.333333333336
2013-06-01,36180.0,36180.0,36520.0,36450.0,Saturday,False,0.0069060773480662,36200.0,36580.0,35700.0,36280.0,35517.0
2013-06-02,36480.0,36280.0,36500.0,36280.0,Sunday,False,-0.0046639231824416,36450.0,36200.0,36150.0,36387.142857142855,35547.0
2013-06-03,36320.0,36280.0,36350.0,36350.0,Monday,False,0.0019294377067253,36280.0,36200.0,36280.0,36405.71428571428,35571.333333333336
2013-06-04,36320.0,36280.0,36350.0,36350.0,Tuesday,True,0.0,36350.0,36450.0,36850.0,36415.71428571428,35596.333333333336
2013-06-05,36320.0,36280.0,36350.0,36350.0,Wednesday,True,0.0,36350.0,36280.0,36580.0,36344.28571428572,35608.0
2013-06-06,36320.0,36280.0,36350.0,36350.0,Thursday,True,0.0,36350.0,36350.0,36200.0,36311.42857142857,35629.666666666664
2013-06-07,36320.0,36280.0,36350.0,36350.0,Friday,True,0.0,36350.0,36350.0,36200.0,36332.857142857145,35654.666666666664
2013-06-08,36480.0,36480.0,36700.0,36700.0,Saturday,False,0.0096286107290233,36350.0,36350.0,36450.0,36354.28571428572,35684.666666666664
2013-06-09,36650.0,36300.0,36650.0,36300.0,Sunday,False,-0.0108991825613079,36700.0,36350.0,36280.0,36390.0,35729.666666666664
2013-06-10,36300.0,36200.0,36300.0,36200.0,Monday,False,-0.0027548209366391,36300.0,36350.0,36350.0,36392.857142857145,35761.333333333336
2013-06-11,35950.0,35850.0,36000.0,35850.0,Tuesday,False,-0.0096685082872928,36200.0,36700.0,36350.0,36371.42857142857,35813.0
2013-06-12,35950.0,35950.0,36450.0,36450.0,Wednesday,False,0.0167364016736402,35850.0,36300.0,36350.0,36300.0,35844.666666666664
2013-06-13,36350.0,36300.0,36350.0,36300.0,Thursday,False,-0.0041152263374485,36450.0,36200.0,36350.0,36314.28571428572,35883.0
2013-06-14,36350.0,36300.0,36350.0,36300.0,Friday,True,0.0,36300.0,35850.0,36350.0,36307.142857142855,35918.0
2013-06-15,36000.0,34500.0,36000.0,34800.0,Saturday,False,-0.0413223140495867,36300.0,36450.0,36700.0,36300.0,35959.666666666664
2013-06-16,34400.0,34400.0,35200.0,35100.0,Sunday,False,0.0086206896551723,34800.0,36300.0,36300.0,36028.57142857143,35948.0
2013-06-17,35000.0,34500.0,35000.0,34550.0,Monday,False,-0.0156695156695156,35100.0,36300.0,36200.0,35857.142857142855,35946.333333333336
2013-06-18,35000.0,34500.0,35000.0,34500.0,Tuesday,False,-0.0014471780028944,34550.0,34800.0,35850.0,35621.42857142857,35929.666666666664
2013-06-19,34400.0,33900.0,34400.0,34000.0,Wednesday,False,-0.0144927536231883,34500.0,35100.0,36450.0,35428.57142857143,35921.333333333336
2013-06-20,33500.0,32850.0,33500.0,33000.0,Thursday,False,-0.0294117647058823,34000.0,34550.0,36300.0,35078.57142857143,35898.0
2013-06-21,33500.0,32850.0,33500.0,33000.0,Friday,True,0.0,33000.0,34500.0,36300.0,34607.142857142855,35834.666666666664
2013-06-22,32900.0,32000.0,32900.0,32000.0,Saturday,False,-0.0303030303030302,33000.0,34000.0,34800.0,34135.71428571428,35746.333333333336
2013-06-23,30700.0,29800.0,31500.0,30900.0,Sunday,False,-0.034375,32000.0,33000.0,35100.0,33735.71428571428,35631.333333333336
2013-06-24,30700.0,29800.0,31500.0,30900.0,Monday,True,0.0,30900.0,33000.0,34550.0,33135.71428571428,35479.666666666664
2013-06-25,31200.0,31200.0,33100.0,33100.0,Tuesday,False,0.0711974110032362,30900.0,32000.0,34500.0,32614.285714285714,35319.666666666664
2013-06-26,32400.0,32400.0,33200.0,32950.0,Wednesday,False,-0.0045317220543806,33100.0,30900.0,34000.0,32414.285714285714,35218.0
2013-06-27,33700.0,33600.0,34000.0,33600.0,Thursday,False,0.0197268588770864,32950.0,30900.0,33000.0,32264.285714285714,35107.0
2013-06-28,33700.0,33600.0,34000.0,33600.0,Friday,True,0.0,33600.0,33100.0,33000.0,32350.0,34998.666666666664
2013-06-29,33400.0,33150.0,33700.0,33200.0,Saturday,False,-0.0119047619047618,33600.0,32950.0,32000.0,32435.714285714286,34899.333333333336
2013-06-30,33600.0,33400.0,33600.0,33500.0,Sunday,False,0.0090361445783131,33200.0,33600.0,30900.0,32607.14285714286,34799.333333333336
2013-07-01,34100.0,33750.0,34100.0,33900.0,Monday,False,0.0119402985074625,33500.0,33600.0,30900.0,32978.57142857143,34709.333333333336
2013-07-02,34000.0,33700.0,34000.0,33700.0,Tuesday,False,-0.0058997050147492,33900.0,33200.0,33100.0,33407.142857142855,34624.333333333336
2013-07-03,33550.0,33400.0,33650.0,33600.0,Wednesday,False,-0.002967359050445,33700.0,33500.0,32950.0,33492.857142857145,34538.333333333336
2013-07-04,33550.0,33550.0,33650.0,33650.0,Thursday,False,0.0014880952380953,33600.0,33900.0,33600.0,33585.71428571428,34446.666666666664
2013-07-05,33550.0,33550.0,33650.0,33650.0,Friday,True,0.0,33650.0,33700.0,33600.0,33592.857142857145,34356.666666666664
2013-07-06,33500.0,33200.0,33500.0,33200.0,Saturday,False,-0.013372956909361,33650.0,33600.0,33200.0,33600.0,34266.666666666664
2013-07-07,33200.0,32950.0,33200.0,32950.0,Sunday,False,-0.0075301204819276,33200.0,33650.0,33500.0,33600.0,34161.666666666664
2013-07-08,33350.0,33300.0,33500.0,33350.0,Monday,False,0.0121396054628224,32950.0,33650.0,33900.0,33521.42857142857,34048.333333333336
2013-07-09,33150.0,32950.0,33150.0,33100.0,Tuesday,False,-0.0074962518740629,33350.0,33200.0,33700.0,33442.857142857145,33936.666666666664
2013-07-10,33050.0,32900.0,33050.0,33000.0,Wednesday,False,-0.0030211480362537,33100.0,32950.0,33600.0,33357.142857142855,33830.0
2013-07-11,33300.0,33100.0,33300.0,33150.0,Thursday,False,0.0045454545454546,33000.0,33350.0,33650.0,33271.42857142857,33723.333333333336
2013-07-12,33300.0,33100.0,33300.0,33150.0,Friday,True,0.0,33150.0,33100.0,33650.0,33200.0,33633.333333333336
2013-07-13,33050.0,32850.0,33050.0,32850.0,Saturday,False,-0.009049773755656,33150.0,33000.0,33200.0,33128.57142857143,33523.333333333336
2013-07-14,32700.0,32350.0,32700.0,32700.0,Sunday,False,-0.0045662100456621,32850.0,33150.0,32950.0,33078.57142857143,33408.333333333336
2013-07-15,32750.0,32550.0,32750.0,32600.0,Monday,False,-0.0030581039755351,32700.0,33150.0,33350.0,33042.857142857145,33288.333333333336
2013-07-16,32550.0,32550.0,32600.0,32600.0,Tuesday,False,0.0,32600.0,32850.0,33100.0,32935.71428571428,33215.0
2013-07-17,32500.0,32100.0,32500.0,32150.0,Wednesday,False,-0.0138036809815951,32600.0,32700.0,33000.0,32864.28571428572,33131.666666666664
2013-07-18,32000.0,31650.0,32000.0,31650.0,Thursday,False,-0.015552099533437,32150.0,32600.0,33150.0,32742.85714285714,33051.666666666664
2013-07-19,32000.0,31650.0,32000.0,31650.0,Friday,True,0.0,31650.0,32600.0,33150.0,32528.571428571428,32956.666666666664
2013-07-20,31200.0,30850.0,31200.0,31000.0,Saturday,False,-0.0205371248025276,31650.0,32150.0,32850.0,32314.285714285714,32878.333333333336
2013-07-21,30800.0,30700.0,31150.0,31150.0,Sunday,False,0.0048387096774193,31000.0,31650.0,32700.0,32050.0,32811.666666666664
2013-07-22,31850.0,31450.0,31850.0,31600.0,Monday,False,0.014446227929374,31150.0,31650.0,32600.0,31828.571428571428,32750.0
2013-07-23,31450.0,31150.0,31450.0,31200.0,Tuesday,False,-0.0126582278481012,31600.0,31000.0,32600.0,31685.714285714286,32736.666666666668
2013-07-24,31300.0,31200.0,31650.0,31650.0,Wednesday,False,0.0144230769230768,31200.0,31150.0,32150.0,31485.714285714286,32746.666666666668
2013-07-25,31500.0,31500.0,31650.0,31600.0,Thursday,False,-0.0015797788309637,31650.0,31600.0,31650.0,31414.285714285714,32771.666666666664
2013-07-26,31500.0,31500.0,31650.0,31600.0,Friday,True,0.0,31600.0,31200.0,31650.0,31407.14285714286,32721.666666666668
2013-07-27,31500.0,31500.0,31700.0,31700.0,Saturday,False,0.0031645569620253,31600.0,31650.0,31000.0,31400.0,32676.666666666668
2013-07-28,31900.0,31700.0,31900.0,31800.0,Sunday,False,0.003154574132492,31700.0,31600.0,31150.0,31500.0,32613.333333333332
2013-07-29,31700.0,31600.0,31750.0,31700.0,Monday,False,-0.0031446540880503,31800.0,31600.0,31600.0,31592.85714285714,32553.333333333332
2013-07-30,31700.0,31600.0,31750.0,31700.0,Tuesday,True,0.0,31700.0,31700.0,31200.0,31607.14285714286,32503.333333333332
2013-07-31,31750.0,31650.0,31750.0,31700.0,Wednesday,False,0.0,31700.0,31800.0,31650.0,31678.571428571428,32443.333333333332
2013-08-01,31750.0,31750.0,31800.0,31800.0,Thursday,False,0.003154574132492,31700.0,31700.0,31600.0,31685.714285714286,32370.0
2013-08-02,31750.0,31750.0,31800.0,31800.0,Friday,True,0.0,31800.0,31700.0,31600.0,31714.285714285714,32306.666666666668
2013-08-03,32100.0,32050.0,32900.0,32850.0,Saturday,False,0.0330188679245282,31800.0,31700.0,31700.0,31742.85714285714,32246.666666666668
2013-08-04,32650.0,32400.0,32800.0,32400.0,Sunday,False,-0.0136986301369863,32850.0,31800.0,31800.0,31907.14285714286,32220.0
2013-08-05,32150.0,31900.0,32200.0,32000.0,Monday,False,-0.0123456790123457,32400.0,31800.0,31700.0,31992.85714285714,32178.333333333332
2013-08-06,31900.0,31750.0,31950.0,31900.0,Tuesday,False,-0.003125,32000.0,32850.0,31700.0,32035.714285714286,32138.333333333332
2013-08-07,32050.0,32050.0,32350.0,32250.0,Wednesday,False,0.0109717868338556,31900.0,32400.0,31700.0,32064.285714285714,32103.333333333332
2013-08-08,32300.0,32100.0,32350.0,32150.0,Thursday,False,-0.0031007751937984,32250.0,32000.0,31800.0,32142.85714285714,32066.666666666668
2013-08-09,32300.0,32100.0,32350.0,32150.0,Friday,True,0.0,32150.0,31900.0,31800.0,32192.85714285714,32035.0
2013-08-10,32300.0,32100.0,32350.0,32150.0,Saturday,True,0.0,32150.0,32250.0,32850.0,32242.85714285714,32006.666666666668
2013-08-11,32150.0,32150.0,32200.0,32200.0,Sunday,False,0.0015552099533437,32150.0,32150.0,32400.0,32142.85714285714,31973.333333333332
2013-08-12,32300.0,32200.0,32400.0,32250.0,Monday,False,0.0015527950310558,32200.0,32150.0,32000.0,32114.285714285714,31941.666666666668
2013-08-13,32100.0,31900.0,32100.0,31950.0,Tuesday,False,-0.0093023255813953,32250.0,32150.0,31900.0,32150.0,31921.666666666668
2013-08-14,31900.0,31800.0,31950.0,31950.0,Wednesday,False,0.0,31950.0,32200.0,32250.0,32157.14285714286,31896.666666666668
2013-08-15,32000.0,32000.0,32050.0,32000.0,Thursday,False,0.001564945226917,31950.0,32250.0,32150.0,32114.285714285714,31875.0
2013-08-16,32000.0,32000.0,32050.0,32000.0,Friday,True,0.0,32000.0,31950.0,32150.0,32092.85714285714,31855.0
2013-08-17,31850.0,31600.0,31850.0,31700.0,Saturday,False,-0.009375,32000.0,31950.0,32150.0,32071.428571428572,31850.0
2013-08-18,31650.0,31550.0,31650.0,31580.0,Sunday,False,-0.0037854889589905,31700.0,32000.0,32200.0,32007.14285714286,31851.666666666668
2013-08-19,31650.0,31450.0,31700.0,31450.0,Monday,False,-0.0041165294490184,31580.0,32000.0,32250.0,31918.571428571428,31849.333333333332
2013-08-20,31450.0,31000.0,31450.0,31000.0,Tuesday,False,-0.0143084260731319,31450.0,31700.0,31950.0,31804.285714285714,31864.333333333332
2013-08-21,30900.0,30800.0,31000.0,30950.0,Wednesday,False,-0.0016129032258064,31000.0,31580.0,31950.0,31668.571428571428,31859.333333333332
2013-08-22,31000.0,30950.0,31200.0,31200.0,Thursday,False,0.0080775444264944,30950.0,31450.0,32000.0,31525.714285714286,31837.666666666668
2013-08-23,31000.0,30950.0,31200.0,31200.0,Friday,True,0.0,31200.0,31000.0,32000.0,31411.428571428572,31837.666666666668
2013-08-24,31300.0,31150.0,31350.0,31250.0,Saturday,False,0.001602564102564,31200.0,30950.0,31700.0,31297.14285714286,31822.666666666668
2013-08-25,31300.0,31150.0,31300.0,31200.0,Sunday,False,-0.0016,31250.0,31200.0,31580.0,31232.85714285714,31811.0
2013-08-26,31350.0,31150.0,31350.0,31250.0,Monday,False,0.001602564102564,31200.0,31200.0,31450.0,31178.571428571428,31797.666666666668
2013-08-27,31250.0,31250.0,31800.0,31750.0,Tuesday,False,0.016,31250.0,31250.0,31000.0,31150.0,31782.666666666668
2013-08-28,31800.0,31800.0,33000.0,33000.0,Wednesday,False,0.0393700787401574,31750.0,31200.0,30950.0,31257.14285714286,31781.0
2013-08-29,32800.0,32200.0,32800.0,32400.0,Thursday,False,-0.0181818181818181,33000.0,31250.0,31200.0,31550.0,31824.333333333332
2013-08-30,32800.0,32200.0,32800.0,32400.0,Friday,True,0.0,32400.0,31750.0,31200.0,31721.428571428572,31847.666666666668
2013-08-31,32300.0,32200.0,32700.0,32700.0,Saturday,False,0.0092592592592593,32400.0,33000.0,31250.0,31892.85714285714,31871.0
2013-09-01,32550.0,32350.0,32550.0,32400.0,Sunday,False,-0.0091743119266054,32700.0,32400.0,31200.0,32100.0,31901.0
2013-09-02,32550.0,32350.0,32550.0,32400.0,Monday,True,0.0,32400.0,32400.0,31250.0,32271.428571428572,31921.0
2013-09-03,32450.0,32400.0,32700.0,32700.0,Tuesday,False,0.0092592592592593,32400.0,32700.0,31750.0,32435.714285714286,31906.0
2013-09-04,32800.0,32800.0,33300.0,33050.0,Wednesday,False,0.0107033639143729,32700.0,32400.0,33000.0,32571.428571428572,31916.0
2013-09-05,33050.0,33050.0,33200.0,33200.0,Thursday,False,0.0045385779122542,33050.0,32400.0,32400.0,32578.571428571428,31951.0
2013-09-06,33050.0,33050.0,33200.0,33200.0,Friday,True,0.0,33200.0,32700.0,32400.0,32692.85714285714,31994.333333333332
2013-09-07,33150.0,32800.0,33150.0,32800.0,Saturday,False,-0.0120481927710843,33200.0,33050.0,32700.0,32807.142857142855,32026.0
2013-09-08,32700.0,32700.0,32900.0,32900.0,Sunday,False,0.0030487804878047,32800.0,33200.0,32400.0,32821.42857142857,32047.666666666668
2013-09-09,32850.0,32800.0,32950.0,32850.0,Monday,False,-0.0015197568389058,32900.0,33200.0,32400.0,32892.857142857145,32072.666666666668
2013-09-10,32750.0,32000.0,32750.0,32000.0,Tuesday,False,-0.0258751902587519,32850.0,32800.0,32700.0,32957.142857142855,32096.0
2013-09-11,31900.0,31750.0,32050.0,31800.0,Wednesday,False,-0.0062499999999999,32000.0,32900.0,33050.0,32857.142857142855,32089.333333333332
2013-09-12,31750.0,31650.0,31800.0,31800.0,Thursday,False,0.0,31800.0,32850.0,33200.0,32678.571428571428,32074.333333333332
2013-09-13,31750.0,31650.0,31800.0,31800.0,Friday,True,0.0,31800.0,32000.0,33200.0,32478.571428571428,32069.333333333332
2013-09-14,31750.0,31700.0,31800.0,31700.0,Saturday,False,-0.0031446540880503,31800.0,31800.0,32800.0,32278.571428571428,32064.333333333332
2013-09-15,31800.0,31700.0,31800.0,31700.0,Sunday,False,0.0,31700.0,31800.0,32900.0,32121.428571428572,32054.333333333332
2013-09-16,31600.0,31200.0,31600.0,31300.0,Monday,False,-0.0126182965299684,31700.0,31800.0,32850.0,31950.0,32044.333333333332
2013-09-17,30900.0,30600.0,31050.0,30600.0,Tuesday,False,-0.0223642172523961,31300.0,31700.0,32000.0,31728.571428571428,32031.0
2013-09-18,30700.0,30700.0,30850.0,30800.0,Wednesday,False,0.0065359477124182,30600.0,31700.0,31800.0,31528.571428571428,31998.333333333332
2013-09-19,30950.0,30800.0,31000.0,30800.0,Thursday,False,0.0,30800.0,31300.0,31800.0,31385.714285714286,31976.666666666668
2013-09-20,30950.0,30800.0,31000.0,30800.0,Friday,True,0.0,30800.0,30600.0,31800.0,31242.85714285714,31970.0
2013-09-21,30400.0,29000.0,30450.0,29000.0,Saturday,False,-0.0584415584415584,30800.0,30800.0,31700.0,31100.0,31965.0
2013-09-22,29300.0,29000.0,29500.0,29300.0,Sunday,False,0.0103448275862068,29000.0,30800.0,31700.0,30714.285714285714,31891.666666666668
2013-09-23,29400.0,29250.0,29550.0,29350.0,Monday,False,0.0017064846416381,29300.0,30800.0,31300.0,30371.428571428572,31828.333333333332
2013-09-24,29150.0,29150.0,29500.0,29350.0,Tuesday,False,0.0,29350.0,29000.0,30600.0,30092.85714285714,31765.0
2013-09-25,29700.0,29700.0,31250.0,30700.0,Wednesday,False,0.0459965928449743,29350.0,29300.0,30800.0,29914.285714285714,31703.333333333332
2013-09-26,30800.0,30500.0,30800.0,30500.0,Thursday,False,-0.006514657980456,30700.0,29350.0,30800.0,29900.0,31685.0
2013-09-27,30800.0,30500.0,30800.0,30500.0,Friday,True,0.0,30500.0,29350.0,30800.0,29857.14285714286,31643.333333333332
2013-09-28,30100.0,29750.0,30450.0,30400.0,Saturday,False,-0.0032786885245901,30500.0,30700.0,29000.0,29814.285714285714,31560.0
2013-09-29,30700.0,30550.0,31000.0,30650.0,Sunday,False,0.0082236842105263,30400.0,30500.0,29300.0,30014.285714285714,31493.333333333332
2013-09-30,30650.0,30250.0,30650.0,30350.0,Monday,False,-0.0097879282218596,30650.0,30500.0,29350.0,30207.14285714286,31435.0
2013-10-01,30500.0,30400.0,30550.0,30550.0,Tuesday,False,0.0065897858319605,30350.0,30400.0,29350.0,30350.0,31356.666666666668
2013-10-02,30700.0,30500.0,30700.0,30550.0,Wednesday,False,0.0,30550.0,30650.0,30700.0,30521.428571428572,31295.0
2013-10-03,30500.0,30350.0,30500.0,30350.0,Thursday,False,-0.0065466448445171,30550.0,30350.0,30500.0,30500.0,31233.333333333332
2013-10-04,30500.0,30350.0,30500.0,30350.0,Friday,True,0.0,30350.0,30550.0,30500.0,30478.571428571428,31155.0
2013-10-05,30300.0,30300.0,30600.0,30550.0,Saturday,False,0.0065897858319605,30350.0,30550.0,30400.0,30457.14285714286,31065.0
2013-10-06,30800.0,30550.0,30800.0,30550.0,Sunday,False,0.0,30550.0,30350.0,30650.0,30478.571428571428,30976.666666666668
2013-10-07,30550.0,30350.0,30550.0,30450.0,Monday,False,-0.0032733224222586,30550.0,30350.0,30350.0,30464.285714285714,30888.333333333332
2013-10-08,30450.0,30400.0,30500.0,30500.0,Tuesday,False,0.0016420361247948,30450.0,30550.0,30550.0,30478.571428571428,30810.0
2013-10-09,30400.0,30350.0,30400.0,30350.0,Wednesday,False,-0.0049180327868852,30500.0,30550.0,30550.0,30471.428571428572,30730.0
2013-10-10,30400.0,30400.0,30450.0,30400.0,Thursday,False,0.00164744645799,30350.0,30450.0,30350.0,30442.85714285714,30646.666666666668
2013-10-11,30400.0,30400.0,30450.0,30400.0,Friday,True,0.0,30400.0,30500.0,30350.0,30450.0,30593.333333333332
2013-10-12,30450.0,30350.0,30450.0,30350.0,Saturday,False,-0.0016447368421053,30400.0,30350.0,30550.0,30457.14285714286,30546.666666666668
2013-10-13,30400.0,30150.0,30400.0,30150.0,Sunday,False,-0.0065897858319604,30350.0,30400.0,30550.0,30428.571428571428,30498.333333333332
2013-10-14,30300.0,30150.0,30350.0,30350.0,Monday,False,0.0066334991708125,30150.0,30400.0,30450.0,30371.428571428572,30443.333333333332
2013-10-15,30300.0,30250.0,30350.0,30350.0,Tuesday,False,0.0,30350.0,30350.0,30500.0,30357.14285714286,30398.333333333332
2013-10-16,30300.0,30250.0,30350.0,30350.0,Wednesday,True,0.0,30350.0,30150.0,30350.0,30335.714285714286,30353.333333333332
2013-10-17,30450.0,30450.0,30450.0,30450.0,Thursday,False,0.0032948929159801,30350.0,30350.0,30400.0,30335.714285714286,30321.666666666668
2013-10-18,30450.0,30450.0,30450.0,30450.0,Friday,True,0.0,30450.0,30350.0,30400.0,30342.85714285714,30316.666666666668
2013-10-19,30400.0,30200.0,30400.0,30200.0,Saturday,False,-0.0082101806239737,30450.0,30350.0,30350.0,30350.0,30305.0
2013-10-20,30150.0,30100.0,30200.0,30150.0,Sunday,False,-0.0016556291390728,30200.0,30450.0,30150.0,30328.571428571428,30285.0
2013-10-21,30050.0,29950.0,30100.0,29950.0,Monday,False,-0.0066334991708125,30150.0,30450.0,30350.0,30328.571428571428,30263.333333333332
2013-10-22,30050.0,30000.0,30100.0,30100.0,Tuesday,False,0.0050083472454089,29950.0,30200.0,30350.0,30271.428571428572,30295.0
2013-10-23,30100.0,30050.0,30150.0,30100.0,Wednesday,False,0.0,30100.0,30150.0,30350.0,30235.714285714286,30321.666666666668
2013-10-24,30100.0,30050.0,30150.0,30100.0,Thursday,True,0.0,30100.0,29950.0,30450.0,30200.0,30346.666666666668
2013-10-25,30100.0,30050.0,30150.0,30100.0,Friday,True,0.0,30100.0,30100.0,30450.0,30150.0,30371.666666666668
2013-10-26,30150.0,30100.0,30150.0,30150.0,Saturday,False,0.0016611295681063,30100.0,30100.0,30200.0,30100.0,30351.666666666668
2013-10-27,30150.0,30050.0,30150.0,30100.0,Sunday,False,-0.0016583747927031,30150.0,30100.0,30150.0,30092.85714285714,30340.0
2013-10-28,30050.0,30050.0,30100.0,30100.0,Monday,False,0.0,30100.0,30100.0,29950.0,30085.714285714286,30326.666666666668
2013-10-29,30050.0,30050.0,30150.0,30150.0,Tuesday,False,0.0016611295681063,30100.0,30150.0,30100.0,30107.14285714286,30316.666666666668
2013-10-30,30100.0,30050.0,30100.0,30050.0,Wednesday,False,-0.0033167495854062,30150.0,30100.0,30100.0,30114.285714285714,30300.0
2013-10-31,30050.0,30050.0,30050.0,30050.0,Thursday,False,0.0,30050.0,30100.0,30100.0,30107.14285714286,30290.0
2013-11-01,30050.0,30050.0,30050.0,30050.0,Friday,True,0.0,30050.0,30150.0,30100.0,30100.0,30273.333333333332
2013-11-02,30150.0,30070.0,30150.0,30120.0,Saturday,False,0.0023294509151414,30050.0,30050.0,30150.0,30092.85714285714,30256.666666666668
2013-11-03,30200.0,30200.0,30400.0,30400.0,Sunday,False,0.0092961487383798,30120.0,30050.0,30100.0,30088.571428571428,30249.0
2013-11-04,30350.0,30300.0,30350.0,30300.0,Monday,False,-0.0032894736842105,30400.0,30050.0,30100.0,30131.428571428572,30250.666666666668
2013-11-05,30250.0,30100.0,30250.0,30100.0,Tuesday,False,-0.0066006600660065,30300.0,30120.0,30150.0,30160.0,30242.333333333332
2013-11-06,30200.0,30150.0,30200.0,30180.0,Wednesday,False,0.00265780730897,30100.0,30400.0,30050.0,30152.85714285714,30227.333333333332
2013-11-07,30150.0,30150.0,30150.0,30150.0,Thursday,False,-0.0009940357852882,30180.0,30300.0,30050.0,30171.428571428572,30218.333333333332
2013-11-08,30150.0,30150.0,30150.0,30150.0,Friday,True,0.0,30150.0,30100.0,30050.0,30185.714285714286,30206.666666666668
2013-11-09,30100.0,29950.0,30100.0,29950.0,Saturday,False,-0.0066334991708125,30150.0,30180.0,30120.0,30200.0,30200.0
2013-11-10,30050.0,30050.0,30250.0,30250.0,Sunday,False,0.0100166944908179,29950.0,30150.0,30400.0,30175.714285714286,30185.0
2013-11-11,30150.0,30120.0,30180.0,30150.0,Monday,False,-0.0033057851239669,30250.0,30150.0,30300.0,30154.285714285714,30180.0
2013-11-12,30130.0,30130.0,30180.0,30180.0,Tuesday,False,0.0009950248756218,30150.0,29950.0,30100.0,30132.85714285714,30173.333333333332
2013-11-13,30130.0,30130.0,30180.0,30180.0,Wednesday,True,0.0,30180.0,30250.0,30180.0,30144.285714285714,30174.333333333332
2013-11-14,30130.0,30130.0,30180.0,30180.0,Thursday,True,0.0,30180.0,30150.0,30150.0,30144.285714285714,30168.666666666668
2013-11-15,30130.0,30130.0,30180.0,30180.0,Friday,True,0.0,30180.0,30180.0,30150.0,30148.571428571428,30163.0
2013-11-16,30180.0,30130.0,30200.0,30130.0,Saturday,False,-0.0016567263088137,30180.0,30180.0,29950.0,30152.85714285714,30157.333333333332
2013-11-17,30120.0,30050.0,30120.0,30100.0,Sunday,False,-0.0009956853634252,30130.0,30180.0,30250.0,30178.571428571428,30146.666666666668
2013-11-18,30080.0,29980.0,30080.0,30030.0,Monday,False,-0.0023255813953488,30100.0,30180.0,30150.0,30157.14285714286,30135.0
2013-11-19,29950.0,29950.0,30070.0,30070.0,Tuesday,False,0.0013320013320012,30030.0,30130.0,30180.0,30140.0,30129.333333333332
2013-11-20,30070.0,30050.0,30120.0,30050.0,Wednesday,False,-0.0006651147322913,30070.0,30100.0,30180.0,30124.285714285714,30126.666666666668
2013-11-21,30100.0,30050.0,30100.0,30100.0,Thursday,False,0.0016638935108153,30050.0,30030.0,30180.0,30105.714285714286,30130.0
2013-11-22,30100.0,30050.0,30100.0,30100.0,Friday,True,0.0,30100.0,30070.0,30180.0,30094.285714285714,30130.0
2013-11-23,30050.0,30000.0,30050.0,30050.0,Saturday,False,-0.0016611295681062,30100.0,30050.0,30130.0,30082.85714285714,30130.0
2013-11-24,29850.0,29250.0,29850.0,29400.0,Sunday,False,-0.0216306156405989,30050.0,30100.0,30100.0,30071.428571428572,30128.333333333332
2013-11-25,29000.0,28900.0,29150.0,29150.0,Monday,False,-0.0085034013605441,29400.0,30100.0,30030.0,29971.428571428572,30105.0
2013-11-26,29320.0,29200.0,29800.0,29750.0,Tuesday,False,0.020583190394511,29150.0,30050.0,30070.0,29845.714285714286,30071.666666666668
2013-11-27,29650.0,29600.0,29950.0,29900.0,Wednesday,False,0.0050420168067226,29750.0,29400.0,30050.0,29800.0,30060.0
2013-11-28,29830.0,29600.0,29830.0,29620.0,Thursday,False,-0.0093645484949832,29900.0,29150.0,30100.0,29778.571428571428,30053.333333333332
2013-11-29,29830.0,29600.0,29830.0,29620.0,Friday,True,0.0,29620.0,29750.0,30100.0,29710.0,30035.666666666668
2013-11-30,29530.0,29520.0,29620.0,29600.0,Saturday,False,-0.00067521944632,29620.0,29900.0,30050.0,29641.428571428572,30021.333333333332
2013-12-01,29600.0,29530.0,29600.0,29530.0,Sunday,False,-0.0023648648648648,29600.0,29620.0,29400.0,29577.14285714286,30006.333333333332
2013-12-02,29600.0,29530.0,29600.0,29530.0,Monday,False,0.0,29530.0,29620.0,29150.0,29595.714285714286,29989.0
2013-12-03,29460.0,29400.0,29480.0,29450.0,Tuesday,False,-0.0027091093802912,29530.0,29600.0,29750.0,29650.0,29969.333333333332
2013-12-04,29470.0,29470.0,29560.0,29550.0,Wednesday,False,0.0033955857385399,29450.0,29530.0,29900.0,29607.14285714286,29937.666666666668
2013-12-05,29580.0,29520.0,29580.0,29520.0,Thursday,False,-0.0010152284263958,29550.0,29530.0,29620.0,29557.14285714286,29912.666666666668
2013-12-06,29580.0,29520.0,29580.0,29520.0,Friday,True,0.0,29520.0,29450.0,29620.0,29542.85714285714,29893.333333333332
2013-12-07,29500.0,29470.0,29520.0,29480.0,Saturday,False,-0.0013550135501354,29520.0,29550.0,29600.0,29528.571428571428,29871.333333333332
2013-12-08,29450.0,29400.0,29480.0,29460.0,Sunday,False,-0.0006784260515604,29480.0,29520.0,29530.0,29511.428571428572,29849.0
2013-12-09,29480.0,29420.0,29490.0,29420.0,Monday,False,-0.0013577732518669,29460.0,29520.0,29530.0,29501.428571428572,29826.0
2013-12-10,29450.0,29440.0,29480.0,29480.0,Tuesday,False,0.0020394289598912,29420.0,29480.0,29450.0,29485.714285714286,29808.333333333332
2013-12-11,29480.0,29380.0,29480.0,29390.0,Wednesday,False,-0.0030529172320217,29480.0,29460.0,29550.0,29490.0,29782.666666666668
2013-12-12,29370.0,29350.0,29370.0,29350.0,Thursday,False,-0.0013610071452875,29390.0,29420.0,29520.0,29467.14285714286,29757.333333333332
2013-12-13,29370.0,29350.0,29370.0,29350.0,Friday,True,0.0,29350.0,29480.0,29520.0,29442.85714285714,29729.666666666668
2013-12-14,29350.0,29350.0,29560.0,29560.0,Saturday,False,0.0071550255536627,29350.0,29390.0,29480.0,29418.571428571428,29702.0
2013-12-15,29600.0,29520.0,29600.0,29520.0,Sunday,False,-0.0013531799729363,29560.0,29350.0,29460.0,29430.0,29681.333333333332
2013-12-16,29510.0,29470.0,29510.0,29470.0,Monday,False,-0.0016937669376694,29520.0,29350.0,29420.0,29438.571428571428,29659.333333333332
2013-12-17,29440.0,29420.0,29470.0,29440.0,Tuesday,False,-0.001017984390906,29470.0,29560.0,29480.0,29445.714285714286,29637.333333333332
2013-12-18,29460.0,29430.0,29490.0,29490.0,Wednesday,False,0.0016983695652172,29440.0,29520.0,29390.0,29440.0,29615.333333333332
2013-12-19,29480.0,29440.0,29480.0,29450.0,Thursday,False,-0.0013563919972872,29490.0,29470.0,29350.0,29454.285714285714,29597.333333333332
2013-12-20,29480.0,29440.0,29480.0,29450.0,Friday,True,0.0,29450.0,29440.0,29350.0,29468.571428571428,29576.666666666668
2013-12-21,29460.0,29410.0,29460.0,29450.0,Saturday,False,0.0,29450.0,29490.0,29560.0,29482.85714285714,29556.666666666668
2013-12-22,29420.0,29420.0,29560.0,29560.0,Sunday,False,0.0037351443123938,29450.0,29450.0,29520.0,29467.14285714286,29535.0
2013-12-23,29420.0,29420.0,29560.0,29560.0,Monday,True,0.0,29560.0,29450.0,29470.0,29472.85714285714,29517.0
2013-12-24,29570.0,29570.0,29720.0,29710.0,Tuesday,False,0.0050744248985115,29560.0,29450.0,29440.0,29485.714285714286,29500.666666666668
2013-12-25,29710.0,29630.0,29710.0,29670.0,Wednesday,False,-0.001346348030966,29710.0,29560.0,29490.0,29524.285714285714,29511.0
2013-12-26,29660.0,29660.0,30010.0,30010.0,Thursday,False,0.0114593865857768,29670.0,29560.0,29450.0,29550.0,29528.333333333332
2013-12-27,29660.0,29660.0,30010.0,30010.0,Friday,True,0.0,30010.0,29710.0,29450.0,29630.0,29537.0
2013-12-28,29930.0,29850.0,29990.0,29950.0,Saturday,False,-0.0019993335554815,30010.0,29670.0,29450.0,29710.0,29540.666666666668
2013-12-29,29960.0,29960.0,30230.0,30150.0,Sunday,False,0.0066777963272119,29950.0,30010.0,29560.0,29781.428571428572,29551.666666666668
2013-12-30,30160.0,30060.0,30160.0,30060.0,Monday,False,-0.0029850746268657,30150.0,30010.0,29560.0,29865.714285714286,29569.333333333332
2013-12-31,30080.0,30070.0,30080.0,30070.0,Tuesday,False,0.0003326679973385,30060.0,29950.0,29710.0,29937.14285714286,29584.666666666668
2014-01-01,30030.0,29990.0,30040.0,30000.0,Wednesday,False,-0.0023279015630196,30070.0,30150.0,29670.0,29988.571428571428,29602.666666666668
2014-01-02,29920.0,29920.0,29920.0,29920.0,Thursday,False,-0.0026666666666667,30000.0,30060.0,30010.0,30035.714285714286,29618.333333333332
2014-01-03,29920.0,29920.0,29920.0,29920.0,Friday,True,0.0,29920.0,30070.0,30010.0,30022.85714285714,29634.0
2014-01-04,29940.0,29740.0,29950.0,29760.0,Saturday,False,-0.0053475935828877,29920.0,30000.0,29950.0,30010.0,29646.333333333332
2014-01-05,29770.0,29660.0,29770.0,29740.0,Sunday,False,-0.0006720430107527,29760.0,29920.0,30150.0,29982.85714285714,29654.333333333332
2014-01-06,29730.0,29730.0,29820.0,29800.0,Monday,False,0.0020174848688634,29740.0,29920.0,30060.0,29924.285714285714,29661.666666666668
2014-01-07,29790.0,29790.0,29850.0,29850.0,Tuesday,False,0.0016778523489933,29800.0,29760.0,30070.0,29887.14285714286,29672.333333333332
2014-01-08,29850.0,29820.0,29920.0,29900.0,Wednesday,False,0.0016750418760469,29850.0,29740.0,30000.0,29855.714285714286,29685.333333333332
2014-01-09,29880.0,29800.0,29910.0,29800.0,Thursday,False,-0.0033444816053511,29900.0,29800.0,29920.0,29841.428571428572,29701.333333333332
2014-01-10,29880.0,29800.0,29910.0,29800.0,Friday,True,0.0,29800.0,29850.0,29920.0,29824.285714285714,29712.0
2014-01-11,29780.0,29760.0,29830.0,29800.0,Saturday,False,0.0,29800.0,29900.0,29760.0,29807.14285714286,29725.666666666668
2014-01-12,29840.0,29780.0,29840.0,29790.0,Sunday,False,-0.0003355704697987,29800.0,29800.0,29740.0,29812.85714285714,29740.666666666668
2014-01-13,29780.0,29500.0,29780.0,29560.0,Monday,False,-0.007720711648204,29790.0,29800.0,29800.0,29820.0,29755.333333333332
2014-01-14,29600.0,29600.0,29680.0,29630.0,Tuesday,False,0.0023680649526387,29560.0,29800.0,29850.0,29785.714285714286,29755.333333333332
2014-01-15,29640.0,29560.0,29640.0,29570.0,Wednesday,False,-0.0020249746878163,29630.0,29790.0,29900.0,29754.285714285714,29759.0
2014-01-16,29580.0,29570.0,29610.0,29570.0,Thursday,False,0.0,29570.0,29560.0,29800.0,29707.14285714286,29762.333333333332
2014-01-17,29580.0,29570.0,29610.0,29570.0,Friday,True,0.0,29570.0,29630.0,29800.0,29674.285714285714,29766.666666666668
2014-01-18,29560.0,29380.0,29560.0,29390.0,Saturday,False,-0.006087250591816,29570.0,29570.0,29800.0,29641.428571428572,29769.333333333332
2014-01-19,29360.0,29360.0,29360.0,29360.0,Sunday,False,-0.0010207553589656,29390.0,29570.0,29790.0,29582.85714285714,29767.333333333332
2014-01-20,29230.0,28880.0,29230.0,28880.0,Monday,False,-0.0163487738419618,29360.0,29570.0,29560.0,29521.428571428572,29764.333333333332
2014-01-21,28890.0,28890.0,29380.0,29340.0,Tuesday,False,0.015927977839335,28880.0,29390.0,29630.0,29424.285714285714,29745.333333333332
2014-01-22,29320.0,29280.0,29650.0,29510.0,Wednesday,False,0.0057941376959782,29340.0,29360.0,29570.0,29382.85714285714,29738.0
2014-01-23,29480.0,29360.0,29490.0,29400.0,Thursday,False,-0.0037275499830565,29510.0,28880.0,29570.0,29374.285714285714,29736.333333333332
2014-01-24,29480.0,29360.0,29490.0,29400.0,Friday,True,0.0,29400.0,29340.0,29570.0,29350.0,29726.0
2014-01-25,29440.0,29440.0,29640.0,29520.0,Saturday,False,0.0040816326530612,29400.0,29510.0,29390.0,29325.714285714286,29717.0
2014-01-26,29540.0,29410.0,29550.0,29450.0,Sunday,False,-0.0023712737127371,29520.0,29400.0,29360.0,29344.285714285714,29700.666666666668
2014-01-27,29460.0,29410.0,29490.0,29490.0,Monday,False,0.0013582342954159,29450.0,29400.0,28880.0,29357.14285714286,29682.0
2014-01-28,29470.0,29440.0,29510.0,29480.0,Tuesday,False,-0.0003390979993218,29490.0,29520.0,29340.0,29444.285714285714,29666.666666666668
2014-01-29,29490.0,29420.0,29510.0,29420.0,Wednesday,False,-0.0020352781546811,29480.0,29450.0,29510.0,29464.285714285714,29644.333333333332
2014-01-30,29410.0,29320.0,29430.0,29350.0,Thursday,False,-0.0023793337865397,29420.0,29490.0,29400.0,29451.428571428572,29623.0
2014-01-31,29340.0,29330.0,29400.0,29380.0,Friday,False,0.001022146507666,29350.0,29480.0,29400.0,29444.285714285714,29599.0
2014-02-01,29370.0,29350.0,29440.0,29420.0,Saturday,False,0.0013614703880191,29380.0,29420.0,29520.0,29441.428571428572,29578.333333333332
2014-02-02,29410.0,29400.0,29480.0,29460.0,Sunday,False,0.0013596193065941,29420.0,29350.0,29450.0,29427.14285714286,29561.666666666668
2014-02-03,29460.0,29460.0,29580.0,29540.0,Monday,False,0.0027155465037338,29460.0,29380.0,29490.0,29428.571428571428,29546.333333333332
2014-02-04,29520.0,29460.0,29530.0,29470.0,Tuesday,False,-0.0023696682464454,29540.0,29420.0,29480.0,29435.714285714286,29539.0
2014-02-05,29460.0,29460.0,29510.0,29510.0,Wednesday,False,0.001357312521208,29470.0,29460.0,29420.0,29434.285714285714,29530.0
2014-02-06,29500.0,29490.0,29600.0,29590.0,Thursday,False,0.0027109454422229,29510.0,29540.0,29350.0,29447.14285714286,29520.333333333332
2014-02-07,29620.0,29580.0,29630.0,29600.0,Friday,False,0.0003379520108144,29590.0,29470.0,29380.0,29481.428571428572,29511.666666666668
2014-02-08,29580.0,29520.0,29600.0,29540.0,Saturday,False,-0.002027027027027,29600.0,29510.0,29420.0,29512.85714285714,29501.666666666668
2014-02-09,29530.0,29430.0,29540.0,29460.0,Sunday,False,-0.0027081922816519,29540.0,29590.0,29460.0,29530.0,29493.0
2014-02-10,29450.0,29420.0,29520.0,29510.0,Monday,False,0.0016972165648336,29460.0,29600.0,29540.0,29530.0,29481.666666666668
2014-02-11,29500.0,29500.0,29510.0,29500.0,Tuesday,False,-0.0003388681802778,29510.0,29540.0,29470.0,29525.714285714286,29472.0
2014-02-12,29510.0,29490.0,29560.0,29540.0,Wednesday,False,0.0013559322033898,29500.0,29460.0,29510.0,29530.0,29462.333333333332
2014-02-13,29550.0,29480.0,29550.0,29520.0,Thursday,False,-0.000677048070413,29540.0,29510.0,29590.0,29534.285714285714,29461.666666666668
2014-02-14,29530.0,29530.0,29550.0,29530.0,Friday,False,0.0003387533875338,29520.0,29500.0,29600.0,29524.285714285714,29458.0
2014-02-15,29560.0,29520.0,29610.0,29580.0,Saturday,False,0.001693193362682,29530.0,29540.0,29540.0,29514.285714285714,29456.666666666668
2014-02-16,29570.0,29480.0,29570.0,29480.0,Sunday,False,-0.0033806626098715,29580.0,29520.0,29460.0,29520.0,29457.0
2014-02-17,29500.0,29440.0,29530.0,29520.0,Monday,False,0.0013568521031208,29480.0,29530.0,29510.0,29522.85714285714,29454.0
2014-02-18,29540.0,29500.0,29570.0,29520.0,Tuesday,False,0.0,29520.0,29580.0,29500.0,29524.285714285714,29458.333333333332
2014-02-19,29500.0,29480.0,29540.0,29520.0,Wednesday,False,0.0,29520.0,29480.0,29540.0,29527.14285714286,29463.666666666668
2014-02-20,29500.0,29500.0,29530.0,29530.0,Thursday,False,0.0003387533875338,29520.0,29520.0,29520.0,29524.285714285714,29485.0
2014-02-21,29520.0,29500.0,29520.0,29500.0,Friday,False,-0.0010159160176091,29530.0,29520.0,29530.0,29525.714285714286,29491.333333333332
2014-02-22,29520.0,29510.0,29580.0,29560.0,Saturday,False,0.0020338983050847,29500.0,29520.0,29580.0,29521.428571428572,29491.0
2014-02-23,29580.0,29560.0,29620.0,29600.0,Sunday,False,0.0013531799729364,29560.0,29530.0,29480.0,29518.571428571428,29496.333333333332
2014-02-24,29580.0,29580.0,29850.0,29840.0,Monday,False,0.008108108108108,29600.0,29500.0,29520.0,29535.714285714286,29503.0
2014-02-25,29860.0,29860.0,30150.0,29900.0,Tuesday,False,0.0020107238605897,29840.0,29560.0,29520.0,29581.428571428572,29513.666666666668
2014-02-26,29890.0,29840.0,29960.0,29880.0,Wednesday,False,-0.0006688963210702,29900.0,29600.0,29520.0,29635.714285714286,29528.666666666668
2014-02-27,29890.0,29860.0,30090.0,30090.0,Thursday,False,0.0070281124497992,29880.0,29840.0,29530.0,29687.14285714286,29541.666666666668
2014-02-28,30120.0,30060.0,30120.0,30100.0,Friday,False,0.0003323363243603,30090.0,29900.0,29500.0,29767.14285714286,29562.0
2014-03-01,30140.0,30100.0,30500.0,30450.0,Saturday,False,0.0116279069767442,30100.0,29880.0,29560.0,29852.85714285714,29584.666666666668
2014-03-02,30430.0,30310.0,30600.0,30590.0,Sunday,False,0.0045977011494253,30450.0,30090.0,29600.0,29980.0,29621.333333333332
2014-03-03,30660.0,30630.0,31270.0,31070.0,Monday,False,0.0156914024190912,30590.0,30100.0,29840.0,30121.428571428572,29661.666666666668
2014-03-04,31000.0,30500.0,31140.0,30640.0,Tuesday,False,-0.013839716768587,31070.0,30450.0,29900.0,30297.14285714286,29716.666666666668
2014-03-05,30620.0,30500.0,30620.0,30520.0,Wednesday,False,-0.0039164490861618,30640.0,30590.0,29880.0,30402.85714285714,29756.0
2014-03-06,30500.0,30430.0,30530.0,30490.0,Thursday,False,-0.0009829619921363,30520.0,31070.0,30090.0,30494.285714285714,29788.666666666668
2014-03-07,30470.0,30460.0,30510.0,30460.0,Friday,False,-0.0009839291571006,30490.0,30640.0,30100.0,30551.428571428572,29822.666666666668
2014-03-08,30430.0,30060.0,30430.0,30060.0,Saturday,False,-0.0131319763624425,30460.0,30520.0,30450.0,30602.85714285714,29854.333333333332
2014-03-09,29970.0,29970.0,30440.0,30440.0,Sunday,False,0.0126413838988688,30060.0,30490.0,30590.0,30547.14285714286,29870.0
2014-03-10,30430.0,30360.0,30790.0,30710.0,Monday,False,0.0088699080157688,30440.0,30460.0,31070.0,30525.714285714286,29898.0
2014-03-11,30750.0,30450.0,30910.0,30550.0,Tuesday,False,-0.0052100293064148,30710.0,30060.0,30640.0,30474.285714285714,29937.0
2014-03-12,30560.0,30330.0,30640.0,30370.0,Wednesday,False,-0.0058919803600654,30550.0,30440.0,30520.0,30461.428571428572,29973.333333333332
2014-03-13,30400.0,30290.0,30430.0,30360.0,Thursday,False,-0.0003292723081989,30370.0,30710.0,30490.0,30440.0,30002.0
2014-03-14,30390.0,30390.0,30500.0,30440.0,Friday,False,0.0026350461133068,30360.0,30550.0,30460.0,30421.428571428572,30030.666666666668
2014-03-15,30450.0,30020.0,30450.0,30080.0,Saturday,False,-0.011826544021025,30440.0,30370.0,30060.0,30418.571428571428,30060.666666666668
2014-03-16,30060.0,29800.0,30250.0,30200.0,Sunday,False,0.0039893617021276,30080.0,30360.0,30440.0,30421.428571428572,30079.333333333332
2014-03-17,30190.0,29960.0,30190.0,29960.0,Monday,False,-0.0079470198675496,30200.0,30440.0,30710.0,30387.14285714286,30101.666666666668
2014-03-18,30000.0,29950.0,30140.0,30000.0,Tuesday,False,0.0013351134846462,29960.0,30080.0,30550.0,30280.0,30114.333333333332
2014-03-19,30060.0,30030.0,30150.0,30140.0,Wednesday,False,0.0046666666666665,30000.0,30200.0,30370.0,30201.428571428572,30131.666666666668
2014-03-20,30100.0,30100.0,30200.0,30170.0,Thursday,False,0.0009953550099535,30140.0,29960.0,30360.0,30168.571428571428,30152.333333333332
2014-03-21,30100.0,30100.0,30200.0,30170.0,Friday,True,0.0,30170.0,30000.0,30440.0,30141.428571428572,30174.0
2014-03-22,30100.0,30100.0,30200.0,30170.0,Saturday,True,0.0,30170.0,30140.0,30080.0,30102.85714285714,30195.666666666668
2014-03-23,30250.0,30250.0,30270.0,30270.0,Sunday,False,0.003314550878356,30170.0,30170.0,30200.0,30115.714285714286,30217.0
2014-03-24,30250.0,30180.0,30250.0,30180.0,Monday,False,-0.0029732408325073,30270.0,30170.0,29960.0,30125.714285714286,30242.666666666668
2014-03-25,30200.0,30200.0,30300.0,30300.0,Tuesday,False,0.0039761431411531,30180.0,30170.0,30000.0,30157.14285714286,30263.333333333332
2014-03-26,30400.0,30350.0,30530.0,30500.0,Wednesday,False,0.0066006600660066,30300.0,30270.0,30140.0,30200.0,30286.666666666668
2014-03-27,30560.0,30560.0,30690.0,30580.0,Thursday,False,0.0026229508196722,30500.0,30180.0,30170.0,30251.428571428572,30308.666666666668
2014-03-28,30570.0,30570.0,30570.0,30570.0,Friday,False,-0.000327011118378,30580.0,30300.0,30170.0,30310.0,30331.333333333332
2014-03-29,30550.0,30460.0,30550.0,30470.0,Saturday,False,-0.0032711808963035,30570.0,30500.0,30170.0,30367.14285714286,30354.333333333332
2014-03-30,30480.0,30410.0,30500.0,30490.0,Sunday,False,0.0006563833278634,30470.0,30580.0,30270.0,30410.0,30367.0
2014-03-31,30500.0,30500.0,30650.0,30640.0,Monday,False,0.0049196457855034,30490.0,30570.0,30180.0,30441.428571428572,30380.0
2014-04-01,30630.0,30600.0,30640.0,30630.0,Tuesday,False,-0.0003263707571801,30640.0,30470.0,30300.0,30507.14285714286,30386.333333333332
2014-04-02,30630.0,30600.0,30640.0,30630.0,Wednesday,True,0.0,30630.0,30490.0,30500.0,30554.285714285714,30387.666666666668
2014-04-03,30610.0,30610.0,30610.0,30610.0,Thursday,False,-0.0006529546196539,30630.0,30640.0,30580.0,30572.85714285714,30373.0
2014-04-04,30610.0,30610.0,30610.0,30610.0,Friday,True,0.0,30610.0,30630.0,30570.0,30577.14285714286,30372.0
2014-04-05,30570.0,30450.0,30580.0,30480.0,Saturday,False,-0.0042469781117281,30610.0,30630.0,30470.0,30582.85714285714,30375.0
2014-04-06,30490.0,30260.0,30490.0,30430.0,Sunday,False,-0.0016404199475065,30480.0,30610.0,30490.0,30584.285714285714,30374.666666666668
2014-04-07,30410.0,30370.0,30650.0,30580.0,Monday,False,0.004929346040092,30430.0,30610.0,30640.0,30575.714285714286,30373.666666666668
2014-04-08,30570.0,30540.0,30900.0,30900.0,Tuesday,False,0.0104643557880967,30580.0,30480.0,30630.0,30567.14285714286,30391.0
2014-04-09,30960.0,30790.0,31160.0,30800.0,Wednesday,False,-0.0032362459546925,30900.0,30430.0,30630.0,30605.714285714286,30406.333333333332
2014-04-10,30820.0,30720.0,30900.0,30810.0,Thursday,False,0.0003246753246752,30800.0,30580.0,30610.0,30630.0,30409.333333333332
2014-04-11,30800.0,30790.0,30810.0,30790.0,Friday,False,-0.0006491398896462,30810.0,30900.0,30610.0,30658.571428571428,30418.0
2014-04-12,30780.0,30750.0,31160.0,31140.0,Saturday,False,0.0113673270542384,30790.0,30800.0,30480.0,30684.285714285714,30432.0
2014-04-13,31150.0,31030.0,31280.0,31210.0,Sunday,False,0.0022479126525369,31140.0,30810.0,30430.0,30778.571428571428,30458.0
2014-04-14,31240.0,31180.0,31380.0,31300.0,Monday,False,0.0028836911246394,31210.0,30790.0,30580.0,30890.0,30483.666666666668
2014-04-15,31230.0,31230.0,31800.0,31800.0,Tuesday,False,0.0159744408945687,31300.0,31140.0,30900.0,30992.85714285714,30524.333333333332
2014-04-16,31840.0,31560.0,32000.0,31560.0,Wednesday,False,-0.0075471698113207,31800.0,31210.0,30800.0,31121.428571428572,30577.666666666668
2014-04-17,31570.0,31540.0,31780.0,31710.0,Thursday,False,0.0047528517110266,31560.0,31300.0,30810.0,31230.0,30631.0
2014-04-18,31720.0,31670.0,31740.0,31730.0,Friday,False,0.0006307158625038,31710.0,31800.0,30790.0,31358.571428571428,30688.0
2014-04-19,31750.0,31740.0,31960.0,31790.0,Saturday,False,0.0018909549322407,31730.0,31560.0,31140.0,31492.85714285714,30741.0
2014-04-20,31820.0,31820.0,32170.0,32090.0,Sunday,False,0.0094369298521548,31790.0,31710.0,31210.0,31585.714285714286,30795.0
2014-04-21,31820.0,31820.0,32170.0,32090.0,Monday,True,0.0,32090.0,31730.0,31300.0,31711.428571428572,30859.0
2014-04-22,31820.0,31820.0,32170.0,32090.0,Tuesday,True,0.0,32090.0,31790.0,31800.0,31824.285714285714,30923.0
2014-04-23,31820.0,31820.0,32170.0,32090.0,Wednesday,True,0.0,32090.0,32090.0,31560.0,31865.714285714286,30983.666666666668
2014-04-24,32730.0,32300.0,32900.0,32540.0,Thursday,False,0.0140230601433468,32090.0,32090.0,31710.0,31941.428571428572,31047.333333333332
2014-04-25,32580.0,32350.0,32630.0,32480.0,Friday,False,-0.0018438844499077,32540.0,32090.0,31730.0,32060.0,31122.0
2014-04-26,32430.0,32430.0,32800.0,32800.0,Saturday,False,0.0098522167487684,32480.0,32090.0,31790.0,32167.14285714286,31188.0
2014-04-27,32780.0,32780.0,33600.0,33350.0,Sunday,False,0.0167682926829269,32800.0,32540.0,32090.0,32311.428571428572,31262.0
2014-04-28,33280.0,32750.0,33390.0,32820.0,Monday,False,-0.0158920539730135,33350.0,32480.0,32090.0,32491.428571428572,31354.666666666668
2014-04-29,32760.0,32590.0,32960.0,32950.0,Tuesday,False,0.0039609993906155,32820.0,32800.0,32090.0,32595.714285714286,31433.0
2014-04-30,32940.0,32840.0,33010.0,32980.0,Wednesday,False,0.0009104704097115,32950.0,33350.0,32090.0,32718.571428571428,31515.0
2014-05-01,32950.0,32900.0,33100.0,33100.0,Thursday,False,0.0036385688295936,32980.0,32820.0,32540.0,32845.71428571428,31593.0
2014-05-02,33120.0,33100.0,33150.0,33130.0,Friday,False,0.0009063444108761,33100.0,32950.0,32480.0,32925.71428571428,31675.333333333332
2014-05-03,33150.0,33120.0,33290.0,33150.0,Saturday,False,0.0006036824630244,33130.0,32980.0,32800.0,33018.57142857143,31758.666666666668
2014-05-04,33100.0,32780.0,33160.0,32780.0,Sunday,False,-0.0111613876319758,33150.0,33100.0,33350.0,33068.57142857143,31843.333333333332
2014-05-05,32820.0,32720.0,33160.0,33140.0,Monday,False,0.0109823062843197,32780.0,33130.0,32820.0,32987.142857142855,31915.666666666668
2014-05-06,33150.0,32930.0,33300.0,33040.0,Tuesday,False,-0.0030175015087507,33140.0,33150.0,32950.0,33032.857142857145,32004.333333333332
2014-05-07,33030.0,32840.0,33050.0,32910.0,Wednesday,False,-0.0039346246973365,33040.0,32780.0,32980.0,33045.71428571428,32091.333333333332
2014-05-08,32800.0,32790.0,32930.0,32900.0,Thursday,False,-0.0003038590094196,32910.0,33140.0,33100.0,33035.71428571428,32169.0
2014-05-09,32910.0,32860.0,32910.0,32870.0,Friday,False,-0.0009118541033434,32900.0,33040.0,33130.0,33007.142857142855,32235.666666666668
2014-05-10,32880.0,32580.0,32950.0,32580.0,Saturday,False,-0.0088226346212351,32870.0,32910.0,33150.0,32970.0,32304.666666666668
2014-05-11,32570.0,32320.0,32680.0,32360.0,Sunday,False,-0.0067526089625536,32580.0,32900.0,32780.0,32888.57142857143,32363.666666666668
2014-05-12,32400.0,32270.0,32610.0,32490.0,Monday,False,0.0040173053152039,32360.0,32870.0,33140.0,32828.57142857143,32416.0
2014-05-13,32470.0,32450.0,32500.0,32480.0,Tuesday,False,-0.0003077870113881,32490.0,32580.0,33040.0,32735.714285714286,32461.0
2014-05-14,32490.0,32360.0,32560.0,32370.0,Wednesday,False,-0.0033866995073891,32480.0,32360.0,32910.0,32655.714285714286,32503.333333333332
2014-05-15,32390.0,32350.0,32450.0,32450.0,Thursday,False,0.0024714241581711,32370.0,32490.0,32900.0,32578.571428571428,32539.0
2014-05-16,32470.0,32470.0,33020.0,32930.0,Friday,False,0.0147919876733435,32450.0,32480.0,32870.0,32514.285714285714,32560.666666666668
2014-05-17,32940.0,32920.0,33200.0,32990.0,Saturday,False,0.0018220467658669,32930.0,32370.0,32580.0,32522.85714285714,32606.333333333332
2014-05-18,33000.0,32680.0,33020.0,32760.0,Sunday,False,-0.0069718096392846,32990.0,32450.0,32360.0,32581.428571428572,32649.0
2014-05-19,32740.0,32720.0,32850.0,32820.0,Monday,False,0.0018315018315018,32760.0,32930.0,32490.0,32638.571428571428,32683.333333333332
2014-05-20,32810.0,32730.0,32950.0,32940.0,Tuesday,False,0.0036563071297988,32820.0,32990.0,32480.0,32685.714285714286,32717.666666666668
2014-05-21,32920.0,32860.0,33080.0,32900.0,Wednesday,False,-0.0012143290831815,32940.0,32760.0,32370.0,32751.428571428572,32746.0
2014-05-22,32880.0,32840.0,32920.0,32870.0,Thursday,False,-0.0009118541033434,32900.0,32820.0,32450.0,32827.142857142855,32773.0
2014-05-23,32880.0,32830.0,32920.0,32830.0,Friday,False,-0.0012169151201704,32870.0,32940.0,32930.0,32887.142857142855,32799.0
2014-05-24,32820.0,32700.0,32840.0,32740.0,Saturday,False,-0.0027413950654888,32830.0,32900.0,32990.0,32872.857142857145,32823.666666666664
2014-05-25,32760.0,32700.0,32860.0,32820.0,Sunday,False,0.0024434941967013,32740.0,32870.0,32760.0,32837.142857142855,32830.333333333336
2014-05-26,32850.0,32800.0,32890.0,32830.0,Monday,False,0.0003046922608165,32820.0,32830.0,32820.0,32845.71428571428,32841.666666666664
2014-05-27,32820.0,32750.0,32830.0,32770.0,Tuesday,False,-0.0018275967103259,32830.0,32740.0,32940.0,32847.142857142855,32842.666666666664
2014-05-28,32780.0,32640.0,32780.0,32670.0,Wednesday,False,-0.003051571559353,32770.0,32820.0,32900.0,32822.857142857145,32823.333333333336
2014-05-29,32660.0,32620.0,32780.0,32780.0,Thursday,False,0.0033670033670034,32670.0,32830.0,32870.0,32790.0,32818.333333333336
2014-05-30,32790.0,32740.0,32800.0,32770.0,Friday,False,-0.0003050640634533,32780.0,32770.0,32830.0,32777.142857142855,32812.666666666664
2014-05-31,32770.0,32720.0,32790.0,32760.0,Saturday,False,-0.0003051571559352,32770.0,32670.0,32740.0,32768.57142857143,32805.666666666664
2014-06-01,32770.0,32760.0,32830.0,32810.0,Sunday,False,0.0015262515262515,32760.0,32780.0,32820.0,32771.42857142857,32794.333333333336
2014-06-02,32800.0,32790.0,32850.0,32820.0,Monday,False,0.0003047851264859,32810.0,32770.0,32830.0,32770.0,32783.666666666664
2014-06-03,32810.0,32790.0,32840.0,32800.0,Tuesday,False,-0.0006093845216331,32820.0,32760.0,32770.0,32768.57142857143,32772.666666666664
2014-06-04,32820.0,32810.0,32830.0,32830.0,Wednesday,False,0.0009146341463415,32800.0,32810.0,32670.0,32772.857142857145,32773.333333333336
2014-06-05,32820.0,32810.0,32830.0,32830.0,Thursday,True,0.0,32830.0,32820.0,32780.0,32795.71428571428,32763.0
2014-06-06,32840.0,32830.0,32850.0,32830.0,Friday,False,0.0,32830.0,32800.0,32770.0,32802.857142857145,32756.0
2014-06-07,32840.0,32610.0,32850.0,32620.0,Saturday,False,-0.0063965884861407,32830.0,32830.0,32760.0,32811.42857142857,32753.333333333332
2014-06-08,32600.0,32350.0,32600.0,32450.0,Sunday,False,-0.005211526670754,32620.0,32830.0,32810.0,32791.42857142857,32744.0
2014-06-09,32430.0,32290.0,32460.0,32320.0,Monday,False,-0.0040061633281972,32450.0,32830.0,32820.0,32740.0,32730.0
2014-06-10,32290.0,32060.0,32400.0,32400.0,Tuesday,False,0.0024752475247524,32320.0,32620.0,32800.0,32668.571428571428,32721.333333333332
2014-06-11,32410.0,32340.0,32500.0,32400.0,Wednesday,False,0.0,32400.0,32450.0,32830.0,32611.428571428572,32722.666666666668
2014-06-12,32420.0,32410.0,32460.0,32450.0,Thursday,False,0.0015432098765431,32400.0,32320.0,32830.0,32550.0,32719.666666666668
2014-06-13,32440.0,32410.0,32440.0,32430.0,Friday,False,-0.0006163328197226,32450.0,32400.0,32830.0,32495.714285714286,32718.666666666668
2014-06-14,32420.0,32180.0,32420.0,32190.0,Saturday,False,-0.0074005550416281,32430.0,32400.0,32620.0,32438.571428571428,32720.666666666668
2014-06-15,32160.0,32120.0,32230.0,32120.0,Sunday,False,-0.0021745883814849,32190.0,32450.0,32450.0,32377.14285714286,32712.0
2014-06-16,32050.0,31790.0,32120.0,31790.0,Monday,False,-0.0102739726027397,32120.0,32430.0,32320.0,32330.0,32685.0
2014-06-17,31780.0,31770.0,32110.0,32040.0,Tuesday,False,0.0078641082101289,31790.0,32190.0,32400.0,32254.285714285714,32645.0
2014-06-18,32000.0,31900.0,32170.0,31930.0,Wednesday,False,-0.0034332084893882,32040.0,32120.0,32400.0,32202.85714285714,32621.0
2014-06-19,31980.0,31800.0,32190.0,32110.0,Thursday,False,0.0056373316630129,31930.0,31790.0,32450.0,32135.714285714286,32591.333333333332
2014-06-20,32100.0,32010.0,32290.0,32290.0,Friday,False,0.0056057303020866,32110.0,32040.0,32430.0,32087.14285714286,32563.666666666668
2014-06-21,32330.0,32040.0,32340.0,32070.0,Saturday,False,-0.0068132548776711,32290.0,31930.0,32190.0,32067.14285714286,32543.333333333332
2014-06-22,32050.0,31790.0,32050.0,31920.0,Sunday,False,-0.0046772684752104,32070.0,32110.0,32120.0,32050.0,32516.666666666668
2014-06-23,32050.0,31790.0,32050.0,31920.0,Monday,True,0.0,31920.0,32290.0,31790.0,32021.428571428572,32486.333333333332
2014-06-24,31740.0,31600.0,31770.0,31670.0,Tuesday,False,-0.0078320802005013,31920.0,32070.0,32040.0,32040.0,32459.0
2014-06-25,31650.0,31600.0,31730.0,31670.0,Wednesday,False,0.0,31670.0,31920.0,31930.0,31987.14285714286,32420.666666666668
2014-06-26,31650.0,31620.0,31720.0,31650.0,Thursday,False,-0.0006315124723713,31670.0,31920.0,32110.0,31950.0,32382.0
2014-06-27,31670.0,31670.0,31700.0,31690.0,Friday,False,0.001263823064771,31650.0,31670.0,32290.0,31884.285714285714,32344.666666666668
2014-06-28,31680.0,31390.0,31680.0,31390.0,Saturday,False,-0.0094667087409276,31690.0,31670.0,32070.0,31798.571428571428,32312.0
2014-06-29,31380.0,31080.0,31380.0,31180.0,Sunday,False,-0.0066900286715514,31390.0,31650.0,31920.0,31701.428571428572,32265.666666666668
2014-06-30,31160.0,30900.0,31160.0,31140.0,Monday,False,-0.0012828736369467,31180.0,31690.0,31920.0,31595.714285714286,32212.666666666668
2014-07-01,31160.0,30920.0,31230.0,31180.0,Tuesday,False,0.0012845215157353,31140.0,31390.0,31670.0,31484.285714285714,32158.666666666668
2014-07-02,31190.0,31110.0,31500.0,31330.0,Wednesday,False,0.0048107761385502,31180.0,31180.0,31670.0,31414.285714285714,32104.333333333332
2014-07-03,31360.0,31260.0,31480.0,31270.0,Thursday,False,-0.0019150973507819,31330.0,31140.0,31650.0,31365.714285714286,32054.666666666668
2014-07-04,31240.0,31200.0,31340.0,31260.0,Friday,False,-0.0003197953309881,31270.0,31180.0,31690.0,31311.428571428572,32003.666666666668
2014-07-05,31250.0,30940.0,31290.0,30960.0,Saturday,False,-0.0095969289827255,31260.0,31330.0,31390.0,31250.0,31951.333333333332
2014-07-06,30920.0,30770.0,31010.0,30950.0,Sunday,False,-0.0003229974160207,30960.0,31270.0,31180.0,31188.571428571428,31889.0
2014-07-07,30990.0,30980.0,31310.0,31260.0,Monday,False,0.0100161550888528,30950.0,31260.0,31140.0,31155.714285714286,31826.333333333332
2014-07-08,31300.0,31140.0,31500.0,31180.0,Tuesday,False,-0.0025591810620601,31260.0,30960.0,31180.0,31172.85714285714,31781.0
2014-07-09,31190.0,30990.0,31270.0,31050.0,Wednesday,False,-0.004169339320077,31180.0,30950.0,31330.0,31172.85714285714,31738.666666666668
2014-07-10,31100.0,31000.0,31140.0,31020.0,Thursday,False,-0.0009661835748792,31050.0,31260.0,31270.0,31132.85714285714,31696.333333333332
2014-07-11,31000.0,31000.0,31110.0,31060.0,Friday,False,0.0012894906511928,31020.0,31180.0,31260.0,31097.14285714286,31650.333333333332
2014-07-12,31010.0,30970.0,31240.0,31220.0,Saturday,False,0.0051513200257566,31060.0,31050.0,30960.0,31068.571428571428,31605.666666666668
2014-07-13,31200.0,31170.0,31420.0,31360.0,Sunday,False,0.0044843049327354,31220.0,31020.0,30950.0,31105.714285714286,31564.666666666668
2014-07-14,31350.0,31220.0,31350.0,31230.0,Monday,False,-0.0041454081632652,31360.0,31060.0,31260.0,31164.285714285714,31529.0
2014-07-15,31200.0,31110.0,31230.0,31170.0,Tuesday,False,-0.0019212295869356,31230.0,31220.0,31180.0,31160.0,31497.0
2014-07-16,31180.0,31170.0,31470.0,31360.0,Wednesday,False,0.0060956047481552,31170.0,31360.0,31050.0,31158.571428571428,31465.333333333332
2014-07-17,31390.0,31330.0,31430.0,31430.0,Thursday,False,0.0022321428571427,31360.0,31230.0,31020.0,31202.85714285714,31451.0
2014-07-18,31440.0,31430.0,31640.0,31560.0,Friday,False,0.0041361756283804,31430.0,31170.0,31060.0,31261.428571428572,31430.666666666668
2014-07-19,31580.0,31300.0,31580.0,31340.0,Saturday,False,-0.0069708491761724,31560.0,31360.0,31220.0,31332.85714285714,31418.333333333332
2014-07-20,31300.0,31210.0,31370.0,31310.0,Sunday,False,-0.0009572431397575,31340.0,31430.0,31360.0,31350.0,31392.666666666668
2014-07-21,31280.0,31270.0,31370.0,31330.0,Monday,False,0.0006387735547748,31310.0,31560.0,31230.0,31342.85714285714,31360.0
2014-07-22,31320.0,31270.0,31350.0,31330.0,Tuesday,False,0.0,31330.0,31340.0,31170.0,31357.14285714286,31335.333333333332
2014-07-23,31280.0,31240.0,31360.0,31330.0,Wednesday,False,0.0,31330.0,31310.0,31360.0,31380.0,31315.666666666668
2014-07-24,31340.0,31320.0,31410.0,31390.0,Thursday,False,0.0019150973507819,31330.0,31330.0,31430.0,31375.714285714286,31296.0
2014-07-25,31370.0,31360.0,31390.0,31380.0,Friday,False,-0.0003185727938833,31390.0,31330.0,31560.0,31370.0,31286.666666666668
2014-07-26,31390.0,31350.0,31410.0,31390.0,Saturday,False,0.0003186743148502,31380.0,31330.0,31340.0,31344.285714285714,31277.0
2014-07-27,31380.0,31320.0,31410.0,31370.0,Sunday,False,-0.0006371455877668,31390.0,31390.0,31310.0,31351.428571428572,31268.333333333332
2014-07-28,31350.0,31250.0,31370.0,31290.0,Monday,False,-0.0025502072043352,31370.0,31380.0,31330.0,31360.0,31257.666666666668
2014-07-29,31310.0,31260.0,31310.0,31260.0,Tuesday,False,-0.0009587727708533,31290.0,31390.0,31330.0,31354.285714285714,31254.333333333332
2014-07-30,31250.0,31230.0,31250.0,31240.0,Wednesday,False,-0.000639795265515,31260.0,31370.0,31330.0,31344.285714285714,31257.0
2014-07-31,31250.0,31200.0,31250.0,31230.0,Thursday,False,-0.0003201024327784,31240.0,31290.0,31390.0,31331.428571428572,31260.333333333332
2014-08-01,31250.0,31200.0,31250.0,31230.0,Friday,True,0.0,31230.0,31260.0,31380.0,31308.571428571428,31262.0
2014-08-02,31200.0,31200.0,31300.0,31290.0,Saturday,False,0.0019212295869357,31230.0,31240.0,31390.0,31287.14285714286,31258.666666666668
2014-08-03,31330.0,31290.0,31400.0,31400.0,Sunday,False,0.0035155001597955,31290.0,31230.0,31370.0,31272.85714285714,31259.333333333332
2014-08-04,31390.0,31380.0,31490.0,31420.0,Monday,False,0.0006369426751593,31400.0,31230.0,31290.0,31277.14285714286,31264.0
2014-08-05,31410.0,31370.0,31450.0,31400.0,Tuesday,False,-0.0006365372374284,31420.0,31290.0,31260.0,31295.714285714286,31279.333333333332
2014-08-06,31380.0,31340.0,31410.0,31400.0,Wednesday,False,0.0,31400.0,31400.0,31240.0,31315.714285714286,31294.333333333332
2014-08-07,31350.0,31320.0,31370.0,31320.0,Thursday,False,-0.0025477707006369,31400.0,31420.0,31230.0,31338.571428571428,31299.0
2014-08-08,31310.0,31310.0,31350.0,31320.0,Friday,False,0.0,31320.0,31400.0,31230.0,31351.428571428572,31303.666666666668
2014-08-09,31310.0,31260.0,31340.0,31300.0,Saturday,False,-0.0006385696040868,31320.0,31400.0,31290.0,31364.285714285714,31312.666666666668
2014-08-10,31290.0,31200.0,31300.0,31220.0,Sunday,False,-0.0025559105431309,31300.0,31320.0,31400.0,31365.714285714286,31322.0
2014-08-11,31190.0,31170.0,31290.0,31250.0,Monday,False,0.0009609224855862,31220.0,31320.0,31420.0,31340.0,31327.333333333332
2014-08-12,31260.0,31190.0,31280.0,31190.0,Tuesday,False,-0.00192,31250.0,31300.0,31400.0,31315.714285714286,31328.333333333332
2014-08-13,31210.0,31200.0,31270.0,31270.0,Wednesday,False,0.0025649246553383,31190.0,31220.0,31400.0,31285.714285714286,31322.666666666668
2014-08-14,31230.0,31170.0,31230.0,31180.0,Thursday,False,-0.0028781579788934,31270.0,31250.0,31320.0,31267.14285714286,31324.0
2014-08-15,31170.0,31170.0,31190.0,31190.0,Friday,False,0.0003207184092366,31180.0,31190.0,31320.0,31247.14285714286,31324.333333333332
2014-08-16,31180.0,31090.0,31200.0,31090.0,Saturday,False,-0.0032061558191728,31190.0,31270.0,31300.0,31228.571428571428,31318.666666666668
2014-08-17,31080.0,31000.0,31090.0,31020.0,Sunday,False,-0.0022515278224509,31090.0,31180.0,31220.0,31198.571428571428,31307.333333333332
2014-08-18,31010.0,30960.0,31070.0,31070.0,Monday,False,0.0016118633139909,31020.0,31190.0,31250.0,31170.0,31289.333333333332
2014-08-19,31060.0,31030.0,31150.0,31050.0,Tuesday,False,-0.0006437077566784,31070.0,31090.0,31190.0,31144.285714285714,31280.333333333332
2014-08-20,31040.0,30910.0,31090.0,30930.0,Wednesday,False,-0.0038647342995169,31050.0,31020.0,31270.0,31124.285714285714,31271.666666666668
2014-08-21,30940.0,30900.0,30960.0,30920.0,Thursday,False,-0.0003233107015842,30930.0,31070.0,31180.0,31075.714285714286,31258.333333333332
2014-08-22,30910.0,30890.0,30920.0,30910.0,Friday,False,-0.0003234152652005,30920.0,31050.0,31190.0,31038.571428571428,31244.666666666668
2014-08-23,30920.0,30910.0,31230.0,31210.0,Saturday,False,0.009705596894209,30910.0,30930.0,31090.0,30998.571428571428,31230.666666666668
2014-08-24,31190.0,31130.0,31330.0,31160.0,Sunday,False,-0.0016020506247997,31210.0,30920.0,31020.0,31015.714285714286,31224.666666666668
2014-08-25,31150.0,31120.0,31350.0,31330.0,Monday,False,0.0054557124518612,31160.0,30910.0,31070.0,31035.714285714286,31217.333333333332
2014-08-26,31310.0,31210.0,31330.0,31270.0,Tuesday,False,-0.0019150973507819,31330.0,31210.0,31050.0,31072.85714285714,31215.333333333332
2014-08-27,31280.0,31220.0,31300.0,31300.0,Wednesday,False,0.0009593859929644,31270.0,31160.0,30930.0,31104.285714285714,31212.0
2014-08-28,31310.0,31250.0,31330.0,31300.0,Thursday,False,0.0,31300.0,31330.0,30920.0,31157.14285714286,31212.333333333332
2014-08-29,31310.0,31300.0,31420.0,31420.0,Friday,False,0.0038338658146965,31300.0,31270.0,30910.0,31211.428571428572,31213.666666666668
2014-08-30,31410.0,31410.0,31680.0,31590.0,Saturday,False,0.0054105665181412,31420.0,31300.0,31210.0,31284.285714285714,31219.666666666668
2014-08-31,31580.0,31480.0,31590.0,31500.0,Sunday,False,-0.0028490028490028,31590.0,31300.0,31160.0,31338.571428571428,31231.666666666668
2014-09-01,31470.0,31390.0,31500.0,31480.0,Monday,False,-0.0006349206349206,31500.0,31420.0,31330.0,31387.14285714286,31240.666666666668
2014-09-02,31470.0,31470.0,31750.0,31730.0,Tuesday,False,0.0079415501905972,31480.0,31590.0,31270.0,31408.571428571428,31247.0
2014-09-03,31750.0,31670.0,31860.0,31720.0,Wednesday,False,-0.0003151591553735,31730.0,31500.0,31300.0,31474.285714285714,31258.0
2014-09-04,31690.0,31650.0,31850.0,31810.0,Thursday,False,0.0028373266078183,31720.0,31480.0,31300.0,31534.285714285714,31268.0
2014-09-05,31830.0,31720.0,31850.0,31740.0,Friday,False,-0.0022005658597925,31810.0,31730.0,31420.0,31607.14285714286,31281.666666666668
2014-09-06,31720.0,31540.0,31760.0,31570.0,Saturday,False,-0.0053560176433522,31740.0,31720.0,31590.0,31652.85714285714,31293.0
2014-09-07,31550.0,31510.0,31690.0,31680.0,Sunday,False,0.0034843205574912,31570.0,31810.0,31500.0,31650.0,31301.333333333332
2014-09-08,31690.0,31670.0,31980.0,31980.0,Monday,False,0.009469696969697,31680.0,31740.0,31480.0,31675.714285714286,31313.333333333332
2014-09-09,32020.0,31740.0,32030.0,31750.0,Tuesday,False,-0.007191994996873,31980.0,31570.0,31730.0,31747.14285714286,31336.0
2014-09-10,31760.0,31680.0,31860.0,31790.0,Wednesday,False,0.001259842519685,31750.0,31680.0,31720.0,31750.0,31353.666666666668
2014-09-11,31800.0,31780.0,31860.0,31840.0,Thursday,False,0.0015728216420258,31790.0,31980.0,31810.0,31760.0,31371.666666666668
2014-09-12,31830.0,31830.0,31870.0,31860.0,Friday,False,0.0006281407035175,31840.0,31750.0,31740.0,31764.285714285714,31393.333333333332
2014-09-13,31870.0,31740.0,31940.0,31760.0,Saturday,False,-0.0031387319522913,31860.0,31790.0,31570.0,31781.428571428572,31413.0
2014-09-14,31750.0,31730.0,31930.0,31910.0,Sunday,False,0.0047229219143576,31760.0,31840.0,31680.0,31808.571428571428,31432.333333333332
2014-09-15,31920.0,31850.0,32010.0,31980.0,Monday,False,0.00219366969602,31910.0,31860.0,31980.0,31841.428571428572,31456.333333333332
2014-09-16,32000.0,31870.0,32090.0,31920.0,Tuesday,False,-0.0018761726078799,31980.0,31760.0,31750.0,31841.428571428572,31486.0
2014-09-17,31930.0,31910.0,32180.0,32140.0,Wednesday,False,0.0068922305764411,31920.0,31910.0,31790.0,31865.714285714286,31516.0
2014-09-18,32130.0,31960.0,32160.0,32010.0,Thursday,False,-0.0040448039825762,32140.0,31980.0,31840.0,31915.714285714286,31551.666666666668
2014-09-19,32000.0,31970.0,32010.0,31990.0,Friday,False,-0.0006248047485161,32010.0,31920.0,31860.0,31940.0,31583.666666666668
2014-09-20,31980.0,31780.0,32000.0,31780.0,Saturday,False,-0.0065645514223194,31990.0,32140.0,31760.0,31958.571428571428,31619.0
2014-09-21,31790.0,31670.0,31830.0,31670.0,Sunday,False,-0.0034612964128382,31780.0,32010.0,31910.0,31961.428571428572,31647.666666666668
2014-09-22,31790.0,31670.0,31830.0,31670.0,Monday,True,0.0,31670.0,31990.0,31980.0,31927.14285714286,31673.0
2014-09-23,31770.0,31760.0,31930.0,31880.0,Tuesday,False,0.0066308809598989,31670.0,31780.0,31920.0,31882.85714285714,31688.333333333332
2014-09-24,31910.0,31900.0,32060.0,31940.0,Wednesday,False,0.0018820577164366,31880.0,31670.0,32140.0,31877.14285714286,31712.333333333332
2014-09-25,31910.0,31910.0,32020.0,32000.0,Thursday,False,0.0018785222291797,31940.0,31670.0,32010.0,31848.571428571428,31732.666666666668
2014-09-26,32010.0,31940.0,32010.0,32000.0,Friday,False,0.0,32000.0,31880.0,31990.0,31847.14285714286,31757.0
2014-09-27,32010.0,32010.0,32480.0,32480.0,Saturday,False,0.0149999999999999,32000.0,31940.0,31780.0,31848.571428571428,31780.333333333332
2014-09-28,32550.0,32460.0,32680.0,32640.0,Sunday,False,0.0049261083743843,32480.0,32000.0,31670.0,31948.571428571428,31819.666666666668
2014-09-29,32610.0,32350.0,32610.0,32350.0,Monday,False,-0.0088848039215686,32640.0,32000.0,31670.0,32087.14285714286,31860.333333333332
2014-09-30,32320.0,32230.0,32460.0,32410.0,Tuesday,False,0.0018547140649149,32350.0,32480.0,31880.0,32184.285714285714,31885.666666666668
2014-10-01,32470.0,32420.0,32570.0,32430.0,Wednesday,False,0.0006170934896636,32410.0,32640.0,31940.0,32260.0,31916.0
2014-10-02,32460.0,32310.0,32460.0,32400.0,Thursday,False,-0.0009250693802035,32430.0,32350.0,32000.0,32330.0,31947.666666666668
2014-10-03,32390.0,32380.0,32440.0,32430.0,Friday,False,0.0009259259259259,32400.0,32410.0,32000.0,32387.14285714286,31970.0
2014-10-04,32400.0,32350.0,32440.0,32410.0,Saturday,False,-0.0006167129201356,32430.0,32430.0,32480.0,32448.571428571428,31993.666666666668
2014-10-05,32400.0,32290.0,32400.0,32310.0,Sunday,False,-0.0030854674483183,32410.0,32400.0,32640.0,32438.571428571428,32013.666666666668
2014-10-06,32360.0,32250.0,32360.0,32310.0,Monday,False,0.0,32310.0,32430.0,32350.0,32391.428571428572,32032.666666666668
2014-10-07,32300.0,32300.0,32450.0,32390.0,Tuesday,False,0.0024760136180748,32310.0,32410.0,32410.0,32385.714285714286,32057.333333333332
2014-10-08,32420.0,32350.0,32420.0,32370.0,Wednesday,False,-0.0006174745291757,32390.0,32310.0,32430.0,32382.85714285714,32081.0
2014-10-09,32410.0,32410.0,32510.0,32480.0,Thursday,False,0.0033982082174852,32370.0,32310.0,32400.0,32374.285714285714,32094.0
2014-10-10,32500.0,32470.0,32510.0,32500.0,Friday,False,0.000615763546798,32480.0,32390.0,32430.0,32385.714285714286,32118.333333333332
2014-10-11,32560.0,32410.0,32610.0,32430.0,Saturday,False,-0.0021538461538461,32500.0,32370.0,32410.0,32395.714285714286,32142.0
2014-10-12,32450.0,32390.0,32510.0,32500.0,Sunday,False,0.0021584952204749,32430.0,32480.0,32310.0,32398.571428571428,32161.666666666668
2014-10-13,32510.0,32480.0,32530.0,32520.0,Monday,False,0.0006153846153846,32500.0,32500.0,32310.0,32425.714285714286,32183.0
2014-10-14,32510.0,32400.0,32550.0,32530.0,Tuesday,False,0.0003075030750308,32520.0,32430.0,32390.0,32455.714285714286,32208.333333333332
2014-10-15,32550.0,32440.0,32570.0,32440.0,Wednesday,False,-0.0027666769136182,32530.0,32500.0,32370.0,32475.714285714286,32229.0
2014-10-16,32450.0,32440.0,32560.0,32500.0,Thursday,False,0.001849568434032,32440.0,32520.0,32480.0,32485.714285714286,32244.333333333332
2014-10-17,32470.0,32460.0,32510.0,32460.0,Friday,False,-0.0012307692307692,32500.0,32530.0,32500.0,32488.571428571428,32263.666666666668
2014-10-18,32480.0,32350.0,32500.0,32380.0,Saturday,False,-0.002464571780653,32460.0,32440.0,32430.0,32482.85714285714,32274.333333333332
2014-10-19,32370.0,32310.0,32390.0,32340.0,Sunday,False,-0.0012353304508956,32380.0,32500.0,32500.0,32475.714285714286,32286.666666666668
2014-10-20,32360.0,32180.0,32360.0,32190.0,Monday,False,-0.0046382189239332,32340.0,32460.0,32520.0,32452.85714285714,32298.333333333332
2014-10-21,32240.0,32200.0,32300.0,32280.0,Tuesday,False,0.0027958993476235,32190.0,32380.0,32530.0,32405.714285714286,32312.0
2014-10-22,32290.0,32220.0,32320.0,32220.0,Wednesday,False,-0.0018587360594795,32280.0,32340.0,32440.0,32370.0,32332.333333333332
2014-10-23,32250.0,32220.0,32280.0,32280.0,Thursday,False,0.0018621973929235,32220.0,32190.0,32500.0,32338.571428571428,32350.666666666668
2014-10-24,32290.0,32260.0,32310.0,32270.0,Friday,False,-0.0003097893432465,32280.0,32280.0,32460.0,32307.14285714286,32364.0
2014-10-25,32260.0,32090.0,32270.0,32100.0,Saturday,False,-0.0052680508211961,32270.0,32220.0,32380.0,32280.0,32375.0
2014-10-26,32110.0,32080.0,32190.0,32170.0,Sunday,False,0.0021806853582555,32100.0,32280.0,32340.0,32240.0,32378.333333333332
2014-10-27,32220.0,32210.0,32370.0,32360.0,Monday,False,0.0059061237177493,32170.0,32270.0,32190.0,32215.714285714286,32384.0
2014-10-28,32370.0,32280.0,32450.0,32450.0,Tuesday,False,0.0027812113720642,32360.0,32100.0,32280.0,32240.0,32380.0
2014-10-29,32420.0,32340.0,32430.0,32390.0,Wednesday,False,-0.0018489984591679,32450.0,32170.0,32220.0,32264.285714285714,32373.666666666668
2014-10-30,32380.0,32360.0,32450.0,32450.0,Thursday,False,0.001852423587527,32390.0,32360.0,32280.0,32288.571428571428,32375.0
2014-10-31,32480.0,32480.0,32530.0,32520.0,Friday,False,0.0021571648690292,32450.0,32450.0,32270.0,32312.85714285714,32376.333333333332
2014-11-01,32490.0,32460.0,32550.0,32460.0,Saturday,False,-0.0018450184501844,32520.0,32390.0,32100.0,32348.571428571428,32379.333333333332
2014-11-02,32480.0,32410.0,32540.0,32530.0,Sunday,False,0.0021565003080714,32460.0,32450.0,32170.0,32400.0,32381.333333333332
2014-11-03,32480.0,32410.0,32540.0,32530.0,Monday,True,0.0,32530.0,32520.0,32360.0,32451.428571428572,32384.666666666668
2014-11-04,32480.0,32410.0,32540.0,32530.0,Tuesday,True,0.0,32530.0,32460.0,32450.0,32475.714285714286,32388.666666666668
2014-11-05,32550.0,32500.0,32580.0,32550.0,Wednesday,False,0.0006148170919151,32530.0,32530.0,32390.0,32487.14285714286,32396.0
2014-11-06,32560.0,32500.0,32580.0,32500.0,Thursday,False,-0.0015360983102918,32550.0,32530.0,32450.0,32510.0,32404.0
2014-11-07,32490.0,32460.0,32510.0,32510.0,Friday,False,0.0003076923076923,32500.0,32530.0,32520.0,32517.14285714286,32407.666666666668
2014-11-08,32460.0,32450.0,32650.0,32570.0,Saturday,False,0.0018455859735466,32510.0,32550.0,32460.0,32515.714285714286,32412.333333333332
2014-11-09,32580.0,32450.0,32580.0,32480.0,Sunday,False,-0.0027632790911882,32570.0,32500.0,32530.0,32531.428571428572,32415.333333333332
2014-11-10,32470.0,32400.0,32540.0,32540.0,Monday,False,0.0018472906403941,32480.0,32510.0,32530.0,32524.285714285714,32414.666666666668
2014-11-11,32500.0,32470.0,32590.0,32580.0,Tuesday,False,0.0012292562999385,32540.0,32570.0,32530.0,32525.714285714286,32418.333333333332
2014-11-12,32560.0,32500.0,32600.0,32580.0,Wednesday,False,0.0,32580.0,32480.0,32550.0,32532.85714285714,32421.0
2014-11-13,32570.0,32550.0,32600.0,32560.0,Thursday,False,-0.0006138735420503,32580.0,32540.0,32500.0,32537.14285714286,32423.0
2014-11-14,32580.0,32550.0,32580.0,32550.0,Friday,False,-0.0003071253071252,32560.0,32580.0,32510.0,32545.714285714286,32424.0
2014-11-15,32540.0,32400.0,32550.0,32440.0,Saturday,False,-0.003379416282642,32550.0,32580.0,32570.0,32551.428571428572,32427.666666666668
2014-11-16,32460.0,32400.0,32470.0,32470.0,Sunday,False,0.0009247842170161,32440.0,32560.0,32480.0,32532.85714285714,32425.666666666668
2014-11-17,32450.0,32440.0,32470.0,32460.0,Monday,False,-0.0003079765937789,32470.0,32550.0,32540.0,32531.428571428572,32426.0
2014-11-18,32440.0,32440.0,32580.0,32560.0,Tuesday,False,0.0030807147258162,32460.0,32440.0,32580.0,32520.0,32428.666666666668
2014-11-19,32560.0,32460.0,32560.0,32500.0,Wednesday,False,-0.0018427518427518,32560.0,32470.0,32580.0,32517.14285714286,32436.0
2014-11-20,32510.0,32480.0,32530.0,32530.0,Thursday,False,0.000923076923077,32500.0,32460.0,32560.0,32505.714285714286,32446.333333333332
2014-11-21,32540.0,32480.0,32540.0,32490.0,Friday,False,-0.0012296341838302,32530.0,32560.0,32550.0,32501.428571428572,32454.666666666668
2014-11-22,32480.0,32370.0,32490.0,32370.0,Saturday,False,-0.0036934441366573,32490.0,32500.0,32440.0,32492.85714285714,32463.666666666668
2014-11-23,32360.0,32320.0,32460.0,32400.0,Sunday,False,0.0009267840593141,32370.0,32530.0,32470.0,32482.85714285714,32466.666666666668
2014-11-24,32420.0,32410.0,32650.0,32560.0,Monday,False,0.0049382716049382,32400.0,32490.0,32460.0,32472.85714285714,32471.0
2014-11-25,32570.0,32520.0,32620.0,32620.0,Tuesday,False,0.0018427518427517,32560.0,32370.0,32560.0,32487.14285714286,32486.333333333332
2014-11-26,32630.0,32630.0,32950.0,32900.0,Wednesday,False,0.0085836909871244,32620.0,32400.0,32500.0,32495.714285714286,32501.333333333332
2014-11-27,32910.0,32910.0,33210.0,33190.0,Thursday,False,0.0088145896656535,32900.0,32560.0,32530.0,32552.85714285714,32519.333333333332
2014-11-28,33210.0,33200.0,33260.0,33250.0,Friday,False,0.0018077734257306,33190.0,32620.0,32490.0,32647.14285714286,32544.0
2014-11-29,33260.0,33260.0,34310.0,34210.0,Saturday,False,0.0288721804511278,33250.0,32900.0,32370.0,32755.714285714286,32572.666666666668
2014-11-30,34180.0,34000.0,35300.0,34610.0,Sunday,False,0.0116924875767319,34210.0,33190.0,32400.0,33018.57142857143,32631.333333333332
2014-12-01,34600.0,33580.0,34600.0,33670.0,Monday,False,-0.0271597804102859,34610.0,33250.0,32560.0,33334.28571428572,32701.0
2014-12-02,33680.0,33370.0,33840.0,33580.0,Tuesday,False,-0.0026730026730026,33670.0,34210.0,32620.0,33492.857142857145,32741.333333333332
2014-12-03,33560.0,33550.0,33770.0,33670.0,Wednesday,False,0.0026801667659321,33580.0,34610.0,32900.0,33630.0,32776.333333333336
2014-12-04,33660.0,33590.0,33720.0,33700.0,Thursday,False,0.0008910008910008,33670.0,33670.0,33190.0,33740.0,32814.333333333336
2014-12-05,33690.0,33680.0,33700.0,33680.0,Friday,False,-0.000593471810089,33700.0,33580.0,33250.0,33812.857142857145,32853.333333333336
2014-12-06,33630.0,33370.0,33690.0,33430.0,Saturday,False,-0.0074228028503563,33680.0,33670.0,34210.0,33874.28571428572,32891.0
2014-12-07,33500.0,33470.0,34170.0,34160.0,Sunday,False,0.0218366736464252,33430.0,33700.0,34610.0,33762.857142857145,32922.0
2014-12-08,34320.0,34090.0,34640.0,34250.0,Monday,False,0.0026346604215456,34160.0,33680.0,33670.0,33698.57142857143,32977.0
2014-12-09,34210.0,33990.0,34280.0,34010.0,Tuesday,False,-0.007007299270073,34250.0,33430.0,33580.0,33781.42857142857,33033.0
2014-12-10,33990.0,33920.0,34210.0,34190.0,Wednesday,False,0.0052925610114671,34010.0,34160.0,33670.0,33842.857142857145,33084.0
2014-12-11,34180.0,34140.0,34310.0,34220.0,Thursday,False,0.000877449546651,34190.0,34250.0,33700.0,33917.142857142855,33139.0
2014-12-12,34230.0,34220.0,34260.0,34260.0,Friday,False,0.0011689070718878,34220.0,34010.0,33680.0,33991.42857142857,33193.666666666664
2014-12-13,34270.0,34240.0,34280.0,34240.0,Saturday,False,-0.0005837711617046,34260.0,34190.0,33430.0,34074.28571428572,33249.666666666664
2014-12-14,34230.0,34210.0,34930.0,34900.0,Sunday,False,0.0192757009345794,34240.0,34220.0,34160.0,34190.0,33305.666666666664
2014-12-15,34920.0,34000.0,35010.0,34100.0,Monday,False,-0.0229226361031518,34900.0,34260.0,34250.0,34295.71428571428,33384.0
2014-12-16,34110.0,33800.0,34830.0,34800.0,Tuesday,False,0.0205278592375366,34100.0,34240.0,34010.0,34274.28571428572,33439.333333333336
2014-12-17,34750.0,34750.0,35100.0,34930.0,Wednesday,False,0.0037356321839081,34800.0,34900.0,34190.0,34387.142857142855,33517.0
2014-12-18,34910.0,34910.0,35140.0,35000.0,Thursday,False,0.0020040080160319,34930.0,34100.0,34220.0,34492.857142857145,33599.333333333336
2014-12-19,35010.0,34940.0,35050.0,34940.0,Friday,False,-0.0017142857142856,35000.0,34800.0,34260.0,34604.28571428572,33680.666666666664
2014-12-20,34960.0,34860.0,35230.0,35100.0,Saturday,False,0.0045792787635947,34940.0,34930.0,34240.0,34701.42857142857,33762.0
2014-12-21,35130.0,35060.0,35130.0,35070.0,Sunday,False,-0.0008547008547008,35100.0,35000.0,34900.0,34824.28571428572,33847.666666666664
2014-12-22,35110.0,35110.0,35600.0,35530.0,Monday,False,0.013116623895067,35070.0,34940.0,34100.0,34848.57142857143,33933.666666666664
2014-12-23,35580.0,35550.0,35610.0,35560.0,Tuesday,False,0.0008443568815086,35530.0,35100.0,34800.0,35052.857142857145,34039.0
2014-12-24,35630.0,35300.0,35870.0,35730.0,Wednesday,False,0.0047806524184477,35560.0,35070.0,34930.0,35161.42857142857,34144.333333333336
2014-12-25,35680.0,35500.0,35720.0,35590.0,Thursday,False,-0.0039182759585781,35730.0,35530.0,35000.0,35275.71428571428,34250.0
2014-12-26,35580.0,35390.0,35580.0,35390.0,Friday,False,-0.0056195560550716,35590.0,35560.0,34940.0,35360.0,34349.0
2014-12-27,35380.0,35380.0,35650.0,35580.0,Saturday,False,0.0053687482339643,35390.0,35730.0,35100.0,35424.28571428572,34432.0
2014-12-28,35560.0,35480.0,35740.0,35530.0,Sunday,False,-0.0014052838673411,35580.0,35590.0,35070.0,35492.857142857145,34511.666666666664
2014-12-29,35590.0,35440.0,35640.0,35490.0,Monday,False,-0.0011258091753447,35530.0,35390.0,35530.0,35558.57142857143,34587.666666666664
2014-12-30,35500.0,35120.0,35560.0,35210.0,Tuesday,False,-0.0078895463510848,35490.0,35580.0,35560.0,35552.857142857145,34630.333333333336
2014-12-31,35200.0,34920.0,35200.0,35010.0,Wednesday,False,-0.0056802044873615,35210.0,35530.0,35730.0,35502.857142857145,34650.333333333336
2015-01-01,35000.0,34950.0,35030.0,35010.0,Thursday,False,0.0,35010.0,35490.0,35590.0,35400.0,34695.0
2015-01-02,35000.0,34950.0,35000.0,34960.0,Friday,False,-0.0014281633818908,35010.0,35210.0,35390.0,35317.142857142855,34742.666666666664
2015-01-03,34930.0,34770.0,35100.0,35090.0,Saturday,False,0.0037185354691076,34960.0,35010.0,35580.0,35255.71428571428,34785.666666666664
2015-01-04,35080.0,35080.0,35440.0,35210.0,Sunday,False,0.0034197777144484,35090.0,35010.0,35530.0,35185.71428571428,34832.0
2015-01-05,35220.0,35060.0,35330.0,35120.0,Monday,False,-0.0025560920193127,35210.0,34960.0,35490.0,35140.0,34883.0
2015-01-06,35140.0,35130.0,35260.0,35240.0,Tuesday,False,0.0034168564920273,35120.0,35090.0,35210.0,35087.142857142855,34939.333333333336
2015-01-07,35260.0,35110.0,35260.0,35130.0,Wednesday,False,-0.0031214528944381,35240.0,35210.0,35010.0,35091.42857142857,34975.333333333336
2015-01-08,35140.0,35000.0,35140.0,35000.0,Thursday,False,-0.0037005408482778,35130.0,35120.0,35010.0,35108.57142857143,35004.666666666664
2015-01-09,35020.0,34960.0,35020.0,34970.0,Friday,False,-0.0008571428571428,35000.0,35240.0,34960.0,35107.142857142855,35037.666666666664
2015-01-10,34980.0,34880.0,35090.0,34940.0,Saturday,False,-0.0008578781812982,34970.0,35130.0,35090.0,35108.57142857143,35063.666666666664
2015-01-11,34930.0,34830.0,34960.0,34860.0,Sunday,False,-0.0022896393817973,34940.0,35000.0,35210.0,35087.142857142855,35087.666666666664
2015-01-12,34850.0,34660.0,34860.0,34700.0,Monday,False,-0.0045897877223178,34860.0,34970.0,35120.0,35037.142857142855,35107.666666666664
2015-01-13,34690.0,34460.0,34690.0,34500.0,Tuesday,False,-0.0057636887608069,34700.0,34940.0,35240.0,34977.142857142855,35123.0
2015-01-14,34490.0,34380.0,34570.0,34520.0,Wednesday,False,0.0005797101449276,34500.0,34860.0,35130.0,34871.42857142857,35109.666666666664
2015-01-15,34530.0,34500.0,34580.0,34500.0,Thursday,False,-0.0005793742757821,34520.0,34700.0,35000.0,34784.28571428572,35123.666666666664
2015-01-16,34490.0,34430.0,34490.0,34450.0,Friday,False,-0.0014492753623188,34500.0,34500.0,34970.0,34712.857142857145,35113.666666666664
2015-01-17,34440.0,34380.0,34500.0,34460.0,Saturday,False,0.0002902757619738,34450.0,34520.0,34940.0,34638.57142857143,35097.666666666664
2015-01-18,34490.0,34490.0,34700.0,34670.0,Sunday,False,0.006094022054556,34460.0,34500.0,34860.0,34570.0,35079.666666666664
2015-01-19,34720.0,34720.0,35210.0,35140.0,Monday,False,0.0135563888087684,34670.0,34450.0,34700.0,34542.857142857145,35070.666666666664
2015-01-20,35110.0,34680.0,35110.0,34740.0,Tuesday,False,-0.0113830392714855,35140.0,34460.0,34500.0,34605.71428571428,35072.0
2015-01-21,34620.0,34420.0,34680.0,34610.0,Wednesday,False,-0.0037420840529648,34740.0,34670.0,34520.0,34640.0,35061.0
2015-01-22,34660.0,34540.0,34660.0,34570.0,Thursday,False,-0.0011557353366079,34610.0,35140.0,34500.0,34652.857142857145,35030.333333333336
2015-01-23,34660.0,34540.0,34660.0,34570.0,Friday,True,0.0,34570.0,34740.0,34450.0,34662.857142857145,34997.333333333336
2015-01-24,34600.0,34430.0,34600.0,34430.0,Saturday,False,-0.0040497541220712,34570.0,34610.0,34460.0,34680.0,34958.666666666664
2015-01-25,34480.0,34480.0,34700.0,34650.0,Sunday,False,0.0063897763578275,34430.0,34570.0,34670.0,34675.71428571428,34920.0
2015-01-26,34640.0,34610.0,34900.0,34690.0,Monday,False,0.0011544011544011,34650.0,34570.0,35140.0,34672.857142857145,34895.333333333336
2015-01-27,34700.0,34600.0,34730.0,34600.0,Tuesday,False,-0.0025944076102623,34690.0,34430.0,34740.0,34608.57142857143,34865.666666666664
2015-01-28,34590.0,34560.0,34670.0,34560.0,Wednesday,False,-0.0011560693641619,34600.0,34650.0,34610.0,34588.57142857143,34834.666666666664
2015-01-29,34570.0,34530.0,34640.0,34560.0,Thursday,False,0.0,34560.0,34690.0,34570.0,34581.42857142857,34803.666666666664
2015-01-30,34570.0,34530.0,34640.0,34560.0,Friday,True,0.0,34560.0,34600.0,34570.0,34580.0,34782.0
2015-01-31,34620.0,34510.0,34620.0,34570.0,Saturday,False,0.0002893518518518,34560.0,34560.0,34430.0,34578.57142857143,34767.0
2015-02-01,34590.0,34520.0,34620.0,34550.0,Sunday,False,-0.000578536303153,34570.0,34560.0,34650.0,34598.57142857143,34752.333333333336
2015-02-02,34570.0,34540.0,34580.0,34560.0,Monday,False,0.0002894356005789,34550.0,34560.0,34690.0,34584.28571428572,34738.666666666664
2015-02-03,34570.0,34540.0,34570.0,34560.0,Tuesday,False,0.0,34560.0,34570.0,34600.0,34565.71428571428,34721.0
2015-02-04,34550.0,34400.0,34560.0,34430.0,Wednesday,False,-0.003761574074074,34560.0,34550.0,34560.0,34560.0,34699.333333333336
2015-02-05,34410.0,34270.0,34410.0,34320.0,Thursday,False,-0.0031948881789137,34430.0,34560.0,34560.0,34541.42857142857,34676.333333333336
2015-02-06,34410.0,34270.0,34410.0,34320.0,Friday,True,0.0,34320.0,34560.0,34560.0,34507.142857142855,34645.666666666664
2015-02-07,34330.0,34160.0,34330.0,34190.0,Saturday,False,-0.0037878787878787,34320.0,34430.0,34570.0,34472.857142857145,34618.666666666664
2015-02-08,34160.0,33880.0,34160.0,34090.0,Sunday,False,-0.0029248318221701,34190.0,34320.0,34550.0,34418.57142857143,34591.666666666664
2015-02-09,34080.0,34080.0,34370.0,34310.0,Monday,False,0.0064535054268113,34090.0,34320.0,34560.0,34352.857142857145,34562.333333333336
2015-02-10,34280.0,34210.0,34320.0,34300.0,Tuesday,False,-0.0002914602156806,34310.0,34190.0,34560.0,34317.142857142855,34541.333333333336
2015-02-11,34280.0,34210.0,34320.0,34300.0,Wednesday,True,0.0,34300.0,34090.0,34430.0,34280.0,34522.666666666664
2015-02-12,34320.0,34250.0,34320.0,34290.0,Thursday,False,-0.0002915451895043,34300.0,34310.0,34320.0,34261.42857142857,34509.333333333336
2015-02-13,34320.0,34250.0,34320.0,34290.0,Friday,True,0.0,34290.0,34300.0,34320.0,34257.142857142855,34502.333333333336
2015-02-14,34320.0,34260.0,34350.0,34320.0,Saturday,False,0.0008748906386701,34290.0,34300.0,34190.0,34252.857142857145,34494.666666666664
2015-02-15,34310.0,34260.0,34320.0,34300.0,Sunday,False,-0.0005827505827505,34320.0,34290.0,34090.0,34271.42857142857,34488.666666666664
2015-02-16,34310.0,34190.0,34310.0,34220.0,Monday,False,-0.0023323615160349,34300.0,34290.0,34310.0,34301.42857142857,34483.666666666664
2015-02-17,34200.0,33980.0,34200.0,34020.0,Tuesday,False,-0.0058445353594389,34220.0,34320.0,34300.0,34288.57142857143,34475.666666666664
2015-02-18,34040.0,34010.0,34150.0,34140.0,Wednesday,False,0.0035273368606703,34020.0,34300.0,34300.0,34248.57142857143,34454.0
2015-02-19,34180.0,34120.0,34210.0,34140.0,Thursday,False,0.0,34140.0,34220.0,34290.0,34225.71428571428,34420.666666666664
2015-02-20,34180.0,34120.0,34210.0,34140.0,Friday,True,0.0,34140.0,34020.0,34290.0,34204.28571428572,34400.666666666664
2015-02-21,34130.0,34040.0,34150.0,34070.0,Saturday,False,-0.0020503807850029,34140.0,34140.0,34320.0,34182.857142857145,34385.0
2015-02-22,34080.0,34060.0,34220.0,34220.0,Sunday,False,0.0044027003228646,34070.0,34140.0,34300.0,34147.142857142855,34368.333333333336
2015-02-23,34200.0,34200.0,34410.0,34350.0,Monday,False,0.0037989479836353,34220.0,34140.0,34220.0,34135.71428571428,34356.666666666664
2015-02-24,34370.0,34290.0,34370.0,34340.0,Tuesday,False,-0.0002911208151382,34350.0,34070.0,34020.0,34154.28571428572,34354.0
2015-02-25,34350.0,34330.0,34450.0,34360.0,Wednesday,False,0.0005824111822947,34340.0,34220.0,34140.0,34200.0,34343.666666666664
2015-02-26,34390.0,34300.0,34410.0,34350.0,Thursday,False,-0.0002910360884749,34360.0,34350.0,34140.0,34231.42857142857,34332.666666666664
2015-02-27,34310.0,34310.0,34310.0,34310.0,Friday,False,-0.0011644832605531,34350.0,34340.0,34140.0,34261.42857142857,34324.333333333336
2015-02-28,34290.0,34160.0,34330.0,34240.0,Saturday,False,-0.0020402215097639,34310.0,34360.0,34070.0,34285.71428571428,34316.0
2015-03-01,34260.0,34190.0,34280.0,34260.0,Sunday,False,0.0005841121495326,34240.0,34350.0,34220.0,34310.0,34305.333333333336
2015-03-02,34250.0,34240.0,34290.0,34250.0,Monday,False,-0.0002918855808523,34260.0,34310.0,34350.0,34315.71428571428,34295.333333333336
2015-03-03,34260.0,34070.0,34260.0,34170.0,Tuesday,False,-0.0023357664233576,34250.0,34240.0,34340.0,34301.42857142857,34284.666666666664
2015-03-04,34180.0,34110.0,34200.0,34200.0,Wednesday,False,0.0008779631255486,34170.0,34260.0,34360.0,34277.142857142855,34272.0
2015-03-05,34160.0,34130.0,34180.0,34130.0,Thursday,False,-0.0020467836257309,34200.0,34250.0,34350.0,34254.28571428572,34260.0
2015-03-06,34160.0,34130.0,34180.0,34130.0,Friday,True,0.0,34130.0,34170.0,34310.0,34222.857142857145,34245.666666666664
2015-03-07,34120.0,33940.0,34120.0,33990.0,Saturday,False,-0.0041019630823322,34130.0,34200.0,34240.0,34197.142857142855,34235.666666666664
2015-03-08,34020.0,33930.0,34060.0,34060.0,Sunday,False,0.0020594292438953,33990.0,34130.0,34260.0,34161.42857142857,34224.666666666664
2015-03-09,34050.0,33960.0,34060.0,33960.0,Monday,False,-0.0029359953024075,34060.0,34130.0,34250.0,34132.857142857145,34216.0
2015-03-10,33980.0,33820.0,33980.0,33840.0,Tuesday,False,-0.0035335689045936,33960.0,33990.0,34170.0,34091.42857142857,34208.333333333336
2015-03-11,33800.0,33330.0,33800.0,33360.0,Wednesday,False,-0.0141843971631205,33840.0,34060.0,34200.0,34044.28571428572,34200.0
2015-03-12,33410.0,32960.0,33410.0,33240.0,Thursday,False,-0.0035971223021582,33360.0,33960.0,34130.0,33924.28571428572,34168.333333333336
2015-03-13,33170.0,32950.0,33170.0,32990.0,Friday,False,-0.0075210589651022,33240.0,33840.0,34130.0,33797.142857142855,34133.0
2015-03-14,32960.0,32200.0,32960.0,32200.0,Saturday,False,-0.0239466505001515,32990.0,33360.0,33990.0,33634.28571428572,34089.333333333336
2015-03-15,32180.0,31600.0,32670.0,32410.0,Sunday,False,0.0065217391304348,32200.0,33240.0,34060.0,33378.57142857143,34019.666666666664
2015-03-16,32440.0,32400.0,33150.0,32810.0,Monday,False,0.0123418697932737,32410.0,32990.0,33960.0,33142.857142857145,33957.0
2015-03-17,32870.0,32870.0,33860.0,33530.0,Tuesday,False,0.0219445291069795,32810.0,32200.0,33840.0,32978.57142857143,33906.666666666664
2015-03-18,33530.0,33350.0,33760.0,33490.0,Wednesday,False,-0.0011929615269907,33530.0,32410.0,33360.0,32934.28571428572,33881.0
2015-03-19,33580.0,32950.0,33700.0,33380.0,Thursday,False,-0.0032845625559868,33490.0,32810.0,33240.0,32952.857142857145,33856.666666666664
2015-03-20,33580.0,32950.0,33700.0,33380.0,Friday,True,0.0,33380.0,33530.0,32990.0,32972.857142857145,33835.333333333336
2015-03-21,33580.0,32950.0,33700.0,33380.0,Saturday,True,0.0,33380.0,33490.0,32200.0,33028.57142857143,33810.0
2015-03-22,33580.0,32950.0,33700.0,33380.0,Sunday,True,0.0,33380.0,33380.0,32410.0,33197.142857142855,33784.666666666664
2015-03-23,33560.0,33560.0,33560.0,33560.0,Monday,False,0.0053924505692031,33380.0,33380.0,32810.0,33335.71428571428,33759.333333333336
2015-03-24,33600.0,33600.0,33600.0,33600.0,Tuesday,False,0.0011918951132301,33560.0,33380.0,33530.0,33442.857142857145,33742.333333333336
2015-03-25,33560.0,33560.0,34280.0,33930.0,Wednesday,False,0.0098214285714286,33600.0,33380.0,33490.0,33452.857142857145,33721.666666666664
2015-03-26,33980.0,33890.0,34030.0,33930.0,Thursday,False,0.0,33930.0,33560.0,33380.0,33515.71428571428,33707.666666666664
2015-03-27,33980.0,33890.0,34030.0,33930.0,Friday,True,0.0,33930.0,33600.0,33380.0,33594.28571428572,33694.0
2015-03-28,33810.0,32730.0,33810.0,32960.0,Saturday,False,-0.0285882699675803,33930.0,33930.0,33380.0,33672.857142857145,33679.666666666664
2015-03-29,32970.0,32610.0,33180.0,33100.0,Sunday,False,0.004247572815534,32960.0,33930.0,33380.0,33612.857142857145,33633.333333333336
2015-03-30,33110.0,32990.0,33340.0,33240.0,Monday,False,0.0042296072507552,33100.0,33930.0,33560.0,33572.857142857145,33593.0
2015-03-31,33190.0,32880.0,33390.0,33070.0,Tuesday,False,-0.0051143200962695,33240.0,32960.0,33600.0,33527.142857142855,33559.666666666664
2015-04-01,32890.0,32890.0,33300.0,33300.0,Wednesday,False,0.0069549440580587,33070.0,33100.0,33930.0,33451.42857142857,33520.0
2015-04-02,33230.0,32250.0,33230.0,32350.0,Thursday,False,-0.0285285285285284,33300.0,33240.0,33930.0,33361.42857142857,33488.333333333336
2015-04-03,32340.0,31710.0,32340.0,31880.0,Friday,False,-0.0145285935085007,32350.0,33070.0,33930.0,33135.71428571428,33427.666666666664
2015-04-04,31850.0,31710.0,32700.0,32690.0,Saturday,False,0.0254077791718945,31880.0,33300.0,32960.0,32842.857142857145,33350.333333333336
2015-04-05,32760.0,32670.0,32990.0,32840.0,Sunday,False,0.0045885591924135,32690.0,32350.0,33100.0,32804.28571428572,33302.333333333336
2015-04-06,32820.0,32600.0,32890.0,32860.0,Monday,False,0.0006090133982947,32840.0,31880.0,33240.0,32767.14285714286,33259.333333333336
2015-04-07,32840.0,32840.0,33170.0,33140.0,Tuesday,False,0.0085209981740719,32860.0,32690.0,33070.0,32712.85714285714,33221.666666666664
2015-04-08,33170.0,32930.0,33330.0,32930.0,Wednesday,False,-0.0063367531683765,33140.0,32840.0,33300.0,32722.85714285714,33191.0
2015-04-09,32910.0,32860.0,33090.0,32900.0,Thursday,False,-0.0009110233829334,32930.0,32860.0,32350.0,32670.0,33156.666666666664
2015-04-10,32910.0,32860.0,33090.0,32900.0,Friday,True,0.0,32900.0,33140.0,31880.0,32748.571428571428,33125.333333333336
2015-04-11,32950.0,32950.0,33560.0,33520.0,Saturday,False,0.0188449848024316,32900.0,32930.0,32690.0,32894.28571428572,33110.0
2015-04-12,33570.0,33390.0,33850.0,33390.0,Sunday,False,-0.0038782816229117,33520.0,32900.0,32840.0,33012.857142857145,33119.333333333336
2015-04-13,33420.0,33340.0,33580.0,33380.0,Monday,False,-0.0002994908655286,33390.0,32900.0,32860.0,33091.42857142857,33132.666666666664
2015-04-14,33480.0,33270.0,33530.0,33450.0,Tuesday,False,0.0020970641102455,33380.0,33520.0,33140.0,33165.71428571428,33172.0
2015-04-15,33440.0,33440.0,33710.0,33580.0,Wednesday,False,0.0038863976083707,33450.0,33390.0,32930.0,33210.0,33206.666666666664
2015-04-16,33590.0,33450.0,33620.0,33480.0,Thursday,False,-0.0029779630732579,33580.0,33380.0,32900.0,33302.857142857145,33232.333333333336
2015-04-17,33490.0,33420.0,33490.0,33420.0,Friday,False,-0.0017921146953404,33480.0,33450.0,32900.0,33385.71428571428,33230.666666666664
2015-04-18,33440.0,33330.0,33450.0,33360.0,Saturday,False,-0.0017953321364452,33420.0,33580.0,33520.0,33460.0,33228.333333333336
2015-04-19,33340.0,33310.0,33440.0,33390.0,Sunday,False,0.0008992805755396,33360.0,33480.0,33390.0,33437.142857142855,33227.666666666664
2015-04-20,33450.0,33350.0,33450.0,33390.0,Monday,False,0.0,33390.0,33420.0,33380.0,33437.142857142855,33228.0
2015-04-21,33400.0,33370.0,33450.0,33390.0,Tuesday,False,0.0,33390.0,33360.0,33450.0,33438.57142857143,33228.333333333336
2015-04-22,33380.0,33310.0,33390.0,33360.0,Wednesday,False,-0.0008984725965858,33390.0,33390.0,33580.0,33430.0,33228.666666666664
2015-04-23,33370.0,33310.0,33390.0,33330.0,Thursday,False,-0.0008992805755395,33360.0,33390.0,33480.0,33398.57142857143,33222.0
2015-04-24,33340.0,33330.0,33340.0,33330.0,Friday,False,0.0,33330.0,33390.0,33420.0,33377.142857142855,33213.0
2015-04-25,33320.0,33210.0,33340.0,33220.0,Saturday,False,-0.0033003300330033,33330.0,33360.0,33360.0,33364.28571428572,33193.0
2015-04-26,33200.0,33190.0,33350.0,33300.0,Sunday,False,0.0024081878386514,33220.0,33330.0,33390.0,33344.28571428572,33169.333333333336
2015-04-27,33340.0,33340.0,33430.0,33350.0,Monday,False,0.0015015015015014,33300.0,33330.0,33390.0,33331.42857142857,33148.333333333336
2015-04-28,33360.0,33310.0,33390.0,33380.0,Tuesday,False,0.0008995502248876,33350.0,33220.0,33390.0,33325.71428571428,33161.333333333336
2015-04-29,33390.0,33340.0,33410.0,33360.0,Wednesday,False,-0.0005991611743558,33380.0,33300.0,33360.0,33324.28571428572,33170.666666666664
2015-04-30,33370.0,33330.0,33400.0,33390.0,Thursday,False,0.0008992805755396,33360.0,33350.0,33330.0,33324.28571428572,33174.666666666664
2015-05-01,33400.0,33390.0,33400.0,33390.0,Friday,False,0.0,33390.0,33380.0,33330.0,33332.857142857145,33185.333333333336
2015-05-02,33400.0,33390.0,33400.0,33390.0,Saturday,True,0.0,33390.0,33360.0,33220.0,33341.42857142857,33188.333333333336
2015-05-03,33410.0,33350.0,33430.0,33390.0,Sunday,False,0.0,33390.0,33390.0,33300.0,33365.71428571428,33223.0
2015-05-04,33400.0,33250.0,33400.0,33250.0,Monday,False,-0.0041928721174003,33390.0,33390.0,33350.0,33378.57142857143,33273.333333333336
2015-05-05,33230.0,33170.0,33270.0,33270.0,Tuesday,False,0.0006015037593984,33250.0,33390.0,33380.0,33364.28571428572,33292.0
2015-05-06,33250.0,33190.0,33320.0,33300.0,Wednesday,False,0.0009017132551849,33270.0,33390.0,33360.0,33348.57142857143,33306.333333333336
2015-05-07,33310.0,33280.0,33320.0,33290.0,Thursday,False,-0.0003003003003002,33300.0,33250.0,33390.0,33340.0,33321.0
2015-05-08,33300.0,33300.0,33300.0,33300.0,Friday,False,0.0003003905076599,33290.0,33270.0,33390.0,33325.71428571428,33326.0
2015-05-09,33290.0,33210.0,33300.0,33210.0,Saturday,False,-0.0027027027027026,33300.0,33300.0,33390.0,33312.857142857145,33338.333333333336
2015-05-10,33220.0,33140.0,33220.0,33180.0,Sunday,False,-0.000903342366757,33210.0,33290.0,33390.0,33287.142857142855,33348.666666666664
2015-05-11,33170.0,33110.0,33190.0,33160.0,Monday,False,-0.0006027727546714,33180.0,33300.0,33250.0,33257.142857142855,33358.0
2015-05-12,33120.0,33070.0,33170.0,33160.0,Tuesday,False,0.0,33160.0,33210.0,33270.0,33244.28571428572,33346.0
2015-05-13,33180.0,33150.0,33270.0,33190.0,Wednesday,False,0.0009047044632086,33160.0,33180.0,33300.0,33228.57142857143,33338.333333333336
2015-05-14,33180.0,33170.0,33200.0,33200.0,Thursday,False,0.0003012955709551,33190.0,33160.0,33290.0,33212.857142857145,33332.0
2015-05-15,33190.0,33190.0,33190.0,33190.0,Friday,False,-0.000301204819277,33200.0,33160.0,33300.0,33200.0,33323.666666666664
2015-05-16,33200.0,33190.0,33200.0,33190.0,Saturday,False,0.0,33190.0,33190.0,33210.0,33184.28571428572,33310.666666666664
2015-05-17,33150.0,33090.0,33160.0,33100.0,Sunday,False,-0.0027116601385959,33190.0,33200.0,33180.0,33181.42857142857,33301.0
2015-05-18,33040.0,33040.0,33080.0,33070.0,Monday,False,-0.0009063444108761,33100.0,33190.0,33160.0,33170.0,33290.333333333336
2015-05-19,33060.0,32980.0,33080.0,32980.0,Tuesday,False,-0.0027214998488055,33070.0,33190.0,33160.0,33157.142857142855,33280.666666666664
2015-05-20,32990.0,32770.0,33020.0,32830.0,Wednesday,False,-0.0045482110369921,32980.0,33100.0,33190.0,33131.42857142857,33267.0
2015-05-21,32940.0,32850.0,33050.0,32850.0,Thursday,False,0.000609198903442,32830.0,33070.0,33200.0,33080.0,33248.333333333336
2015-05-22,32940.0,32850.0,33050.0,32850.0,Friday,True,0.0,32850.0,32980.0,33190.0,33030.0,33230.333333333336
2015-05-23,32960.0,32960.0,33100.0,32970.0,Saturday,False,0.0036529680365295,32850.0,32830.0,33190.0,32981.42857142857,33213.333333333336
2015-05-24,33000.0,32950.0,33050.0,32950.0,Sunday,False,-0.0006066120715801,32970.0,32850.0,33100.0,32950.0,33201.333333333336
2015-05-25,33070.0,32930.0,33130.0,32930.0,Monday,False,-0.0006069802731411,32950.0,32850.0,33070.0,32928.57142857143,33188.666666666664
2015-05-26,33110.0,33000.0,33150.0,33000.0,Tuesday,False,0.0021257212268448,32930.0,32970.0,32980.0,32908.57142857143,33179.0
2015-05-27,33070.0,33000.0,33150.0,33000.0,Wednesday,False,0.0,33000.0,32950.0,32830.0,32911.42857142857,33169.0
2015-05-28,33100.0,32980.0,33220.0,32980.0,Thursday,False,-0.0006060606060606,33000.0,32930.0,32850.0,32935.71428571428,33157.333333333336
2015-05-29,33100.0,32980.0,33220.0,32980.0,Friday,True,0.0,32980.0,33000.0,32850.0,32954.28571428572,33144.0
2015-05-30,33100.0,33080.0,33320.0,33080.0,Saturday,False,0.003032140691328,32980.0,33000.0,32970.0,32972.857142857145,33131.333333333336
2015-05-31,33200.0,33160.0,33320.0,33190.0,Sunday,False,0.0033252720677146,33080.0,32980.0,32950.0,32988.57142857143,33121.0
2015-06-01,33200.0,33100.0,33210.0,33130.0,Monday,False,-0.0018077734257306,33190.0,32980.0,32930.0,33022.857142857145,33114.333333333336
2015-06-02,33160.0,33100.0,33220.0,33130.0,Tuesday,False,0.0,33130.0,33080.0,33000.0,33051.42857142857,33105.666666666664
2015-06-03,33160.0,33100.0,33220.0,33130.0,Wednesday,True,0.0,33130.0,33190.0,33000.0,33070.0,33097.0
2015-06-04,33160.0,33100.0,33220.0,33130.0,Thursday,True,0.0,33130.0,33130.0,32980.0,33088.57142857143,33093.0
2015-06-05,33160.0,33100.0,33220.0,33130.0,Friday,True,0.0,33130.0,33130.0,32980.0,33110.0,33088.333333333336
2015-06-06,33180.0,33110.0,33230.0,33110.0,Saturday,False,-0.0006036824630244,33130.0,33130.0,33080.0,33131.42857142857,33082.666666666664
2015-06-07,33130.0,33070.0,33130.0,33080.0,Sunday,False,-0.0009060706735125,33110.0,33130.0,33190.0,33135.71428571428,33076.666666666664
2015-06-08,33140.0,33100.0,33160.0,33100.0,Monday,False,0.0006045949214026,33080.0,33130.0,33130.0,33120.0,33069.333333333336
2015-06-09,33110.0,33080.0,33160.0,33080.0,Tuesday,False,-0.0006042296072507,33100.0,33110.0,33130.0,33115.71428571428,33065.666666666664
2015-06-10,33120.0,33080.0,33170.0,33080.0,Wednesday,False,0.0,33080.0,33080.0,33130.0,33108.57142857143,33062.333333333336
2015-06-11,33100.0,33050.0,33110.0,33050.0,Thursday,False,-0.0009068923821039,33080.0,33100.0,33130.0,33101.42857142857,33059.666666666664
2015-06-12,33100.0,33050.0,33110.0,33050.0,Friday,True,0.0,33050.0,33080.0,33130.0,33090.0,33056.0
2015-06-13,33080.0,33040.0,33100.0,33040.0,Saturday,False,-0.0003025718608169,33050.0,33080.0,33110.0,33078.57142857143,33051.333333333336
2015-06-14,33020.0,32920.0,33020.0,32920.0,Sunday,False,-0.0036319612590799,33040.0,33050.0,33080.0,33068.57142857143,33046.0
2015-06-15,32910.0,32820.0,32910.0,32820.0,Monday,False,-0.0030376670716889,32920.0,33050.0,33100.0,33045.71428571428,33037.0
2015-06-16,32750.0,32690.0,32850.0,32850.0,Tuesday,False,0.0009140767824498,32820.0,33040.0,33080.0,33005.71428571428,33024.666666666664
2015-06-17,32860.0,32820.0,32920.0,32850.0,Wednesday,False,0.0,32850.0,32920.0,33080.0,32972.857142857145,33016.333333333336
2015-06-18,32840.0,32780.0,32840.0,32780.0,Thursday,False,-0.0021308980213089,32850.0,32820.0,33050.0,32940.0,33009.0
2015-06-19,32840.0,32780.0,32840.0,32780.0,Friday,True,0.0,32780.0,32850.0,33050.0,32901.42857142857,33002.333333333336
2015-06-20,32790.0,32700.0,32790.0,32710.0,Saturday,False,-0.0021354484441732,32780.0,32850.0,33040.0,32862.857142857145,33000.666666666664
2015-06-21,32730.0,32680.0,32770.0,32720.0,Sunday,False,0.0003057169061448,32710.0,32780.0,32920.0,32815.71428571428,32996.0
2015-06-22,32650.0,32600.0,32670.0,32620.0,Monday,False,-0.0030562347188264,32720.0,32780.0,32820.0,32787.142857142855,32991.666666666664
2015-06-23,32630.0,32580.0,32660.0,32660.0,Tuesday,False,0.0012262415695891,32620.0,32710.0,32850.0,32758.571428571428,32980.0
2015-06-24,32680.0,32660.0,32850.0,32750.0,Wednesday,False,0.0027556644213104,32660.0,32720.0,32850.0,32731.428571428572,32970.333333333336
2015-06-25,32850.0,32750.0,32880.0,32750.0,Thursday,False,0.0,32750.0,32620.0,32780.0,32717.14285714286,32964.333333333336
2015-06-26,32850.0,32750.0,32880.0,32750.0,Friday,True,0.0,32750.0,32660.0,32780.0,32712.85714285714,32956.0
2015-06-27,32860.0,32860.0,33070.0,33030.0,Saturday,False,0.0085496183206106,32750.0,32750.0,32710.0,32708.571428571428,32947.666666666664
2015-06-28,33080.0,33000.0,33380.0,33000.0,Sunday,False,-0.0009082652134423,33030.0,32750.0,32720.0,32754.285714285714,32949.333333333336
2015-06-29,33170.0,33000.0,33330.0,33000.0,Monday,False,0.0,33000.0,32750.0,32620.0,32794.28571428572,32950.0
2015-06-30,32980.0,32870.0,33110.0,32990.0,Tuesday,False,-0.0003030303030302,33000.0,33030.0,32660.0,32848.57142857143,32947.333333333336
2015-07-01,33230.0,33090.0,33330.0,33090.0,Wednesday,False,0.0030312215822976,32990.0,33000.0,32750.0,32895.71428571428,32940.666666666664
2015-07-02,33040.0,32940.0,33060.0,32950.0,Thursday,False,-0.0042308854638863,33090.0,33000.0,32750.0,32944.28571428572,32939.333333333336
2015-07-03,33040.0,32940.0,33060.0,32950.0,Friday,True,0.0,32950.0,32990.0,32750.0,32972.857142857145,32933.333333333336
2015-07-04,33020.0,33000.0,33180.0,33040.0,Saturday,False,0.002731411229135,32950.0,33090.0,33030.0,33001.42857142857,32927.333333333336
2015-07-05,33130.0,32900.0,33130.0,32950.0,Sunday,False,-0.0027239709443098,33040.0,32950.0,33000.0,33002.857142857145,32924.333333333336
2015-07-06,32970.0,32700.0,32970.0,32720.0,Monday,False,-0.0069802731411229,32950.0,32950.0,33000.0,32995.71428571428,32918.333333333336
2015-07-07,32560.0,32420.0,32690.0,32480.0,Tuesday,False,-0.0073349633251833,32720.0,33040.0,32990.0,32955.71428571428,32905.333333333336
2015-07-08,32560.0,32420.0,32690.0,32480.0,Wednesday,True,0.0,32480.0,32950.0,33090.0,32882.857142857145,32885.333333333336
2015-07-09,32500.0,32380.0,32560.0,32380.0,Thursday,False,-0.0030788177339901,32480.0,32720.0,32950.0,32795.71428571428,32864.666666666664
2015-07-10,32500.0,32380.0,32560.0,32380.0,Friday,True,0.0,32380.0,32480.0,32950.0,32714.285714285714,32841.333333333336
2015-07-11,32440.0,32440.0,32590.0,32490.0,Saturday,False,0.003397158739963,32380.0,32480.0,33040.0,32632.85714285714,32818.0
2015-07-12,32580.0,32450.0,32590.0,32500.0,Sunday,False,0.0003077870113881,32490.0,32380.0,32950.0,32554.285714285714,32799.333333333336
2015-07-13,32270.0,32120.0,32270.0,32140.0,Monday,False,-0.011076923076923,32500.0,32380.0,32720.0,32490.0,32781.0
2015-07-14,32050.0,31780.0,32170.0,32160.0,Tuesday,False,0.0006222775357809,32140.0,32490.0,32480.0,32407.14285714286,32751.0
2015-07-15,32350.0,32180.0,32620.0,32180.0,Wednesday,False,0.0006218905472636,32160.0,32500.0,32480.0,32361.428571428572,32725.666666666668
2015-07-16,32490.0,32190.0,32490.0,32300.0,Thursday,False,0.0037290242386576,32180.0,32140.0,32380.0,32318.571428571428,32704.333333333332
2015-07-17,32490.0,32190.0,32490.0,32300.0,Friday,True,0.0,32300.0,32160.0,32380.0,32307.14285714286,32686.0
2015-07-18,32490.0,32190.0,32490.0,32300.0,Saturday,True,0.0,32300.0,32180.0,32490.0,32295.714285714286,32667.666666666668
2015-07-19,32490.0,32190.0,32490.0,32300.0,Sunday,True,0.0,32300.0,32300.0,32500.0,32268.571428571428,32651.666666666668
2015-07-20,32320.0,32290.0,32370.0,32300.0,Monday,False,0.0,32300.0,32300.0,32140.0,32240.0,32635.666666666668
2015-07-21,32250.0,32200.0,32420.0,32350.0,Tuesday,False,0.001547987616099,32300.0,32300.0,32160.0,32262.85714285714,32622.0
2015-07-22,32530.0,32380.0,32620.0,32390.0,Wednesday,False,0.0012364760432765,32350.0,32300.0,32180.0,32290.0,32609.666666666668
2015-07-23,32530.0,32380.0,32560.0,32380.0,Thursday,False,-0.0003087372645877,32390.0,32300.0,32300.0,32320.0,32602.0
2015-07-24,32530.0,32380.0,32560.0,32380.0,Friday,True,0.0,32380.0,32350.0,32300.0,32331.428571428572,32592.666666666668
2015-07-25,32770.0,32570.0,32950.0,32570.0,Saturday,False,0.005867819641754,32380.0,32390.0,32300.0,32342.85714285714,32580.333333333332
2015-07-26,33030.0,32570.0,33180.0,32950.0,Sunday,False,0.0116671783850168,32570.0,32380.0,32300.0,32381.428571428572,32574.333333333332
2015-07-27,32990.0,32860.0,33000.0,32900.0,Monday,False,-0.0015174506828528,32950.0,32380.0,32300.0,32474.285714285714,32581.0
2015-07-28,33030.0,32980.0,33090.0,32980.0,Tuesday,False,0.0024316109422493,32900.0,32570.0,32350.0,32560.0,32576.666666666668
2015-07-29,33080.0,32990.0,33100.0,33030.0,Wednesday,False,0.001516070345664,32980.0,32950.0,32390.0,32650.0,32576.0
2015-07-30,33050.0,33000.0,33070.0,33000.0,Thursday,False,-0.0009082652134423,33030.0,32900.0,32380.0,32741.428571428572,32577.0
2015-07-31,33050.0,33000.0,33070.0,33000.0,Friday,True,0.0,33000.0,32980.0,32380.0,32830.0,32577.333333333332
2015-08-01,33080.0,33060.0,33200.0,33140.0,Saturday,False,0.0042424242424241,33000.0,33030.0,32570.0,32918.57142857143,32574.333333333332
2015-08-02,33220.0,33120.0,33270.0,33150.0,Sunday,False,0.000301750150875,33140.0,33000.0,32950.0,33000.0,32580.666666666668
2015-08-03,33200.0,33130.0,33220.0,33160.0,Monday,False,0.0003016591251885,33150.0,33000.0,32900.0,33028.57142857143,32587.333333333332
2015-08-04,33250.0,33220.0,33330.0,33240.0,Tuesday,False,0.002412545235223,33160.0,33140.0,32980.0,33065.71428571428,32591.333333333332
2015-08-05,33250.0,33250.0,33320.0,33270.0,Wednesday,False,0.0009025270758122,33240.0,33150.0,33030.0,33102.857142857145,32601.0
2015-08-06,33300.0,33250.0,33400.0,33250.0,Thursday,False,-0.0006011421701231,33270.0,33160.0,33000.0,33137.142857142855,32619.333333333332
2015-08-07,33300.0,33250.0,33400.0,33250.0,Friday,True,0.0,33250.0,33240.0,33000.0,33172.857142857145,32645.0
2015-08-08,33400.0,33380.0,33600.0,33380.0,Saturday,False,0.0039097744360903,33250.0,33270.0,33140.0,33208.57142857143,32670.666666666668
2015-08-09,33500.0,33300.0,33510.0,33390.0,Sunday,False,0.0002995805871779,33380.0,33250.0,33150.0,33242.857142857145,32704.0
2015-08-10,33380.0,33360.0,33490.0,33360.0,Monday,False,-0.0008984725965858,33390.0,33250.0,33160.0,33277.142857142855,32737.666666666668
2015-08-11,33380.0,33360.0,33490.0,33360.0,Tuesday,True,0.0,33360.0,33380.0,33240.0,33305.71428571428,32766.666666666668
2015-08-12,33440.0,33360.0,33590.0,33460.0,Wednesday,False,0.0029976019184652,33360.0,33390.0,33270.0,33322.857142857145,32795.333333333336
2015-08-13,33600.0,33450.0,33680.0,33450.0,Thursday,False,-0.0002988643156006,33460.0,33360.0,33250.0,33350.0,32839.333333333336
2015-08-14,33600.0,33450.0,33680.0,33450.0,Friday,True,0.0,33450.0,33360.0,33250.0,33378.57142857143,32882.333333333336
2015-08-15,33580.0,33400.0,33640.0,33400.0,Saturday,False,-0.0014947683109117,33450.0,33460.0,33380.0,33407.142857142855,32924.666666666664
2015-08-16,33410.0,33390.0,33470.0,33410.0,Sunday,False,0.0002994011976047,33400.0,33450.0,33390.0,33410.0,32961.333333333336
2015-08-17,33480.0,33410.0,33580.0,33410.0,Monday,False,0.0,33410.0,33450.0,33360.0,33412.857142857145,32998.333333333336
2015-08-18,33450.0,33450.0,33710.0,33550.0,Tuesday,False,0.0041903621670158,33410.0,33400.0,33360.0,33420.0,33035.333333333336
2015-08-19,33590.0,33460.0,33620.0,33460.0,Wednesday,False,-0.002682563338301,33550.0,33410.0,33460.0,33447.142857142855,33077.0
2015-08-20,33580.0,33490.0,33600.0,33490.0,Thursday,False,0.0008965929468021,33460.0,33410.0,33450.0,33447.142857142855,33115.666666666664
2015-08-21,33580.0,33490.0,33600.0,33490.0,Friday,True,0.0,33490.0,33550.0,33450.0,33452.857142857145,33153.666666666664
2015-08-22,33500.0,33480.0,33630.0,33480.0,Saturday,False,-0.0002985965959988,33490.0,33460.0,33400.0,33458.57142857143,33190.333333333336
2015-08-23,33660.0,33500.0,33720.0,33500.0,Sunday,False,0.0005973715651135,33480.0,33490.0,33410.0,33470.0,33227.0
2015-08-24,33680.0,33550.0,33760.0,33550.0,Monday,False,0.0014925373134329,33500.0,33490.0,33410.0,33482.857142857145,33264.333333333336
2015-08-25,33730.0,33580.0,33810.0,33650.0,Tuesday,False,0.0029806259314455,33550.0,33480.0,33550.0,33502.857142857145,33297.0
2015-08-26,33860.0,33630.0,34070.0,33630.0,Wednesday,False,-0.000594353640416,33650.0,33500.0,33460.0,33517.142857142855,33320.333333333336
2015-08-27,33690.0,33550.0,34000.0,33550.0,Thursday,False,-0.0023788284269996,33630.0,33550.0,33490.0,33541.42857142857,33344.666666666664
2015-08-28,33690.0,33550.0,34000.0,33550.0,Friday,True,0.0,33550.0,33650.0,33490.0,33550.0,33363.666666666664
2015-08-29,33870.0,33590.0,33930.0,33590.0,Saturday,False,0.0011922503725783,33550.0,33630.0,33480.0,33558.57142857143,33381.0
2015-08-30,33780.0,33670.0,33890.0,33670.0,Sunday,False,0.002381661208693,33590.0,33550.0,33500.0,33574.28571428572,33400.666666666664
2015-08-31,34020.0,33770.0,34100.0,33770.0,Monday,False,0.002970002970003,33670.0,33550.0,33550.0,33598.57142857143,33423.0
2015-09-01,34030.0,33960.0,34120.0,34000.0,Tuesday,False,0.0068107787977493,33770.0,33590.0,33650.0,33630.0,33444.0
2015-09-02,34160.0,33980.0,34160.0,33980.0,Wednesday,False,-0.0005882352941176,34000.0,33670.0,33630.0,33680.0,33472.333333333336
2015-09-03,34000.0,33850.0,34050.0,33850.0,Thursday,False,-0.003825779870512,33980.0,33770.0,33550.0,33730.0,33499.666666666664
2015-09-04,34000.0,33850.0,34050.0,33850.0,Friday,True,0.0,33850.0,34000.0,33550.0,33772.857142857145,33520.0
2015-09-05,34120.0,33830.0,34120.0,33830.0,Saturday,False,-0.0005908419497784,33850.0,33980.0,33590.0,33815.71428571428,33539.333333333336
2015-09-06,33920.0,33920.0,34270.0,33970.0,Sunday,False,0.0041383387525864,33830.0,33850.0,33670.0,33850.0,33558.666666666664
2015-09-07,34220.0,33890.0,34270.0,33890.0,Monday,False,-0.0023550191345305,33970.0,33850.0,33770.0,33892.857142857145,33582.666666666664
2015-09-08,34150.0,33830.0,34370.0,33830.0,Tuesday,False,-0.0017704337562702,33890.0,33830.0,34000.0,33910.0,33599.666666666664
2015-09-09,34220.0,33830.0,34320.0,33850.0,Wednesday,False,0.0005911912503695,33830.0,33970.0,33980.0,33885.71428571428,33614.333333333336
2015-09-10,33920.0,33850.0,34300.0,33850.0,Thursday,False,0.0,33850.0,33890.0,33850.0,33867.142857142855,33630.666666666664
2015-09-11,33920.0,33850.0,34300.0,33850.0,Friday,True,0.0,33850.0,33830.0,33850.0,33867.142857142855,33647.0
2015-09-12,34370.0,33900.0,34500.0,33900.0,Saturday,False,0.0014771048744461,33850.0,33850.0,33830.0,33867.142857142855,33660.0
2015-09-13,34040.0,33980.0,34560.0,33980.0,Sunday,False,0.0023598820058996,33900.0,33850.0,33970.0,33877.142857142855,33675.0
2015-09-14,34130.0,34130.0,34750.0,34200.0,Monday,False,0.0064743967039435,33980.0,33850.0,33890.0,33878.57142857143,33692.666666666664
2015-09-15,34340.0,33950.0,34920.0,33950.0,Tuesday,False,-0.0073099415204678,34200.0,33900.0,33830.0,33922.857142857145,33719.333333333336
2015-09-16,34510.0,33930.0,34510.0,33930.0,Wednesday,False,-0.0005891016200294,33950.0,33980.0,33850.0,33940.0,33737.333333333336
2015-09-17,33990.0,33850.0,33990.0,33850.0,Thursday,False,-0.0023577954612437,33930.0,34200.0,33850.0,33951.42857142857,33754.666666666664
2015-09-18,33990.0,33850.0,33990.0,33850.0,Friday,True,0.0,33850.0,33950.0,33850.0,33951.42857142857,33764.666666666664
2015-09-19,33980.0,33850.0,34000.0,33850.0,Saturday,False,0.0,33850.0,33930.0,33900.0,33951.42857142857,33777.666666666664
2015-09-20,34020.0,33830.0,34040.0,33830.0,Sunday,False,-0.0005908419497784,33850.0,33850.0,33980.0,33944.28571428572,33789.666666666664
2015-09-21,33820.0,33720.0,33820.0,33720.0,Monday,False,-0.0032515518770321,33830.0,33850.0,34200.0,33922.857142857145,33801.0
2015-09-22,34020.0,33880.0,34080.0,33880.0,Tuesday,False,0.0047449584816132,33720.0,33850.0,33950.0,33854.28571428572,33809.0
2015-09-23,33900.0,33850.0,33950.0,33850.0,Wednesday,False,-0.0008854781582053,33880.0,33830.0,33930.0,33844.28571428572,33821.666666666664
2015-09-24,33900.0,33850.0,33950.0,33850.0,Thursday,True,0.0,33850.0,33720.0,33850.0,33832.857142857145,33831.666666666664
2015-09-25,33900.0,33850.0,33950.0,33850.0,Friday,True,0.0,33850.0,33880.0,33850.0,33832.857142857145,33838.333333333336
2015-09-26,33950.0,33840.0,33970.0,33840.0,Saturday,False,-0.0002954209748892,33850.0,33850.0,33850.0,33832.857142857145,33845.666666666664
2015-09-27,33910.0,33910.0,34200.0,33930.0,Sunday,False,0.002659574468085,33840.0,33850.0,33830.0,33831.42857142857,33855.333333333336
2015-09-28,34010.0,33920.0,34200.0,33920.0,Monday,False,-0.0002947244326554,33930.0,33850.0,33720.0,33845.71428571428,33868.0
2015-09-29,34170.0,33950.0,34250.0,34090.0,Tuesday,False,0.0050117924528301,33920.0,33840.0,33880.0,33874.28571428572,33879.0
2015-09-30,34650.0,34090.0,34650.0,34090.0,Wednesday,False,0.0,34090.0,33930.0,33850.0,33904.28571428572,33893.0
2015-10-01,34290.0,34050.0,34520.0,34050.0,Thursday,False,-0.0011733646230566,34090.0,33920.0,33850.0,33938.57142857143,33903.666666666664
2015-10-02,34290.0,34050.0,34520.0,34050.0,Friday,True,0.0,34050.0,34090.0,33850.0,33967.142857142855,33905.333333333336
2015-10-03,34370.0,34090.0,34610.0,34090.0,Saturday,False,0.0011747430249633,34050.0,34090.0,33840.0,33995.71428571428,33907.666666666664
2015-10-04,34450.0,33950.0,34450.0,33950.0,Sunday,False,-0.0041067761806981,34090.0,34050.0,33930.0,34031.42857142857,33915.666666666664
2015-10-05,34230.0,33990.0,34500.0,33990.0,Monday,False,0.0011782032400589,33950.0,34050.0,33920.0,34034.28571428572,33919.0
2015-10-06,34160.0,33990.0,34850.0,33990.0,Tuesday,False,0.0,33990.0,34090.0,34090.0,34044.28571428572,33924.333333333336
2015-10-07,34560.0,33990.0,34750.0,33990.0,Wednesday,False,0.0,33990.0,33950.0,34090.0,34030.0,33925.0
2015-10-08,34400.0,33980.0,34790.0,33980.0,Thursday,False,-0.0002942041776993,33990.0,33990.0,34050.0,34015.71428571428,33928.333333333336
2015-10-09,34400.0,33980.0,34790.0,33980.0,Friday,True,0.0,33980.0,33990.0,34050.0,34005.71428571428,33933.333333333336
2015-10-10,34140.0,33980.0,34790.0,33980.0,Saturday,False,0.0,33980.0,33990.0,34090.0,33995.71428571428,33937.666666666664
2015-10-11,34400.0,33900.0,34650.0,33900.0,Sunday,False,-0.0023543260741613,33980.0,33980.0,33950.0,33980.0,33942.0
2015-10-12,34700.0,33890.0,34700.0,33890.0,Monday,False,-0.0002949852507374,33900.0,33980.0,33990.0,33972.857142857145,33943.666666666664
2015-10-13,34420.0,33880.0,34550.0,33880.0,Tuesday,False,-0.0002950722927117,33890.0,33980.0,33990.0,33958.57142857143,33943.333333333336
2015-10-14,33950.0,33880.0,34670.0,33890.0,Wednesday,False,0.0002951593860684,33880.0,33900.0,33990.0,33942.857142857145,33940.0
2015-10-15,34530.0,33880.0,34600.0,33880.0,Thursday,False,-0.0002950722927117,33890.0,33890.0,33980.0,33928.57142857143,33929.666666666664
2015-10-16,34530.0,33880.0,34600.0,33880.0,Friday,True,0.0,33880.0,33880.0,33980.0,33914.28571428572,33927.333333333336
2015-10-17,34450.0,33870.0,34530.0,33870.0,Saturday,False,-0.0002951593860684,33880.0,33890.0,33980.0,33900.0,33925.666666666664
2015-10-18,34390.0,33870.0,34390.0,33870.0,Sunday,False,0.0,33870.0,33880.0,33900.0,33884.28571428572,33926.333333333336
2015-10-19,34330.0,33810.0,34350.0,33810.0,Monday,False,-0.0017714791851195,33870.0,33880.0,33890.0,33880.0,33927.0
2015-10-20,34190.0,33810.0,34290.0,33810.0,Tuesday,False,0.0,33810.0,33870.0,33880.0,33868.57142857143,33925.666666666664
2015-10-21,34270.0,33830.0,34390.0,33830.0,Wednesday,False,0.0005915409642118,33810.0,33870.0,33890.0,33858.57142857143,33925.0
2015-10-22,34410.0,33850.0,34540.0,33850.0,Thursday,False,0.0005911912503695,33830.0,33810.0,33880.0,33850.0,33928.666666666664
2015-10-23,34410.0,33850.0,34540.0,33850.0,Friday,True,0.0,33850.0,33810.0,33880.0,33845.71428571428,33927.666666666664
2015-10-24,34410.0,33850.0,34540.0,33850.0,Saturday,True,0.0,33850.0,33830.0,33870.0,33841.42857142857,33927.666666666664
2015-10-25,34010.0,33850.0,34600.0,33850.0,Sunday,False,0.0,33850.0,33850.0,33870.0,33838.57142857143,33927.666666666664
2015-10-26,34410.0,33880.0,34550.0,33880.0,Monday,False,0.0008862629246677,33850.0,33850.0,33810.0,33835.71428571428,33927.666666666664
2015-10-27,34040.0,33890.0,34790.0,33890.0,Tuesday,False,0.0002951593860684,33880.0,33850.0,33810.0,33845.71428571428,33929.0
2015-10-28,34340.0,33900.0,34900.0,33900.0,Wednesday,False,0.0002950722927117,33890.0,33850.0,33830.0,33857.142857142855,33927.666666666664
2015-10-29,34090.0,33890.0,34850.0,33890.0,Thursday,False,-0.0002949852507374,33900.0,33880.0,33850.0,33867.142857142855,33927.0
2015-10-30,34090.0,33890.0,34850.0,33890.0,Friday,True,0.0,33890.0,33890.0,33850.0,33872.857142857145,33920.333333333336
2015-10-31,34080.0,33890.0,34820.0,33890.0,Saturday,False,0.0,33890.0,33900.0,33850.0,33878.57142857143,33913.666666666664
2015-11-01,34980.0,33950.0,34980.0,33950.0,Sunday,False,0.0017704337562702,33890.0,33890.0,33850.0,33884.28571428572,33908.333333333336
2015-11-02,34150.0,33940.0,34980.0,33940.0,Monday,False,-0.0002945508100147,33950.0,33890.0,33880.0,33898.57142857143,33905.0
2015-11-03,34550.0,33940.0,34950.0,33940.0,Tuesday,False,0.0,33940.0,33890.0,33890.0,33907.142857142855,33900.0
2015-11-04,34990.0,33930.0,34990.0,33930.0,Wednesday,False,-0.0002946375957572,33940.0,33950.0,33900.0,33914.28571428572,33899.666666666664
2015-11-05,34950.0,33890.0,34950.0,33890.0,Thursday,False,-0.0011788977306218,33930.0,33940.0,33890.0,33918.57142857143,33897.666666666664
2015-11-06,34950.0,33890.0,34950.0,33890.0,Friday,True,0.0,33890.0,33940.0,33890.0,33918.57142857143,33894.333333333336
2015-11-07,34950.0,33930.0,34970.0,33930.0,Saturday,False,0.0011802891708467,33890.0,33930.0,33890.0,33918.57142857143,33891.0
2015-11-08,35080.0,33950.0,35120.0,33950.0,Sunday,False,0.0005894488653108,33930.0,33890.0,33950.0,33924.28571428572,33889.333333333336
2015-11-09,34200.0,33960.0,35350.0,33960.0,Monday,False,0.0002945508100147,33950.0,33890.0,33940.0,33924.28571428572,33888.333333333336
2015-11-10,35190.0,33950.0,35500.0,33950.0,Tuesday,False,-0.0002944640753828,33960.0,33930.0,33940.0,33927.142857142855,33887.666666666664
2015-11-11,35070.0,33940.0,35350.0,33940.0,Wednesday,False,-0.0002945508100147,33950.0,33950.0,33930.0,33928.57142857143,33889.333333333336
2015-11-12,34790.0,33930.0,35450.0,33930.0,Thursday,False,-0.0002946375957572,33940.0,33960.0,33890.0,33930.0,33891.0
2015-11-13,34790.0,33930.0,35450.0,33930.0,Friday,True,0.0,33930.0,33950.0,33890.0,33935.71428571428,33892.666666666664
2015-11-14,35580.0,33990.0,35650.0,33990.0,Saturday,False,0.0017683465959328,33930.0,33940.0,33930.0,33941.42857142857,33894.0
2015-11-15,34330.0,33940.0,35700.0,33940.0,Sunday,False,-0.0014710208884965,33990.0,33930.0,33950.0,33950.0,33897.666666666664
2015-11-16,35590.0,33940.0,35590.0,33940.0,Monday,False,0.0,33940.0,33930.0,33960.0,33948.57142857143,33899.666666666664
2015-11-17,34260.0,33940.0,35530.0,33940.0,Tuesday,False,0.0,33940.0,33990.0,33950.0,33945.71428571428,33902.0
2015-11-18,34270.0,33930.0,35590.0,33930.0,Wednesday,False,-0.0002946375957572,33940.0,33940.0,33940.0,33944.28571428572,33904.333333333336
2015-11-19,35610.0,33930.0,35610.0,33930.0,Thursday,False,0.0,33930.0,33940.0,33930.0,33942.857142857145,33908.333333333336
2015-11-20,35610.0,33930.0,35610.0,33930.0,Friday,True,0.0,33930.0,33940.0,33930.0,33942.857142857145,33912.333333333336
2015-11-21,34590.0,33930.0,35570.0,33930.0,Saturday,False,0.0,33930.0,33930.0,33990.0,33942.857142857145,33915.666666666664
2015-11-22,34900.0,33940.0,35690.0,33940.0,Sunday,False,0.0002947244326554,33930.0,33930.0,33940.0,33934.28571428572,33918.333333333336
2015-11-23,35750.0,33940.0,35750.0,33940.0,Monday,False,0.0,33940.0,33930.0,33940.0,33934.28571428572,33921.333333333336
2015-11-24,35420.0,33980.0,35810.0,33980.0,Tuesday,False,0.0011785503830288,33940.0,33930.0,33940.0,33934.28571428572,33924.333333333336
2015-11-25,35870.0,33990.0,35930.0,33990.0,Wednesday,False,0.0002942907592702,33980.0,33940.0,33930.0,33940.0,33928.666666666664
2015-11-26,35990.0,33920.0,35990.0,33920.0,Thursday,False,-0.0020594292438952,33990.0,33940.0,33930.0,33948.57142857143,33932.333333333336
2015-11-27,33930.0,33930.0,33930.0,33930.0,Friday,False,0.0002948113207548,33920.0,33980.0,33930.0,33947.142857142855,33933.333333333336
2015-11-28,33920.0,33920.0,36390.0,33990.0,Saturday,False,0.0017683465959328,33930.0,33990.0,33930.0,33947.142857142855,33934.333333333336
2015-11-29,36530.0,33990.0,36530.0,33990.0,Sunday,False,0.0,33990.0,33920.0,33940.0,33955.71428571428,33937.666666666664
2015-11-30,35080.0,33990.0,35830.0,33990.0,Monday,False,0.0,33990.0,33930.0,33940.0,33962.857142857145,33941.0
2015-12-01,34170.0,33990.0,36470.0,33990.0,Tuesday,False,0.0,33990.0,33990.0,33980.0,33970.0,33944.333333333336
2015-12-02,34170.0,33990.0,36470.0,33990.0,Wednesday,True,0.0,33990.0,33990.0,33990.0,33971.42857142857,33945.666666666664
2015-12-03,34330.0,33970.0,36350.0,33970.0,Thursday,False,-0.0005884083553986,33990.0,33990.0,33920.0,33971.42857142857,33947.333333333336
2015-12-04,34330.0,33970.0,36350.0,33970.0,Friday,True,0.0,33970.0,33990.0,33930.0,33978.57142857143,33948.333333333336
2015-12-05,36190.0,33970.0,36190.0,33970.0,Saturday,False,0.0,33970.0,33990.0,33990.0,33984.28571428572,33949.666666666664
2015-12-06,36000.0,33970.0,36000.0,33970.0,Sunday,False,0.0,33970.0,33970.0,33990.0,33981.42857142857,33952.333333333336
2015-12-07,35780.0,33960.0,36390.0,33960.0,Monday,False,-0.0002943773918162,33970.0,33970.0,33990.0,33978.57142857143,33955.0
2015-12-08,36200.0,33960.0,36200.0,33960.0,Tuesday,False,0.0,33960.0,33970.0,33990.0,33974.28571428572,33956.0
2015-12-09,34450.0,33950.0,36400.0,33950.0,Wednesday,False,-0.0002944640753828,33960.0,33970.0,33990.0,33970.0,33956.333333333336
2015-12-10,34450.0,33950.0,36400.0,33950.0,Thursday,True,0.0,33950.0,33960.0,33970.0,33964.28571428572,33956.0
2015-12-11,34450.0,33950.0,36400.0,33950.0,Friday,True,0.0,33950.0,33960.0,33970.0,33961.42857142857,33956.0
2015-12-12,34450.0,33950.0,36400.0,33950.0,Saturday,True,0.0,33950.0,33950.0,33970.0,33958.57142857143,33956.333333333336
2015-12-13,36250.0,33940.0,36290.0,33940.0,Sunday,False,-0.0002945508100147,33950.0,33950.0,33970.0,33955.71428571428,33957.0
2015-12-14,36240.0,33940.0,36290.0,33940.0,Monday,False,0.0,33940.0,33950.0,33960.0,33951.42857142857,33957.333333333336
2015-12-15,34300.0,33940.0,36100.0,33940.0,Tuesday,False,0.0,33940.0,33950.0,33960.0,33948.57142857143,33955.666666666664
2015-12-16,34320.0,33970.0,36230.0,33970.0,Wednesday,False,0.0008839127872717,33940.0,33940.0,33950.0,33945.71428571428,33955.666666666664
2015-12-17,34390.0,33890.0,36450.0,33890.0,Thursday,False,-0.0023550191345305,33970.0,33940.0,33950.0,33948.57142857143,33956.666666666664
2015-12-18,34390.0,33890.0,36450.0,33890.0,Friday,True,0.0,33890.0,33940.0,33950.0,33940.0,33955.0
2015-12-19,34300.0,33800.0,36340.0,33800.0,Saturday,False,-0.0026556506344054,33890.0,33970.0,33950.0,33931.42857142857,33953.666666666664
2015-12-20,34040.0,33850.0,36190.0,33850.0,Sunday,False,0.0014792899408284,33800.0,33890.0,33940.0,33910.0,33949.333333333336
2015-12-21,34100.0,33840.0,36340.0,33840.0,Monday,False,-0.0002954209748892,33850.0,33890.0,33940.0,33897.142857142855,33946.666666666664
2015-12-22,36290.0,33860.0,36400.0,33860.0,Tuesday,False,0.0005910165484632,33840.0,33800.0,33940.0,33882.857142857145,33943.666666666664
2015-12-23,34120.0,33870.0,36530.0,33870.0,Wednesday,False,0.0002953337271116,33860.0,33850.0,33970.0,33871.42857142857,33941.0
2015-12-24,34140.0,33880.0,36580.0,33880.0,Thursday,False,0.0002952465308532,33870.0,33840.0,33890.0,33857.142857142855,33938.666666666664
2015-12-25,34140.0,33880.0,36580.0,33880.0,Friday,True,0.0,33880.0,33860.0,33890.0,33855.71428571428,33935.333333333336
2015-12-26,34160.0,33800.0,34160.0,33850.0,Saturday,False,-0.0008854781582053,33880.0,33870.0,33800.0,33854.28571428572,33931.666666666664
2015-12-27,34120.0,33800.0,36590.0,33800.0,Sunday,False,-0.001477104874446,33850.0,33880.0,33850.0,33861.42857142857,33929.333333333336
2015-12-28,34070.0,33800.0,36520.0,33800.0,Monday,False,0.0,33800.0,33880.0,33840.0,33854.28571428572,33925.0
2015-12-29,34070.0,33800.0,36520.0,33800.0,Tuesday,True,0.0,33800.0,33850.0,33860.0,33848.57142857143,33918.666666666664
2015-12-30,34070.0,33830.0,36520.0,33830.0,Wednesday,False,0.0008875739644971,33800.0,33800.0,33870.0,33840.0,33912.333333333336
2015-12-31,35150.0,33870.0,36720.0,33870.0,Thursday,False,0.001182382500739,33830.0,33800.0,33880.0,33834.28571428572,33907.0
2016-01-01,35150.0,33870.0,36720.0,33870.0,Friday,True,0.0,33870.0,33800.0,33880.0,33832.857142857145,33903.0
2016-01-02,35650.0,33840.0,35650.0,33840.0,Saturday,False,-0.0008857395925597,33870.0,33830.0,33850.0,33831.42857142857,33899.0
2016-01-03,36560.0,33840.0,36580.0,33840.0,Sunday,False,0.0,33840.0,33870.0,33800.0,33830.0,33894.666666666664
2016-01-04,34120.0,33840.0,36660.0,33890.0,Monday,False,0.0014775413711582,33840.0,33870.0,33800.0,33835.71428571428,33890.333333333336
2016-01-05,34180.0,33940.0,36230.0,33940.0,Tuesday,False,0.0014753614635585,33890.0,33840.0,33800.0,33848.57142857143,33887.666666666664
2016-01-06,34240.0,33940.0,36950.0,33940.0,Wednesday,False,0.0,33940.0,33840.0,33830.0,33868.57142857143,33886.666666666664
2016-01-07,34230.0,33940.0,36280.0,33940.0,Thursday,False,0.0,33940.0,33890.0,33870.0,33884.28571428572,33886.0
2016-01-08,34230.0,33940.0,36280.0,33940.0,Friday,True,0.0,33940.0,33940.0,33870.0,33894.28571428572,33885.333333333336
2016-01-09,34250.0,33990.0,36280.0,33990.0,Saturday,False,0.0014731879787861,33940.0,33940.0,33840.0,33904.28571428572,33885.0
2016-01-10,34310.0,33950.0,37210.0,33950.0,Sunday,False,-0.0011768167107972,33990.0,33940.0,33840.0,33925.71428571428,33886.333333333336
2016-01-11,34250.0,33890.0,36990.0,33890.0,Monday,False,-0.0017673048600883,33950.0,33940.0,33890.0,33941.42857142857,33886.333333333336
2016-01-12,34180.0,33880.0,36490.0,33880.0,Tuesday,False,-0.0002950722927117,33890.0,33990.0,33940.0,33941.42857142857,33884.333333333336
2016-01-13,34160.0,33870.0,36690.0,33870.0,Wednesday,False,-0.0002951593860684,33880.0,33950.0,33940.0,33932.857142857145,33882.333333333336
2016-01-14,34120.0,33850.0,36160.0,33850.0,Thursday,False,-0.0005904930617065,33870.0,33890.0,33940.0,33922.857142857145,33880.0
2016-01-15,34120.0,33850.0,36160.0,33850.0,Friday,True,0.0,33850.0,33880.0,33940.0,33910.0,33877.0
2016-01-16,36200.0,33840.0,36200.0,33840.0,Saturday,False,-0.0002954209748892,33850.0,33870.0,33990.0,33897.142857142855,33873.0
2016-01-17,35850.0,33840.0,36090.0,33840.0,Sunday,False,0.0,33840.0,33850.0,33950.0,33875.71428571428,33871.333333333336
2016-01-18,36020.0,33840.0,36020.0,33840.0,Monday,False,0.0,33840.0,33850.0,33890.0,33860.0,33869.666666666664
2016-01-19,35850.0,33830.0,35960.0,33830.0,Tuesday,False,-0.0002955082742316,33840.0,33840.0,33880.0,33852.857142857145,33871.0
2016-01-20,35850.0,33840.0,35850.0,33840.0,Wednesday,False,0.0002955956251846,33830.0,33840.0,33870.0,33845.71428571428,33870.333333333336
2016-01-21,35040.0,33830.0,35040.0,33830.0,Thursday,False,-0.0002955082742316,33840.0,33840.0,33850.0,33841.42857142857,33870.333333333336
2016-01-22,35040.0,33830.0,35040.0,33830.0,Friday,True,0.0,33830.0,33830.0,33850.0,33838.57142857143,33869.333333333336
2016-01-23,36280.0,33870.0,36280.0,33870.0,Saturday,False,0.001182382500739,33830.0,33840.0,33840.0,33835.71428571428,33868.0
2016-01-24,35890.0,33870.0,36470.0,33870.0,Sunday,False,0.0,33870.0,33830.0,33840.0,33840.0,33867.666666666664
2016-01-25,35880.0,33850.0,36340.0,33850.0,Monday,False,-0.0005904930617065,33870.0,33830.0,33840.0,33844.28571428572,33867.333333333336
2016-01-26,36430.0,33850.0,36430.0,33850.0,Tuesday,False,0.0,33850.0,33870.0,33830.0,33845.71428571428,33867.333333333336
2016-01-27,36500.0,33840.0,36500.0,33840.0,Wednesday,False,-0.0002954209748892,33850.0,33870.0,33840.0,33848.57142857143,33869.0
2016-01-28,35860.0,33840.0,36270.0,33840.0,Thursday,False,0.0,33840.0,33850.0,33830.0,33848.57142857143,33870.333333333336
2016-01-29,35860.0,33840.0,36270.0,33840.0,Friday,True,0.0,33840.0,33850.0,33830.0,33850.0,33871.666666666664
2016-01-30,34640.0,33820.0,36260.0,33820.0,Saturday,False,-0.0005910165484633,33840.0,33840.0,33870.0,33851.42857142857,33872.0
2016-01-31,36050.0,33840.0,36050.0,33840.0,Sunday,False,0.0005913660555885,33820.0,33840.0,33870.0,33844.28571428572,33870.333333333336
2016-02-01,36250.0,33830.0,36250.0,33830.0,Monday,False,-0.0002955082742316,33840.0,33840.0,33850.0,33840.0,33869.333333333336
2016-02-02,35570.0,33830.0,36180.0,33830.0,Tuesday,False,0.0,33830.0,33820.0,33850.0,33837.142857142855,33869.0
2016-02-03,34430.0,33820.0,36220.0,33820.0,Wednesday,False,-0.0002955956251847,33830.0,33840.0,33840.0,33834.28571428572,33868.666666666664
2016-02-04,34260.0,33820.0,35990.0,33820.0,Thursday,False,0.0,33820.0,33830.0,33840.0,33831.42857142857,33866.333333333336
2016-02-05,34260.0,33820.0,35990.0,33820.0,Friday,True,0.0,33820.0,33830.0,33840.0,33828.57142857143,33862.333333333336
2016-02-06,34330.0,33810.0,35850.0,33810.0,Saturday,False,-0.0002956830277942,33820.0,33820.0,33820.0,33825.71428571428,33858.333333333336
2016-02-07,34270.0,33800.0,35640.0,33800.0,Sunday,False,-0.0002957704821059,33810.0,33820.0,33840.0,33824.28571428572,33854.0
2016-02-08,35360.0,33800.0,35600.0,33800.0,Monday,False,0.0,33800.0,33820.0,33830.0,33818.57142857143,33849.333333333336
2016-02-09,34210.0,33800.0,35440.0,33800.0,Tuesday,False,0.0,33800.0,33810.0,33830.0,33814.28571428572,33843.0
2016-02-10,34100.0,33800.0,35000.0,33800.0,Wednesday,False,0.0,33800.0,33800.0,33820.0,33810.0,33838.0
2016-02-11,34100.0,33800.0,35000.0,33800.0,Thursday,True,0.0,33800.0,33800.0,33820.0,33807.142857142855,33835.0
2016-02-12,34100.0,33800.0,35000.0,33800.0,Friday,True,0.0,33800.0,33800.0,33820.0,33804.28571428572,33832.333333333336
2016-02-13,34660.0,33800.0,34970.0,33800.0,Saturday,False,0.0,33800.0,33800.0,33810.0,33801.42857142857,33830.0
2016-02-14,34590.0,33800.0,34620.0,33800.0,Sunday,False,0.0,33800.0,33800.0,33800.0,33800.0,33828.333333333336
2016-02-15,34000.0,33840.0,34540.0,33840.0,Monday,False,0.0011834319526626,33800.0,33800.0,33800.0,33800.0,33826.666666666664
2016-02-16,33960.0,33960.0,34430.0,34430.0,Tuesday,False,0.0174349881796689,33840.0,33800.0,33800.0,33805.71428571428,33826.666666666664
2016-02-17,34560.0,34560.0,34690.0,34620.0,Wednesday,False,0.0055184432181236,34430.0,33800.0,33800.0,33895.71428571428,33846.333333333336
2016-02-18,34820.0,34710.0,34890.0,34710.0,Thursday,False,0.0025996533795493,34620.0,33840.0,33800.0,34012.857142857145,33872.333333333336
2016-02-19,34820.0,34710.0,34890.0,34710.0,Friday,True,0.0,34710.0,34430.0,33800.0,34142.857142857145,33901.666666666664
2016-02-20,34690.0,34450.0,34690.0,34450.0,Saturday,False,-0.0074906367041198,34710.0,34620.0,33800.0,34272.857142857145,33930.666666666664
2016-02-21,34440.0,34370.0,34540.0,34500.0,Sunday,False,0.0014513788098693,34450.0,34710.0,33800.0,34365.71428571428,33951.333333333336
2016-02-22,34540.0,34540.0,34800.0,34540.0,Monday,False,0.001159420289855,34500.0,34710.0,33840.0,34465.71428571428,33973.666666666664
2016-02-23,34550.0,34550.0,34720.0,34650.0,Tuesday,False,0.0031847133757962,34540.0,34450.0,34430.0,34565.71428571428,33996.0
2016-02-24,34660.0,34660.0,34740.0,34680.0,Wednesday,False,0.0008658008658009,34650.0,34500.0,34620.0,34597.142857142855,34022.0
2016-02-25,34890.0,34750.0,34890.0,34750.0,Thursday,False,0.0020184544405996,34680.0,34540.0,34710.0,34605.71428571428,34049.666666666664
2016-02-26,34890.0,34750.0,34890.0,34750.0,Friday,True,0.0,34750.0,34650.0,34710.0,34611.42857142857,34079.666666666664
2016-02-27,34880.0,34850.0,34990.0,34850.0,Saturday,False,0.0028776978417266,34750.0,34680.0,34450.0,34617.142857142855,34110.0
2016-02-28,34810.0,34550.0,34850.0,34550.0,Sunday,False,-0.0086083213773314,34850.0,34750.0,34500.0,34674.28571428572,34143.666666666664
2016-02-29,34580.0,34550.0,34700.0,34550.0,Monday,False,0.0,34550.0,34750.0,34540.0,34681.42857142857,34167.333333333336
2016-03-01,34560.0,34540.0,34620.0,34540.0,Tuesday,False,-0.0002894356005789,34550.0,34850.0,34650.0,34682.857142857145,34191.666666666664
2016-03-02,34660.0,34540.0,34760.0,34540.0,Wednesday,False,0.0,34540.0,34550.0,34680.0,34667.142857142855,34215.0
2016-03-03,34560.0,34450.0,34570.0,34450.0,Thursday,False,-0.0026056745801968,34540.0,34550.0,34750.0,34647.142857142855,34238.666666666664
2016-03-04,34560.0,34450.0,34570.0,34450.0,Friday,True,0.0,34450.0,34540.0,34750.0,34604.28571428572,34259.333333333336
2016-03-05,34430.0,34250.0,34440.0,34250.0,Saturday,False,-0.0058055152394774,34450.0,34540.0,34850.0,34561.42857142857,34280.333333333336
2016-03-06,34260.0,34260.0,34340.0,34340.0,Sunday,False,0.0026277372262772,34250.0,34450.0,34550.0,34475.71428571428,34294.666666666664
2016-03-07,34300.0,34230.0,34330.0,34260.0,Monday,False,-0.0023296447291788,34340.0,34450.0,34550.0,34445.71428571428,34312.0
2016-03-08,34250.0,34050.0,34250.0,34080.0,Tuesday,False,-0.0052539404553415,34260.0,34250.0,34540.0,34404.28571428572,34327.0
2016-03-09,34120.0,34090.0,34270.0,34240.0,Wednesday,False,0.0046948356807512,34080.0,34340.0,34540.0,34338.57142857143,34336.333333333336
2016-03-10,34450.0,34370.0,34460.0,34370.0,Thursday,False,0.0037967289719627,34240.0,34260.0,34450.0,34295.71428571428,34351.0
2016-03-11,34450.0,34370.0,34460.0,34370.0,Friday,True,0.0,34370.0,34080.0,34450.0,34284.28571428572,34370.0
2016-03-12,34290.0,34270.0,34290.0,34270.0,Saturday,False,-0.0029095141111434,34370.0,34240.0,34250.0,34272.857142857145,34389.0
2016-03-13,34290.0,34270.0,34290.0,34270.0,Sunday,True,0.0,34270.0,34370.0,34340.0,34275.71428571428,34404.666666666664
2016-03-14,34180.0,34140.0,34270.0,34180.0,Monday,False,-0.0026262036766852,34270.0,34370.0,34260.0,34265.71428571428,34420.333333333336
2016-03-15,34240.0,34240.0,34310.0,34290.0,Tuesday,False,0.003218256290228,34180.0,34270.0,34080.0,34254.28571428572,34433.0
2016-03-16,34330.0,34300.0,34370.0,34300.0,Wednesday,False,0.0002916302128901,34290.0,34270.0,34240.0,34284.28571428572,34449.333333333336
2016-03-17,34250.0,34250.0,34250.0,34250.0,Thursday,False,-0.0014577259475219,34300.0,34180.0,34370.0,34292.857142857145,34464.666666666664
2016-03-18,34250.0,34250.0,34250.0,34250.0,Friday,True,0.0,34250.0,34290.0,34370.0,34275.71428571428,34458.666666666664
2016-03-19,34250.0,34250.0,34250.0,34250.0,Saturday,True,0.0,34250.0,34300.0,34270.0,34258.57142857143,34446.333333333336
2016-03-20,34250.0,34250.0,34250.0,34250.0,Sunday,True,0.0,34250.0,34250.0,34270.0,34255.71428571428,34431.0
2016-03-21,34250.0,34250.0,34250.0,34250.0,Monday,True,0.0,34250.0,34250.0,34180.0,34252.857142857145,34415.666666666664
2016-03-22,34250.0,34250.0,34250.0,34250.0,Tuesday,True,0.0,34250.0,34250.0,34290.0,34262.857142857145,34409.0
2016-03-23,34250.0,34250.0,34250.0,34250.0,Wednesday,True,0.0,34250.0,34250.0,34300.0,34257.142857142855,34400.666666666664
2016-03-24,34250.0,34250.0,34250.0,34250.0,Thursday,True,0.0,34250.0,34250.0,34250.0,34250.0,34391.0
2016-03-25,34250.0,34250.0,34250.0,34250.0,Friday,True,0.0,34250.0,34250.0,34250.0,34250.0,34377.666666666664
2016-03-26,34300.0,34300.0,34750.0,34680.0,Saturday,False,0.0125547445255473,34250.0,34250.0,34250.0,34250.0,34363.333333333336
2016-03-27,34660.0,34660.0,34670.0,34660.0,Sunday,False,-0.0005767012687427,34680.0,34250.0,34250.0,34311.42857142857,34361.0
2016-03-28,34660.0,34660.0,34670.0,34660.0,Monday,True,0.0,34660.0,34250.0,34250.0,34370.0,34358.0
2016-03-29,34960.0,34960.0,35140.0,35130.0,Tuesday,False,0.0135603000577033,34660.0,34680.0,34250.0,34428.57142857143,34351.666666666664
2016-03-30,34890.0,34820.0,34890.0,34820.0,Wednesday,False,-0.0088243666382009,35130.0,34660.0,34250.0,34554.28571428572,34371.0
2016-03-31,34850.0,34850.0,34850.0,34850.0,Thursday,False,0.0008615738081563,34820.0,34660.0,34250.0,34635.71428571428,34380.0
2016-04-01,34850.0,34850.0,34850.0,34850.0,Friday,True,0.0,34850.0,35130.0,34250.0,34721.42857142857,34390.333333333336
2016-04-02,34890.0,34750.0,34940.0,34750.0,Saturday,False,-0.0028694404591105,34850.0,34820.0,34680.0,34807.142857142855,34400.666666666664
2016-04-03,34720.0,34490.0,34720.0,34490.0,Sunday,False,-0.0074820143884891,34750.0,34850.0,34660.0,34817.142857142855,34410.666666666664
2016-04-04,34500.0,34480.0,34610.0,34500.0,Monday,False,0.0002899391127864,34490.0,34850.0,34660.0,34792.857142857145,34412.0
2016-04-05,34700.0,34700.0,34780.0,34760.0,Tuesday,False,0.0075362318840579,34500.0,34750.0,35130.0,34770.0,34420.333333333336
2016-04-06,34910.0,34690.0,34930.0,34700.0,Wednesday,False,-0.0017261219792865,34760.0,34490.0,34820.0,34717.142857142855,34434.333333333336
2016-04-07,34800.0,34650.0,34800.0,34650.0,Thursday,False,-0.0014409221902017,34700.0,34500.0,34850.0,34700.0,34449.0
2016-04-08,34650.0,34650.0,34650.0,34650.0,Friday,False,0.0,34650.0,34760.0,34850.0,34671.42857142857,34468.0
2016-04-09,34670.0,34670.0,34690.0,34690.0,Saturday,False,0.0011544011544011,34650.0,34700.0,34750.0,34642.857142857145,34481.666666666664
2016-04-10,34760.0,34720.0,34800.0,34720.0,Sunday,False,0.0008648025367541,34690.0,34650.0,34490.0,34634.28571428572,34492.333333333336
2016-04-11,34750.0,34700.0,34750.0,34700.0,Monday,False,-0.0005760368663594,34720.0,34650.0,34500.0,34667.142857142855,34504.0
2016-04-12,34820.0,34690.0,34820.0,34690.0,Tuesday,False,-0.0002881844380403,34700.0,34690.0,34760.0,34695.71428571428,34518.333333333336
2016-04-13,34670.0,34630.0,34690.0,34660.0,Wednesday,False,-0.0008648025367541,34690.0,34720.0,34700.0,34685.71428571428,34532.333333333336
2016-04-14,34650.0,34590.0,34650.0,34620.0,Thursday,False,-0.0011540680900172,34660.0,34700.0,34650.0,34680.0,34548.333333333336
2016-04-15,34650.0,34590.0,34650.0,34620.0,Friday,True,0.0,34620.0,34690.0,34650.0,34675.71428571428,34559.333333333336
2016-04-16,34740.0,34640.0,34740.0,34640.0,Saturday,False,0.000577700751011,34620.0,34660.0,34690.0,34671.42857142857,34570.0
2016-04-17,34700.0,34550.0,34700.0,34550.0,Sunday,False,-0.0025981524249422,34640.0,34620.0,34720.0,34664.28571428572,34583.0
2016-04-18,34590.0,34510.0,34590.0,34510.0,Monday,False,-0.0011577424023154,34550.0,34620.0,34700.0,34640.0,34593.0
2016-04-19,34540.0,34540.0,34640.0,34640.0,Tuesday,False,0.0037670240509997,34510.0,34640.0,34690.0,34612.857142857145,34601.666666666664
2016-04-20,34680.0,34580.0,34680.0,34580.0,Wednesday,False,-0.0017321016166281,34640.0,34550.0,34660.0,34605.71428571428,34614.666666666664
2016-04-21,34680.0,34580.0,34680.0,34580.0,Thursday,True,0.0,34580.0,34510.0,34620.0,34594.28571428572,34625.666666666664
2016-04-22,34680.0,34580.0,34680.0,34580.0,Friday,True,0.0,34580.0,34640.0,34620.0,34588.57142857143,34636.666666666664
2016-04-23,34630.0,34590.0,34630.0,34590.0,Saturday,False,0.0002891844997108,34580.0,34580.0,34640.0,34582.857142857145,34647.666666666664
2016-04-24,34650.0,34650.0,34710.0,34690.0,Sunday,False,0.0028910089621276,34590.0,34580.0,34550.0,34575.71428571428,34659.0
2016-04-25,34700.0,34670.0,34730.0,34670.0,Monday,False,-0.0005765350245027,34690.0,34580.0,34510.0,34595.71428571428,34673.666666666664
2016-04-26,34660.0,34600.0,34660.0,34600.0,Tuesday,False,-0.0020190366310931,34670.0,34590.0,34640.0,34618.57142857143,34673.333333333336
2016-04-27,34650.0,34600.0,34650.0,34600.0,Wednesday,False,0.0,34600.0,34690.0,34580.0,34612.857142857145,34671.333333333336
2016-04-28,34630.0,34570.0,34630.0,34570.0,Thursday,False,-0.0008670520231214,34600.0,34670.0,34580.0,34615.71428571428,34669.333333333336
2016-04-29,34630.0,34570.0,34630.0,34570.0,Friday,True,0.0,34570.0,34600.0,34580.0,34614.28571428572,34650.666666666664
2016-04-30,34560.0,34530.0,34570.0,34550.0,Saturday,False,-0.000578536303153,34570.0,34600.0,34590.0,34612.857142857145,34642.333333333336
2016-05-01,34540.0,34480.0,34540.0,34510.0,Sunday,False,-0.0011577424023154,34550.0,34570.0,34690.0,34607.142857142855,34632.333333333336
2016-05-02,34570.0,34500.0,34620.0,34500.0,Monday,False,-0.0002897710808461,34510.0,34570.0,34670.0,34581.42857142857,34621.0
2016-05-03,34560.0,34470.0,34570.0,34470.0,Tuesday,False,-0.0008695652173913,34500.0,34550.0,34600.0,34557.142857142855,34612.666666666664
2016-05-04,34480.0,34420.0,34480.0,34430.0,Wednesday,False,-0.0011604293588627,34470.0,34510.0,34600.0,34538.57142857143,34612.0
2016-05-05,34480.0,34420.0,34480.0,34430.0,Thursday,True,0.0,34430.0,34500.0,34570.0,34514.28571428572,34609.666666666664
2016-05-06,34480.0,34420.0,34480.0,34430.0,Friday,True,0.0,34430.0,34470.0,34570.0,34494.28571428572,34598.666666666664
2016-05-07,34440.0,34300.0,34440.0,34440.0,Saturday,False,0.0002904443799012,34430.0,34430.0,34550.0,34474.28571428572,34589.666666666664
2016-05-08,34450.0,34420.0,34510.0,34460.0,Sunday,False,0.0005807200929153,34440.0,34430.0,34510.0,34458.57142857143,34582.666666666664
2016-05-09,34450.0,34390.0,34450.0,34450.0,Monday,False,-0.0002901915264074,34460.0,34430.0,34500.0,34451.42857142857,34576.333333333336
2016-05-10,34510.0,34500.0,34540.0,34500.0,Tuesday,False,0.0014513788098693,34450.0,34440.0,34470.0,34444.28571428572,34568.333333333336
2016-05-11,34510.0,34490.0,34580.0,34490.0,Wednesday,False,-0.0002898550724638,34500.0,34460.0,34430.0,34448.57142857143,34561.0
2016-05-12,34500.0,34430.0,34500.0,34430.0,Thursday,False,-0.0017396346767178,34490.0,34450.0,34430.0,34457.142857142855,34554.0
2016-05-13,34500.0,34430.0,34500.0,34430.0,Friday,True,0.0,34430.0,34500.0,34430.0,34457.142857142855,34545.333333333336
2016-05-14,34400.0,34400.0,34400.0,34400.0,Saturday,False,-0.0008713331397037,34430.0,34490.0,34440.0,34457.142857142855,34537.666666666664
2016-05-15,34390.0,34360.0,34420.0,34420.0,Sunday,False,0.0005813953488371,34400.0,34430.0,34460.0,34451.42857142857,34530.333333333336
2016-05-16,34450.0,34390.0,34460.0,34390.0,Monday,False,-0.0008715862870424,34420.0,34430.0,34450.0,34445.71428571428,34523.666666666664
2016-05-17,34410.0,34370.0,34410.0,34370.0,Tuesday,False,-0.0005815644082581,34390.0,34400.0,34500.0,34437.142857142855,34515.333333333336
2016-05-18,34380.0,34350.0,34380.0,34370.0,Wednesday,False,0.0,34370.0,34420.0,34490.0,34418.57142857143,34509.333333333336
2016-05-19,34410.0,34370.0,34420.0,34370.0,Thursday,False,0.0,34370.0,34390.0,34430.0,34401.42857142857,34504.666666666664
2016-05-20,34410.0,34370.0,34420.0,34370.0,Friday,True,0.0,34370.0,34370.0,34430.0,34392.857142857145,34495.666666666664
2016-05-21,34400.0,34390.0,34400.0,34390.0,Saturday,False,0.0005819028222286,34370.0,34370.0,34400.0,34384.28571428572,34488.666666666664
2016-05-22,34400.0,34390.0,34400.0,34390.0,Sunday,True,0.0,34390.0,34370.0,34420.0,34382.857142857145,34482.333333333336
2016-05-23,34400.0,34400.0,34500.0,34490.0,Monday,False,0.002907822041291,34390.0,34370.0,34390.0,34378.57142857143,34476.0
2016-05-24,34540.0,34520.0,34560.0,34550.0,Tuesday,False,0.0017396346767177,34490.0,34390.0,34370.0,34392.857142857145,34472.666666666664
2016-05-25,34640.0,34540.0,34640.0,34540.0,Wednesday,False,-0.0002894356005789,34550.0,34390.0,34370.0,34418.57142857143,34468.0
2016-05-26,34570.0,34550.0,34600.0,34550.0,Thursday,False,0.0002895193977996,34540.0,34490.0,34370.0,34442.857142857145,34463.666666666664
2016-05-27,34570.0,34550.0,34600.0,34550.0,Friday,True,0.0,34550.0,34550.0,34370.0,34468.57142857143,34462.0
2016-05-28,34700.0,34700.0,34840.0,34790.0,Saturday,False,0.0069464544138928,34550.0,34540.0,34390.0,34494.28571428572,34460.333333333336
2016-05-29,34830.0,34690.0,34830.0,34700.0,Sunday,False,-0.0025869502730669,34790.0,34550.0,34390.0,34551.42857142857,34467.666666666664
2016-05-30,34690.0,34580.0,34710.0,34630.0,Monday,False,-0.0020172910662824,34700.0,34550.0,34490.0,34595.71428571428,34472.0
2016-05-31,34650.0,34650.0,34740.0,34650.0,Tuesday,False,0.0005775339301183,34630.0,34790.0,34550.0,34615.71428571428,34474.666666666664
2016-06-01,34630.0,34600.0,34650.0,34650.0,Wednesday,False,0.0,34650.0,34700.0,34540.0,34630.0,34479.333333333336
2016-06-02,34720.0,34710.0,34750.0,34710.0,Thursday,False,0.0017316017316018,34650.0,34630.0,34550.0,34645.71428571428,34484.333333333336
2016-06-03,34700.0,34700.0,34710.0,34710.0,Friday,False,0.0,34710.0,34650.0,34550.0,34668.57142857143,34492.333333333336
2016-06-04,34700.0,34700.0,34710.0,34710.0,Saturday,False,0.0,34710.0,34650.0,34790.0,34691.42857142857,34501.666666666664
2016-06-05,34700.0,34670.0,34700.0,34670.0,Sunday,False,-0.0011524056467876,34710.0,34710.0,34700.0,34680.0,34511.0
2016-06-06,34660.0,34530.0,34660.0,34530.0,Monday,False,-0.0040380732621863,34670.0,34710.0,34630.0,34675.71428571428,34519.0
2016-06-07,34540.0,34540.0,34580.0,34550.0,Tuesday,False,0.0005792064871126,34530.0,34710.0,34650.0,34661.42857142857,34522.0
2016-06-08,34560.0,34520.0,34590.0,34580.0,Wednesday,False,0.0008683068017365,34550.0,34670.0,34650.0,34647.142857142855,34525.0
2016-06-09,34590.0,34590.0,34600.0,34600.0,Thursday,False,0.0005783689994216,34580.0,34530.0,34710.0,34637.142857142855,34529.333333333336
2016-06-10,34590.0,34590.0,34600.0,34600.0,Friday,True,0.0,34600.0,34550.0,34710.0,34621.42857142857,34532.666666666664
2016-06-11,34620.0,34610.0,34660.0,34610.0,Saturday,False,0.0002890173410403,34600.0,34580.0,34710.0,34605.71428571428,34536.333333333336
2016-06-12,34590.0,34580.0,34600.0,34600.0,Sunday,False,-0.0002889338341519,34610.0,34600.0,34670.0,34591.42857142857,34542.333333333336
2016-06-13,34580.0,34530.0,34580.0,34530.0,Monday,False,-0.0020231213872832,34600.0,34600.0,34530.0,34581.42857142857,34548.0
2016-06-14,34560.0,34560.0,34600.0,34590.0,Tuesday,False,0.0017376194613378,34530.0,34610.0,34550.0,34581.42857142857,34552.333333333336
2016-06-15,34580.0,34580.0,34640.0,34600.0,Wednesday,False,0.0002891008962127,34590.0,34600.0,34580.0,34587.142857142855,34558.0
2016-06-16,34590.0,34550.0,34590.0,34550.0,Thursday,False,-0.0014450867052022,34600.0,34530.0,34600.0,34590.0,34565.0
2016-06-17,34590.0,34550.0,34590.0,34550.0,Friday,True,0.0,34550.0,34590.0,34600.0,34582.857142857145,34571.0
2016-06-18,34540.0,34540.0,34540.0,34540.0,Saturday,False,-0.0002894356005789,34550.0,34600.0,34610.0,34575.71428571428,34577.0
2016-06-19,34560.0,34540.0,34570.0,34540.0,Sunday,False,0.0,34540.0,34550.0,34600.0,34565.71428571428,34582.666666666664
2016-06-20,34550.0,34550.0,34580.0,34550.0,Monday,False,0.0002895193977996,34540.0,34550.0,34530.0,34557.142857142855,34588.333333333336
2016-06-21,34570.0,34570.0,34610.0,34600.0,Tuesday,False,0.0014471780028944,34550.0,34540.0,34590.0,34560.0,34593.666666666664
2016-06-22,34620.0,34620.0,34650.0,34630.0,Wednesday,False,0.0008670520231213,34600.0,34540.0,34600.0,34561.42857142857,34600.666666666664
2016-06-23,34620.0,34620.0,34650.0,34630.0,Thursday,True,0.0,34630.0,34550.0,34550.0,34565.71428571428,34605.333333333336
2016-06-24,34620.0,34620.0,34650.0,34630.0,Friday,True,0.0,34630.0,34600.0,34550.0,34577.142857142855,34608.0
2016-06-25,34550.0,34550.0,34610.0,34610.0,Saturday,False,-0.0005775339301183,34630.0,34630.0,34540.0,34588.57142857143,34611.0
2016-06-26,34710.0,34710.0,34890.0,34850.0,Sunday,False,0.0069344120196475,34610.0,34630.0,34540.0,34598.57142857143,34613.0
2016-06-27,34710.0,34710.0,34890.0,34850.0,Monday,True,0.0,34850.0,34630.0,34550.0,34642.857142857145,34623.0
2016-06-28,34870.0,34870.0,35000.0,34890.0,Tuesday,False,0.0011477761836442,34850.0,34610.0,34600.0,34685.71428571428,34625.0
2016-06-29,34910.0,34910.0,35190.0,35190.0,Wednesday,False,0.0085984522785897,34890.0,34850.0,34630.0,34727.142857142855,34631.333333333336
2016-06-30,35310.0,35290.0,35370.0,35290.0,Thursday,False,0.0028417163967036,35190.0,34850.0,34630.0,34807.142857142855,34650.0
2016-07-01,35310.0,35290.0,35370.0,35290.0,Friday,True,0.0,35290.0,34890.0,34630.0,34901.42857142857,34671.333333333336
2016-07-02,35340.0,35110.0,35350.0,35160.0,Saturday,False,-0.0036837631056956,35290.0,35190.0,34610.0,34995.71428571428,34692.666666666664
2016-07-03,35120.0,34790.0,35120.0,34790.0,Sunday,False,-0.010523321956769,35160.0,35290.0,34850.0,35074.28571428572,34707.666666666664
2016-07-04,34830.0,34680.0,34880.0,34870.0,Monday,False,0.0022995113538373,34790.0,35290.0,34850.0,35065.71428571428,34710.333333333336
2016-07-05,34930.0,34780.0,34930.0,34870.0,Tuesday,False,0.0,34870.0,35160.0,34890.0,35068.57142857143,34715.666666666664
2016-07-06,34930.0,34780.0,34930.0,34870.0,Wednesday,True,0.0,34870.0,34790.0,35190.0,35065.71428571428,34722.333333333336
2016-07-07,34930.0,34780.0,34930.0,34870.0,Thursday,True,0.0,34870.0,34870.0,35290.0,35020.0,34733.666666666664
2016-07-08,34930.0,34780.0,34930.0,34870.0,Friday,True,0.0,34870.0,34870.0,35290.0,34960.0,34744.333333333336
2016-07-09,34900.0,34760.0,34900.0,34830.0,Saturday,False,-0.0011471178663607,34870.0,34870.0,35160.0,34900.0,34754.0
2016-07-10,34810.0,34750.0,35030.0,34970.0,Sunday,False,0.0040195233993682,34830.0,34870.0,34790.0,34852.857142857145,34761.666666666664
2016-07-11,35070.0,34940.0,35070.0,35010.0,Monday,False,0.0011438375750643,34970.0,34870.0,34870.0,34878.57142857143,34774.0
2016-07-12,35290.0,35070.0,35290.0,35120.0,Tuesday,False,0.00314195944016,35010.0,34830.0,34870.0,34898.57142857143,34787.333333333336
2016-07-13,35320.0,34990.0,35320.0,35010.0,Wednesday,False,-0.003132118451025,35120.0,34970.0,34870.0,34934.28571428572,34804.666666666664
2016-07-14,35130.0,34990.0,35220.0,35040.0,Thursday,False,0.0008568980291345,35010.0,35010.0,34870.0,34954.28571428572,34820.666666666664
2016-07-15,35130.0,34990.0,35220.0,35040.0,Friday,True,0.0,35040.0,35120.0,34870.0,34978.57142857143,34835.666666666664
2016-07-16,35120.0,35080.0,35210.0,35110.0,Saturday,False,0.0019977168949771,35040.0,35010.0,34830.0,35002.857142857145,34850.333333333336
2016-07-17,35150.0,34940.0,35150.0,35120.0,Sunday,False,0.0002848191398461,35110.0,35040.0,34970.0,35042.857142857145,34869.0
2016-07-18,35270.0,34990.0,35270.0,35150.0,Monday,False,0.0008542141230067,35120.0,35040.0,35010.0,35064.28571428572,34888.0
2016-07-19,35080.0,35000.0,35230.0,35190.0,Tuesday,False,0.0011379800853486,35150.0,35110.0,35120.0,35084.28571428572,34908.333333333336
2016-07-20,35150.0,35030.0,35210.0,35130.0,Wednesday,False,-0.0017050298380221,35190.0,35120.0,35010.0,35094.28571428572,34930.0
2016-07-21,35080.0,35030.0,35180.0,35030.0,Thursday,False,-0.0028465698832906,35130.0,35150.0,35040.0,35111.42857142857,34949.333333333336
2016-07-22,35080.0,35030.0,35180.0,35030.0,Friday,True,0.0,35030.0,35190.0,35040.0,35110.0,34963.666666666664
2016-07-23,35100.0,35070.0,35120.0,35090.0,Saturday,False,0.0017128175849272,35030.0,35130.0,35110.0,35108.57142857143,34977.0
2016-07-24,35170.0,35140.0,35170.0,35170.0,Sunday,False,0.0022798518096323,35090.0,35030.0,35120.0,35105.71428571428,34992.333333333336
2016-07-25,35150.0,35080.0,35220.0,35110.0,Monday,False,-0.0017059994313335,35170.0,35030.0,35150.0,35112.857142857145,35010.333333333336
2016-07-26,35250.0,35170.0,35250.0,35180.0,Tuesday,False,0.0019937339789233,35110.0,35090.0,35190.0,35107.142857142855,35027.0
2016-07-27,35370.0,35180.0,35370.0,35180.0,Wednesday,False,0.0,35180.0,35170.0,35130.0,35105.71428571428,35038.0
2016-07-28,35380.0,35120.0,35440.0,35440.0,Thursday,False,0.0073905628197838,35180.0,35110.0,35030.0,35112.857142857145,35049.0
2016-07-29,35380.0,35120.0,35440.0,35440.0,Friday,True,0.0,35440.0,35180.0,35030.0,35171.42857142857,35067.333333333336
2016-07-30,35380.0,35120.0,35440.0,35440.0,Saturday,True,0.0,35440.0,35180.0,35090.0,35230.0,35075.666666666664
2016-07-31,35410.0,35300.0,35410.0,35380.0,Sunday,False,-0.0016930022573363,35440.0,35440.0,35170.0,35280.0,35080.666666666664
2016-08-01,35350.0,35270.0,35370.0,35280.0,Monday,False,-0.0028264556246466,35380.0,35440.0,35110.0,35310.0,35083.666666666664
2016-08-02,35380.0,35340.0,35400.0,35400.0,Tuesday,False,0.0034013605442175,35280.0,35440.0,35180.0,35334.28571428572,35087.666666666664
2016-08-03,35360.0,35290.0,35420.0,35310.0,Wednesday,False,-0.0025423728813559,35400.0,35380.0,35180.0,35365.71428571428,35108.0
2016-08-04,35350.0,35120.0,35380.0,35170.0,Thursday,False,-0.0039648824695553,35310.0,35280.0,35440.0,35384.28571428572,35122.666666666664
2016-08-05,35350.0,35120.0,35380.0,35170.0,Friday,True,0.0,35170.0,35400.0,35440.0,35345.71428571428,35132.666666666664
2016-08-06,35320.0,35210.0,35320.0,35270.0,Saturday,False,0.0028433323855558,35170.0,35310.0,35440.0,35307.142857142855,35142.666666666664
2016-08-07,35390.0,35290.0,35390.0,35330.0,Sunday,False,0.001701162461015,35270.0,35170.0,35380.0,35282.857142857145,35156.0
2016-08-08,35390.0,35350.0,35420.0,35400.0,Monday,False,0.0019813189923578,35330.0,35170.0,35280.0,35275.71428571428,35171.333333333336
2016-08-09,35380.0,35280.0,35450.0,35450.0,Tuesday,False,0.0014124293785311,35400.0,35270.0,35400.0,35292.857142857145,35190.333333333336
2016-08-10,35430.0,35310.0,35490.0,35350.0,Wednesday,False,-0.002820874471086,35450.0,35330.0,35310.0,35300.0,35206.333333333336
2016-08-11,35540.0,35340.0,35580.0,35380.0,Thursday,False,0.0008486562942009,35350.0,35400.0,35170.0,35305.71428571428,35217.666666666664
2016-08-12,35280.0,35280.0,35280.0,35280.0,Friday,False,-0.0028264556246466,35380.0,35450.0,35170.0,35335.71428571428,35226.333333333336
2016-08-13,35350.0,35350.0,35540.0,35520.0,Saturday,False,0.0068027210884353,35280.0,35350.0,35270.0,35351.42857142857,35235.333333333336
2016-08-14,35350.0,35310.0,35490.0,35310.0,Sunday,False,-0.0059121621621621,35520.0,35380.0,35330.0,35387.142857142855,35251.333333333336
2016-08-15,35640.0,35290.0,35640.0,35430.0,Monday,False,0.0033984706881902,35310.0,35280.0,35400.0,35384.28571428572,35260.333333333336
2016-08-16,35210.0,35210.0,35490.0,35430.0,Tuesday,False,0.0,35430.0,35520.0,35450.0,35388.57142857143,35271.0
2016-08-17,35320.0,35280.0,35510.0,35420.0,Wednesday,False,-0.0002822466836014,35430.0,35310.0,35350.0,35385.71428571428,35281.333333333336
2016-08-18,35440.0,35340.0,35530.0,35450.0,Thursday,False,0.0008469791078486,35420.0,35430.0,35380.0,35395.71428571428,35290.333333333336
2016-08-19,35440.0,35340.0,35530.0,35450.0,Friday,True,0.0,35450.0,35430.0,35280.0,35405.71428571428,35299.0
2016-08-20,35520.0,35120.0,35540.0,35120.0,Saturday,False,-0.0093088857545838,35450.0,35420.0,35520.0,35430.0,35309.666666666664
2016-08-21,35370.0,35270.0,35510.0,35270.0,Sunday,False,0.0042710706150341,35120.0,35450.0,35310.0,35372.857142857145,35312.666666666664
2016-08-22,35390.0,35350.0,35510.0,35470.0,Monday,False,0.0056705415367168,35270.0,35450.0,35430.0,35367.142857142855,35320.666666666664
2016-08-23,35570.0,35380.0,35570.0,35420.0,Tuesday,False,-0.0014096419509445,35470.0,35120.0,35430.0,35372.857142857145,35333.333333333336
2016-08-24,35680.0,35400.0,35680.0,35430.0,Wednesday,False,0.0002823263692828,35420.0,35270.0,35420.0,35371.42857142857,35341.666666666664
2016-08-25,35430.0,35300.0,35480.0,35300.0,Thursday,False,-0.003669206886819,35430.0,35470.0,35450.0,35372.857142857145,35352.333333333336
2016-08-26,35430.0,35300.0,35480.0,35300.0,Friday,True,0.0,35300.0,35420.0,35450.0,35351.42857142857,35356.333333333336
2016-08-27,35390.0,35390.0,35600.0,35560.0,Saturday,False,0.0073654390934845,35300.0,35430.0,35120.0,35330.0,35360.333333333336
2016-08-28,35700.0,35480.0,35700.0,35500.0,Sunday,False,-0.0016872890888638,35560.0,35300.0,35270.0,35392.857142857145,35364.333333333336
2016-08-29,35580.0,35450.0,35580.0,35550.0,Monday,False,0.0014084507042253,35500.0,35300.0,35470.0,35425.71428571428,35366.333333333336
2016-08-30,35510.0,35490.0,35640.0,35550.0,Tuesday,False,0.0,35550.0,35560.0,35420.0,35437.142857142855,35370.0
2016-08-31,35480.0,35480.0,35640.0,35550.0,Wednesday,False,0.0,35550.0,35500.0,35430.0,35455.71428571428,35375.666666666664
2016-09-01,35470.0,35430.0,35630.0,35570.0,Thursday,False,0.00056258790436,35550.0,35550.0,35300.0,35472.857142857145,35384.666666666664
2016-09-02,35470.0,35430.0,35630.0,35570.0,Friday,True,0.0,35570.0,35550.0,35300.0,35511.42857142857,35390.333333333336
2016-09-03,35700.0,35550.0,35700.0,35590.0,Saturday,False,0.0005622715771718,35570.0,35550.0,35560.0,35550.0,35399.0
2016-09-04,35640.0,35560.0,35650.0,35650.0,Sunday,False,0.0016858668165213,35590.0,35570.0,35500.0,35554.28571428572,35413.0
2016-09-05,35590.0,35430.0,35700.0,35520.0,Monday,False,-0.0036465638148667,35650.0,35570.0,35550.0,35575.71428571428,35429.0
2016-09-06,35490.0,35470.0,35610.0,35550.0,Tuesday,False,0.0008445945945945,35520.0,35590.0,35550.0,35571.42857142857,35437.333333333336
2016-09-07,35560.0,35460.0,35580.0,35540.0,Wednesday,False,-0.00028129395218,35550.0,35650.0,35550.0,35571.42857142857,35444.666666666664
2016-09-08,35610.0,35450.0,35610.0,35570.0,Thursday,False,0.0008441193021946,35540.0,35520.0,35570.0,35570.0,35449.333333333336
2016-09-09,35610.0,35450.0,35610.0,35570.0,Friday,True,0.0,35570.0,35550.0,35570.0,35570.0,35453.333333333336
2016-09-10,35530.0,35450.0,35560.0,35450.0,Saturday,False,-0.0033736294630306,35570.0,35540.0,35590.0,35570.0,35460.666666666664
2016-09-11,35520.0,35420.0,35550.0,35500.0,Sunday,False,0.001410437235543,35450.0,35570.0,35650.0,35550.0,35463.0
2016-09-12,35520.0,35420.0,35550.0,35500.0,Monday,True,0.0,35500.0,35570.0,35520.0,35528.57142857143,35470.333333333336
2016-09-13,35500.0,35470.0,35610.0,35610.0,Tuesday,False,0.0030985915492958,35500.0,35450.0,35550.0,35525.71428571428,35469.666666666664
2016-09-14,35510.0,35480.0,35630.0,35630.0,Wednesday,False,0.0005616399887671,35610.0,35500.0,35540.0,35534.28571428572,35479.666666666664
2016-09-15,35550.0,35490.0,35720.0,35720.0,Thursday,False,0.0025259612685939,35630.0,35500.0,35570.0,35547.142857142855,35486.333333333336
2016-09-16,35550.0,35490.0,35720.0,35720.0,Friday,True,0.0,35720.0,35610.0,35570.0,35568.57142857143,35496.0
2016-09-17,35540.0,35400.0,35630.0,35620.0,Saturday,False,-0.0027995520716684,35720.0,35630.0,35450.0,35590.0,35506.0
2016-09-18,35740.0,35490.0,35740.0,35600.0,Sunday,False,-0.0005614823133071,35620.0,35720.0,35500.0,35614.28571428572,35511.666666666664
2016-09-19,35710.0,35520.0,35710.0,35520.0,Monday,False,-0.0022471910112359,35600.0,35720.0,35500.0,35628.57142857143,35516.666666666664
2016-09-20,35710.0,35520.0,35710.0,35520.0,Tuesday,True,0.0,35520.0,35620.0,35610.0,35631.42857142857,35530.0
2016-09-21,35600.0,35590.0,35650.0,35600.0,Wednesday,False,0.0022522522522523,35520.0,35600.0,35630.0,35618.57142857143,35538.333333333336
2016-09-22,35760.0,35520.0,35760.0,35540.0,Thursday,False,-0.0016853932584269,35600.0,35520.0,35720.0,35614.28571428572,35542.666666666664
2016-09-23,35760.0,35520.0,35760.0,35540.0,Friday,True,0.0,35540.0,35520.0,35720.0,35588.57142857143,35546.666666666664
2016-09-24,35670.0,35610.0,35670.0,35630.0,Saturday,False,0.0025323579065841,35540.0,35600.0,35620.0,35562.857142857145,35550.333333333336
2016-09-25,35720.0,35650.0,35740.0,35680.0,Sunday,False,0.0014033118158855,35630.0,35540.0,35600.0,35564.28571428572,35561.333333333336
2016-09-26,35700.0,35640.0,35760.0,35700.0,Monday,False,0.0005605381165918,35680.0,35540.0,35520.0,35575.71428571428,35574.0
2016-09-27,35800.0,35670.0,35800.0,35730.0,Tuesday,False,0.0008403361344537,35700.0,35630.0,35520.0,35601.42857142857,35578.666666666664
2016-09-28,35750.0,35610.0,35760.0,35610.0,Wednesday,False,-0.0033585222502099,35730.0,35680.0,35600.0,35631.42857142857,35586.333333333336
2016-09-29,35800.0,35740.0,35810.0,35800.0,Thursday,False,0.0053355798932883,35610.0,35700.0,35540.0,35632.857142857145,35588.333333333336
2016-09-30,35800.0,35740.0,35810.0,35800.0,Friday,True,0.0,35800.0,35730.0,35540.0,35670.0,35596.666666666664
2016-10-01,35800.0,35620.0,35870.0,35830.0,Saturday,False,0.0008379888268157,35800.0,35610.0,35630.0,35707.142857142855,35605.0
2016-10-02,35700.0,35700.0,35860.0,35770.0,Sunday,False,-0.0016745743790119,35830.0,35800.0,35680.0,35735.71428571428,35613.666666666664
2016-10-03,35850.0,35800.0,35850.0,35810.0,Monday,False,0.0011182555213866,35770.0,35800.0,35700.0,35748.57142857143,35620.333333333336
2016-10-04,35880.0,35830.0,35880.0,35860.0,Tuesday,False,0.0013962580284836,35810.0,35830.0,35730.0,35764.28571428572,35627.666666666664
2016-10-05,35890.0,35670.0,35890.0,35870.0,Wednesday,False,0.0002788622420524,35860.0,35770.0,35610.0,35782.857142857145,35634.666666666664
2016-10-06,35880.0,35720.0,35880.0,35720.0,Thursday,False,-0.0041817674937273,35870.0,35810.0,35800.0,35820.0,35646.333333333336
2016-10-07,35880.0,35720.0,35880.0,35720.0,Friday,True,0.0,35720.0,35860.0,35800.0,35808.57142857143,35652.0
2016-10-08,35800.0,35400.0,35870.0,35850.0,Saturday,False,0.0036394176931691,35720.0,35870.0,35830.0,35797.142857142855,35658.0
2016-10-09,35810.0,35790.0,35820.0,35810.0,Sunday,False,-0.0011157601115759,35850.0,35720.0,35770.0,35800.0,35667.333333333336
2016-10-10,35900.0,35810.0,35900.0,35850.0,Monday,False,0.001117006422787,35810.0,35720.0,35810.0,35805.71428571428,35675.333333333336
2016-10-11,35900.0,35810.0,35900.0,35850.0,Tuesday,True,0.0,35850.0,35850.0,35860.0,35811.42857142857,35688.666666666664
2016-10-12,35900.0,35810.0,35900.0,35850.0,Wednesday,True,0.0,35850.0,35810.0,35870.0,35810.0,35700.333333333336
2016-10-13,35950.0,35800.0,35950.0,35850.0,Thursday,False,0.0,35850.0,35850.0,35720.0,35807.142857142855,35712.0
2016-10-14,35950.0,35800.0,35950.0,35850.0,Friday,True,0.0,35850.0,35850.0,35720.0,35825.71428571428,35720.0
2016-10-15,35890.0,35880.0,35970.0,35880.0,Saturday,False,0.0008368200836819,35850.0,35850.0,35850.0,35844.28571428572,35727.333333333336
2016-10-16,35970.0,35880.0,35980.0,35880.0,Sunday,False,0.0,35880.0,35850.0,35810.0,35848.57142857143,35732.666666666664
2016-10-17,35950.0,35440.0,35950.0,35850.0,Monday,False,-0.0008361204013378,35880.0,35850.0,35850.0,35858.57142857143,35738.0
2016-10-18,35950.0,35800.0,35950.0,35830.0,Tuesday,False,-0.000557880055788,35850.0,35880.0,35850.0,35858.57142857143,35745.666666666664
2016-10-19,35900.0,35820.0,35900.0,35850.0,Wednesday,False,0.0005581914596706,35830.0,35880.0,35850.0,35855.71428571428,35753.333333333336
2016-10-20,35910.0,35780.0,35920.0,35850.0,Thursday,False,0.0,35850.0,35850.0,35850.0,35855.71428571428,35764.333333333336
2016-10-21,35910.0,35780.0,35920.0,35850.0,Friday,True,0.0,35850.0,35830.0,35850.0,35855.71428571428,35775.333333333336
2016-10-22,35850.0,35850.0,35880.0,35880.0,Saturday,False,0.0008368200836819,35850.0,35850.0,35880.0,35855.71428571428,35783.666666666664
2016-10-23,35920.0,35790.0,35920.0,35910.0,Sunday,False,0.0008361204013378,35880.0,35850.0,35880.0,35855.71428571428,35795.0
2016-10-24,35870.0,35870.0,35950.0,35950.0,Monday,False,0.0011138958507379,35910.0,35850.0,35850.0,35860.0,35807.333333333336
2016-10-25,35950.0,35680.0,35980.0,35680.0,Tuesday,False,-0.0075104311543811,35950.0,35880.0,35830.0,35874.28571428572,35818.0
2016-10-26,35920.0,35770.0,36080.0,36050.0,Wednesday,False,0.0103699551569507,35680.0,35910.0,35850.0,35852.857142857145,35818.0
2016-10-27,35800.0,35800.0,36180.0,36180.0,Thursday,False,0.0036061026352287,36050.0,35950.0,35850.0,35881.42857142857,35829.666666666664
2016-10-28,35800.0,35800.0,36180.0,36180.0,Friday,True,0.0,36180.0,35680.0,35850.0,35928.57142857143,35844.666666666664
2016-10-29,36120.0,36010.0,36150.0,36080.0,Saturday,False,-0.0027639579878385,36180.0,36050.0,35880.0,35975.71428571428,35863.666666666664
2016-10-30,36190.0,35830.0,36190.0,36110.0,Sunday,False,0.000831485587583,36080.0,36180.0,35910.0,36004.28571428572,35873.0
2016-10-31,36190.0,36110.0,36210.0,36190.0,Monday,False,0.0022154527831625,36110.0,36180.0,35950.0,36032.857142857145,35883.333333333336
2016-11-01,36280.0,36210.0,36280.0,36270.0,Tuesday,False,0.0022105554020448,36190.0,36080.0,35680.0,36067.142857142855,35895.333333333336
2016-11-02,36300.0,36190.0,36300.0,36230.0,Wednesday,False,-0.0011028398125172,36270.0,36110.0,36050.0,36151.42857142857,35912.0
2016-11-03,36240.0,36080.0,36270.0,36200.0,Thursday,False,-0.000828043058239,36230.0,36190.0,36180.0,36177.142857142855,35926.0
2016-11-04,36240.0,36080.0,36270.0,36200.0,Friday,True,0.0,36200.0,36270.0,36180.0,36180.0,35937.333333333336
2016-11-05,36120.0,36120.0,36280.0,36230.0,Saturday,False,0.0008287292817679,36200.0,36230.0,36080.0,36182.857142857145,35948.333333333336
2016-11-06,36180.0,36180.0,36290.0,36290.0,Sunday,False,0.001656086116478,36230.0,36200.0,36110.0,36204.28571428572,35965.333333333336
2016-11-07,36320.0,36230.0,36320.0,36250.0,Monday,False,-0.0011022320198401,36290.0,36200.0,36190.0,36230.0,35984.333333333336
2016-11-08,35750.0,35750.0,36460.0,36400.0,Tuesday,False,0.0041379310344826,36250.0,36230.0,36270.0,36238.57142857143,35997.666666666664
2016-11-09,36310.0,36310.0,36520.0,36480.0,Wednesday,False,0.0021978021978021,36400.0,36290.0,36230.0,36257.142857142855,36017.333333333336
2016-11-10,36590.0,36390.0,36590.0,36570.0,Thursday,False,0.0024671052631579,36480.0,36250.0,36200.0,36292.857142857145,36038.333333333336
2016-11-11,36590.0,36390.0,36590.0,36570.0,Friday,True,0.0,36570.0,36400.0,36200.0,36345.71428571428,36062.333333333336
2016-11-12,36560.0,36480.0,36680.0,36480.0,Saturday,False,-0.0024610336341263,36570.0,36480.0,36230.0,36398.57142857143,36086.333333333336
2016-11-13,36440.0,36440.0,36590.0,36550.0,Sunday,False,0.0019188596491228,36480.0,36570.0,36290.0,36434.28571428572,36107.333333333336
2016-11-14,36650.0,36500.0,36690.0,36680.0,Monday,False,0.0035567715458275,36550.0,36570.0,36250.0,36471.42857142857,36130.666666666664
2016-11-15,36670.0,36660.0,36700.0,36680.0,Tuesday,False,0.0,36680.0,36480.0,36400.0,36532.857142857145,36157.333333333336
2016-11-16,36660.0,36660.0,36750.0,36740.0,Wednesday,False,0.0016357688113413,36680.0,36550.0,36480.0,36572.857142857145,36184.0
2016-11-17,36800.0,36710.0,36920.0,36850.0,Thursday,False,0.0029940119760478,36740.0,36680.0,36570.0,36610.0,36213.666666666664
2016-11-18,36800.0,36710.0,36920.0,36850.0,Friday,True,0.0,36850.0,36680.0,36570.0,36650.0,36247.666666666664
2016-11-19,36900.0,36420.0,36900.0,36810.0,Saturday,False,-0.0010854816824965,36850.0,36740.0,36480.0,36690.0,36281.0
2016-11-20,36900.0,36420.0,36900.0,36810.0,Sunday,True,0.0,36810.0,36850.0,36550.0,36737.142857142855,36313.0
2016-11-21,36720.0,36320.0,36760.0,36730.0,Monday,False,-0.0021733224667209,36810.0,36850.0,36680.0,36774.28571428572,36345.0
2016-11-22,36840.0,36680.0,36840.0,36770.0,Tuesday,False,0.001089028042472,36730.0,36810.0,36680.0,36781.42857142857,36373.333333333336
2016-11-23,36880.0,36800.0,37110.0,37030.0,Wednesday,False,0.0070709817786238,36770.0,36810.0,36740.0,36794.28571428572,36402.0
2016-11-24,37050.0,37050.0,37240.0,37180.0,Thursday,False,0.0040507696462328,37030.0,36730.0,36850.0,36835.71428571428,36438.0
2016-11-25,37050.0,37050.0,37240.0,37180.0,Friday,True,0.0,37180.0,36770.0,36850.0,36882.857142857145,36488.0
2016-11-26,37040.0,36990.0,37490.0,37460.0,Saturday,False,0.0075309306078537,37180.0,37030.0,36810.0,36930.0,36525.666666666664
2016-11-27,37180.0,37180.0,37940.0,37910.0,Sunday,False,0.0120128136679125,37460.0,37180.0,36810.0,37022.857142857145,36568.333333333336
2016-11-28,37180.0,37180.0,37940.0,37910.0,Monday,True,0.0,37910.0,37180.0,36730.0,37180.0,36626.0
2016-11-29,38050.0,37920.0,38740.0,38710.0,Tuesday,False,0.0211026114481667,37910.0,37460.0,36770.0,37348.57142857143,36687.0
2016-11-30,38050.0,37920.0,38740.0,38710.0,Wednesday,True,0.0,38710.0,37910.0,37030.0,37625.71428571428,36773.666666666664
2016-12-01,38850.0,37890.0,38850.0,38290.0,Thursday,False,-0.0108499095840868,38710.0,37910.0,37180.0,37865.71428571428,36857.666666666664
2016-12-02,38850.0,37890.0,38850.0,38290.0,Friday,True,0.0,38290.0,38710.0,37180.0,38024.28571428572,36925.0
2016-12-03,38130.0,37830.0,38150.0,38020.0,Saturday,False,-0.0070514494646122,38290.0,38710.0,37460.0,38182.857142857145,36993.666666666664
2016-12-04,38800.0,38470.0,39220.0,38950.0,Sunday,False,0.0244608100999474,38020.0,38290.0,37910.0,38262.857142857145,37054.333333333336
2016-12-05,38390.0,38390.0,38990.0,38960.0,Monday,False,0.0002567394094994,38950.0,38290.0,37910.0,38411.42857142857,37146.0
2016-12-06,39150.0,38680.0,39150.0,38880.0,Tuesday,False,-0.002053388090349,38960.0,38020.0,38710.0,38561.42857142857,37237.0
2016-12-07,38990.0,38720.0,38990.0,38760.0,Wednesday,False,-0.0030864197530864,38880.0,38950.0,38710.0,38585.71428571428,37323.333333333336
2016-12-08,38990.0,38840.0,38990.0,38990.0,Thursday,False,0.0059339525283796,38760.0,38960.0,38290.0,38592.857142857145,37407.0
2016-12-09,38990.0,38840.0,38990.0,38990.0,Friday,True,0.0,38990.0,38880.0,38290.0,38692.857142857145,37493.333333333336
2016-12-10,39130.0,38900.0,39130.0,38990.0,Saturday,False,0.0,38990.0,38760.0,38020.0,38792.857142857145,37577.0
2016-12-11,39100.0,38850.0,39100.0,38910.0,Sunday,False,-0.0020518081559374,38990.0,38990.0,38950.0,38931.42857142857,37657.666666666664
2016-12-12,39000.0,38680.0,39000.0,38680.0,Monday,False,-0.0059110768439989,38910.0,38990.0,38960.0,38925.71428571428,37735.666666666664
2016-12-13,38750.0,38750.0,38990.0,38970.0,Tuesday,False,0.0074974146845914,38680.0,38990.0,38880.0,38885.71428571428,37809.0
2016-12-14,39160.0,39110.0,39200.0,39140.0,Wednesday,False,0.004362329997434,38970.0,38910.0,38760.0,38898.57142857143,37889.666666666664
2016-12-15,39200.0,39190.0,39280.0,39280.0,Thursday,False,0.0035769034236075,39140.0,38680.0,38990.0,38952.857142857145,37971.666666666664
2016-12-16,39200.0,39190.0,39280.0,39280.0,Friday,True,0.0,39280.0,38970.0,38990.0,38994.28571428572,38058.333333333336
2016-12-17,39200.0,39190.0,39280.0,39280.0,Saturday,True,0.0,39280.0,39140.0,38990.0,39035.71428571428,38143.0
2016-12-18,39100.0,39100.0,39310.0,39280.0,Sunday,False,0.0,39280.0,39280.0,38910.0,39077.142857142855,38224.0
2016-12-19,39300.0,39110.0,39300.0,39170.0,Monday,False,-0.0028004073319755,39280.0,39280.0,38680.0,39130.0,38305.0
2016-12-20,39220.0,39160.0,39320.0,39180.0,Tuesday,False,0.0002552974214959,39170.0,39280.0,38970.0,39200.0,38383.666666666664
2016-12-21,39370.0,39370.0,39780.0,39780.0,Wednesday,False,0.0153139356814702,39180.0,39280.0,39140.0,39230.0,38462.666666666664
2016-12-22,39790.0,39780.0,39910.0,39850.0,Thursday,False,0.0017596782302664,39780.0,39170.0,39280.0,39321.42857142857,38564.333333333336
2016-12-23,39790.0,39780.0,39910.0,39850.0,Friday,True,0.0,39850.0,39180.0,39280.0,39402.857142857145,38667.0
2016-12-24,39830.0,39770.0,39880.0,39880.0,Saturday,False,0.0007528230865747,39850.0,39780.0,39280.0,39484.28571428572,38761.0
2016-12-25,40030.0,39750.0,40680.0,40660.0,Sunday,False,0.0195586760280841,39880.0,39850.0,39280.0,39570.0,38851.0
2016-12-26,40530.0,40220.0,40890.0,40720.0,Monday,False,0.0014756517461878,40660.0,39850.0,39170.0,39767.142857142855,38967.0
2016-12-27,40830.0,40830.0,41210.0,41210.0,Tuesday,False,0.012033398821218,40720.0,39880.0,39180.0,39988.57142857143,39075.666666666664
2016-12-28,40570.0,40570.0,41230.0,40750.0,Wednesday,False,-0.0111623392380489,41210.0,40660.0,39780.0,40278.57142857143,39185.666666666664
2016-12-29,40770.0,40190.0,40770.0,40290.0,Thursday,False,-0.0112883435582822,40750.0,40720.0,39850.0,40417.142857142855,39280.333333333336
2016-12-30,40770.0,40190.0,40770.0,40290.0,Friday,True,0.0,40290.0,41210.0,39850.0,40480.0,39333.0
2016-12-31,40200.0,39480.0,40260.0,39480.0,Saturday,False,-0.0201042442293373,40290.0,40750.0,39880.0,40542.857142857145,39385.666666666664
2017-01-01,39260.0,38270.0,39260.0,38350.0,Sunday,False,-0.0286220871327254,39480.0,40290.0,40660.0,40485.71428571428,39425.333333333336
2017-01-02,38260.0,38260.0,38810.0,38790.0,Monday,False,0.0114732724902215,38350.0,40290.0,40720.0,40155.71428571428,39427.333333333336
2017-01-03,38800.0,38800.0,39190.0,39140.0,Tuesday,False,0.0090229440577469,38790.0,39480.0,41210.0,39880.0,39453.0
2017-01-04,39200.0,38790.0,39200.0,39000.0,Wednesday,False,-0.0035769034236076,39140.0,38350.0,40750.0,39584.28571428572,39459.333333333336
2017-01-05,39050.0,38940.0,39080.0,39030.0,Thursday,False,0.0007692307692308,39000.0,38790.0,40290.0,39334.28571428572,39460.666666666664
2017-01-06,39050.0,38940.0,39080.0,39030.0,Friday,True,0.0,39030.0,39140.0,40290.0,39154.28571428572,39465.666666666664
2017-01-07,39090.0,39010.0,39110.0,39040.0,Saturday,False,0.0002562131693568,39030.0,39000.0,39480.0,38974.28571428572,39474.666666666664
2017-01-08,39550.0,39420.0,39560.0,39450.0,Sunday,False,0.0105020491803278,39040.0,39030.0,38350.0,38911.42857142857,39476.333333333336
2017-01-09,39480.0,39480.0,39660.0,39650.0,Monday,False,0.0050697084917616,39450.0,39030.0,38790.0,39068.57142857143,39491.666666666664
2017-01-10,39480.0,39480.0,39660.0,39650.0,Tuesday,True,0.0,39650.0,39040.0,39140.0,39191.42857142857,39513.666666666664
2017-01-11,39660.0,39510.0,39790.0,39790.0,Wednesday,False,0.0035308953341739,39650.0,39450.0,39000.0,39264.28571428572,39538.333333333336
2017-01-12,39800.0,39670.0,39820.0,39790.0,Thursday,False,0.0,39790.0,39650.0,39030.0,39377.142857142855,39575.333333333336
2017-01-13,39800.0,39670.0,39820.0,39790.0,Friday,True,0.0,39790.0,39650.0,39030.0,39485.71428571428,39602.666666666664
2017-01-14,39810.0,39480.0,39850.0,39510.0,Saturday,False,-0.0070369439557678,39790.0,39790.0,39040.0,39594.28571428572,39624.333333333336
2017-01-15,39470.0,39160.0,39470.0,39440.0,Sunday,False,-0.0017717033662364,39510.0,39790.0,39450.0,39661.42857142857,39632.0
2017-01-16,39400.0,39090.0,39410.0,39140.0,Monday,False,-0.0076064908722109,39440.0,39790.0,39650.0,39660.0,39637.333333333336
2017-01-17,39080.0,38340.0,39460.0,38340.0,Tuesday,False,-0.0204394481349003,39140.0,39510.0,39650.0,39587.142857142855,39632.666666666664
2017-01-18,38670.0,38130.0,38670.0,38200.0,Wednesday,False,-0.0036515388628064,38340.0,39440.0,39790.0,39400.0,39601.333333333336
2017-01-19,38420.0,38120.0,38420.0,38240.0,Thursday,False,0.0010471204188482,38200.0,39140.0,39790.0,39172.857142857145,39569.0
2017-01-20,38420.0,38120.0,38420.0,38240.0,Friday,True,0.0,38240.0,38340.0,39790.0,38951.42857142857,39537.666666666664
2017-01-21,38270.0,37870.0,38370.0,38080.0,Saturday,False,-0.0041841004184099,38240.0,38200.0,39510.0,38730.0,39486.333333333336
2017-01-22,38050.0,37890.0,38350.0,38330.0,Sunday,False,0.0065651260504202,38080.0,38240.0,39440.0,38525.71428571428,39427.333333333336
2017-01-23,38290.0,38280.0,38590.0,38500.0,Monday,False,0.0044351682755021,38330.0,38240.0,39140.0,38367.142857142855,39376.666666666664
2017-01-24,38450.0,38450.0,38850.0,38540.0,Tuesday,False,0.0010389610389609,38500.0,38080.0,38340.0,38275.71428571428,39330.666666666664
2017-01-25,38560.0,38490.0,38640.0,38600.0,Wednesday,False,0.001556824078879,38540.0,38330.0,38200.0,38304.28571428572,39260.0
2017-01-26,38650.0,38550.0,38650.0,38580.0,Thursday,False,-0.0005181347150259,38600.0,38500.0,38240.0,38361.42857142857,39189.333333333336
2017-01-27,38650.0,38550.0,38650.0,38580.0,Friday,True,0.0,38580.0,38540.0,38240.0,38410.0,39101.666666666664
2017-01-28,38660.0,38570.0,38730.0,38590.0,Saturday,False,0.0002592016588907,38580.0,38600.0,38080.0,38458.57142857143,39029.333333333336
2017-01-29,38600.0,38430.0,38630.0,38510.0,Sunday,False,-0.0020730759264058,38590.0,38580.0,38330.0,38531.42857142857,38972.666666666664
2017-01-30,38530.0,38210.0,38530.0,38230.0,Monday,False,-0.0072708387431835,38510.0,38580.0,38500.0,38557.142857142855,38913.333333333336
2017-01-31,38220.0,38130.0,38250.0,38210.0,Tuesday,False,-0.0005231493591419,38230.0,38590.0,38540.0,38518.57142857143,38871.666666666664
2017-02-01,38260.0,38200.0,38310.0,38260.0,Wednesday,False,0.0013085579691181,38210.0,38510.0,38600.0,38471.42857142857,38867.0
2017-02-02,38250.0,38160.0,38250.0,38240.0,Thursday,False,-0.0005227391531625,38260.0,38230.0,38580.0,38422.857142857145,38849.333333333336
2017-02-03,38250.0,38160.0,38250.0,38240.0,Friday,True,0.0,38240.0,38210.0,38580.0,38374.28571428572,38819.333333333336
2017-02-04,38260.0,38260.0,38440.0,38430.0,Saturday,False,0.0049686192468618,38240.0,38260.0,38590.0,38325.71428571428,38794.0
2017-02-05,38440.0,38440.0,38700.0,38520.0,Sunday,False,0.0023419203747072,38430.0,38240.0,38510.0,38302.857142857145,38774.0
2017-02-06,38540.0,38470.0,38560.0,38470.0,Monday,False,-0.0012980269989615,38520.0,38240.0,38230.0,38304.28571428572,38757.0
2017-02-07,38480.0,38300.0,38480.0,38360.0,Tuesday,False,-0.0028593709383935,38470.0,38430.0,38210.0,38338.57142857143,38738.0
2017-02-08,38370.0,38260.0,38370.0,38260.0,Wednesday,False,-0.002606882168926,38360.0,38520.0,38260.0,38360.0,38701.666666666664
2017-02-09,38250.0,38180.0,38270.0,38260.0,Thursday,False,0.0,38260.0,38470.0,38240.0,38360.0,38655.333333333336
2017-02-10,38250.0,38180.0,38270.0,38260.0,Friday,True,0.0,38260.0,38360.0,38240.0,38362.857142857145,38609.0
2017-02-11,38320.0,38290.0,38360.0,38290.0,Saturday,False,0.0007841087297437,38260.0,38260.0,38430.0,38365.71428571428,38558.0
2017-02-12,38270.0,38230.0,38380.0,38230.0,Sunday,False,-0.0015669887699137,38290.0,38260.0,38520.0,38345.71428571428,38508.0
2017-02-13,38220.0,38140.0,38230.0,38140.0,Monday,False,-0.0023541721161391,38230.0,38260.0,38470.0,38304.28571428572,38456.0
2017-02-14,38130.0,38060.0,38140.0,38080.0,Tuesday,False,-0.0015731515469323,38140.0,38290.0,38360.0,38257.142857142855,38410.333333333336
2017-02-15,38140.0,38140.0,38250.0,38150.0,Wednesday,False,0.0018382352941177,38080.0,38230.0,38260.0,38217.142857142855,38365.0
2017-02-16,38140.0,38100.0,38150.0,38110.0,Thursday,False,-0.001048492791612,38150.0,38140.0,38260.0,38201.42857142857,38332.0
2017-02-17,38140.0,38100.0,38150.0,38110.0,Friday,True,0.0,38110.0,38080.0,38260.0,38180.0,38324.333333333336
2017-02-18,38100.0,38000.0,38110.0,38020.0,Saturday,False,-0.0023615848858566,38110.0,38150.0,38290.0,38158.57142857143,38321.333333333336
2017-02-19,38010.0,37920.0,38130.0,37930.0,Sunday,False,-0.0023671751709626,38020.0,38110.0,38230.0,38120.0,38314.0
2017-02-20,37920.0,37890.0,37920.0,37900.0,Monday,False,-0.0007909306617452,37930.0,38110.0,38140.0,38077.142857142855,38303.666666666664
2017-02-21,37910.0,37860.0,38430.0,37870.0,Tuesday,False,-0.0007915567282321,37900.0,38020.0,38080.0,38042.857142857145,38297.666666666664
2017-02-22,38680.0,37780.0,38680.0,37800.0,Wednesday,False,-0.0018484288354898,37870.0,37930.0,38150.0,38012.857142857145,38282.333333333336
2017-02-23,37790.0,37780.0,37810.0,37800.0,Thursday,False,0.0,37800.0,37900.0,38110.0,37962.857142857145,38259.0
2017-02-24,37790.0,37780.0,37810.0,37800.0,Friday,True,0.0,37800.0,37870.0,38110.0,37918.57142857143,38234.333333333336
2017-02-25,37810.0,37770.0,37820.0,37780.0,Saturday,False,-0.0005291005291004,37800.0,37800.0,38020.0,37874.28571428572,38207.666666666664
2017-02-26,37790.0,37790.0,37810.0,37810.0,Sunday,False,0.0007940709370037,37780.0,37800.0,37930.0,37840.0,38181.0
2017-02-27,37830.0,37780.0,38200.0,37790.0,Monday,False,-0.0005289605924359,37810.0,37800.0,37900.0,37822.857142857145,38155.333333333336
2017-02-28,37780.0,37720.0,37790.0,37790.0,Tuesday,False,0.0,37790.0,37780.0,37870.0,37807.142857142855,38128.666666666664
2017-03-01,37800.0,37800.0,37850.0,37840.0,Wednesday,False,0.0013231013495633,37790.0,37810.0,37800.0,37795.71428571428,38104.666666666664
2017-03-02,37830.0,37830.0,37830.0,37830.0,Thursday,False,-0.0002642706131078,37840.0,37790.0,37800.0,37801.42857142857,38091.666666666664
2017-03-03,37830.0,37830.0,37830.0,37830.0,Friday,True,0.0,37830.0,37790.0,37800.0,37805.71428571428,38079.0
2017-03-04,37840.0,37810.0,37850.0,37810.0,Saturday,False,-0.000528680941052,37830.0,37840.0,37780.0,37810.0,38064.666666666664
2017-03-05,37800.0,37730.0,37800.0,37740.0,Sunday,False,-0.0018513620735255,37810.0,37830.0,37810.0,37814.28571428572,38050.333333333336
2017-03-06,37730.0,37610.0,37730.0,37610.0,Monday,False,-0.0034446210916798,37740.0,37830.0,37790.0,37804.28571428572,38033.666666666664
2017-03-07,37600.0,37460.0,37600.0,37460.0,Tuesday,False,-0.0039883009837808,37610.0,37810.0,37790.0,37778.57142857143,38006.333333333336
2017-03-08,37450.0,37230.0,37450.0,37240.0,Wednesday,False,-0.0058729311265349,37460.0,37740.0,37840.0,37731.42857142857,37971.0
2017-03-09,37250.0,37250.0,37540.0,37490.0,Thursday,False,0.0067132116004295,37240.0,37610.0,37830.0,37645.71428571428,37930.0
2017-03-10,37250.0,37250.0,37540.0,37490.0,Friday,True,0.0,37490.0,37460.0,37830.0,37597.142857142855,37901.0
2017-03-11,37520.0,37520.0,37660.0,37590.0,Saturday,False,0.0026673779674579,37490.0,37240.0,37810.0,37548.57142857143,37875.333333333336
2017-03-12,37580.0,37480.0,37600.0,37490.0,Sunday,False,-0.0026602819898908,37590.0,37490.0,37740.0,37517.142857142855,37853.0
2017-03-13,37500.0,37430.0,37510.0,37500.0,Monday,False,0.0002667377967457,37490.0,37490.0,37610.0,37481.42857142857,37827.333333333336
2017-03-14,37490.0,37460.0,37980.0,37630.0,Tuesday,False,0.0034666666666667,37500.0,37590.0,37460.0,37465.71428571428,37801.0
2017-03-15,37650.0,37650.0,37970.0,37950.0,Wednesday,False,0.0085038533085304,37630.0,37490.0,37240.0,37490.0,37781.0
2017-03-16,37920.0,37540.0,37920.0,37570.0,Thursday,False,-0.0100131752305665,37950.0,37500.0,37490.0,37591.42857142857,37774.666666666664
2017-03-17,37920.0,37540.0,37920.0,37570.0,Friday,True,0.0,37570.0,37630.0,37490.0,37602.857142857145,37757.666666666664
2017-03-18,37590.0,37460.0,37590.0,37480.0,Saturday,False,-0.0023955283470854,37570.0,37950.0,37590.0,37614.28571428572,37738.333333333336
2017-03-19,37590.0,37460.0,37590.0,37480.0,Sunday,True,0.0,37480.0,37570.0,37490.0,37598.57142857143,37717.333333333336
2017-03-20,37590.0,37460.0,37590.0,37480.0,Monday,True,0.0,37480.0,37570.0,37500.0,37597.142857142855,37696.333333333336
2017-03-21,37520.0,37450.0,37520.0,37480.0,Tuesday,False,0.0,37480.0,37480.0,37630.0,37594.28571428572,37678.333333333336
2017-03-22,37520.0,37450.0,37520.0,37480.0,Wednesday,True,0.0,37480.0,37480.0,37950.0,37572.857142857145,37663.333333333336
2017-03-23,37510.0,37480.0,37510.0,37480.0,Thursday,False,0.0,37480.0,37480.0,37570.0,37505.71428571428,37649.333333333336
2017-03-24,37510.0,37480.0,37510.0,37480.0,Friday,True,0.0,37480.0,37480.0,37570.0,37492.857142857145,37636.333333333336
2017-03-25,37580.0,37550.0,37670.0,37670.0,Saturday,False,0.005069370330843,37480.0,37480.0,37480.0,37480.0,37625.666666666664
2017-03-26,37650.0,37540.0,37680.0,37540.0,Sunday,False,-0.0034510220334483,37670.0,37480.0,37480.0,37507.142857142855,37621.333333333336
2017-03-27,37570.0,37330.0,37640.0,37640.0,Monday,False,0.0026638252530633,37540.0,37480.0,37480.0,37515.71428571428,37612.666666666664
2017-03-28,38550.0,37630.0,38550.0,37660.0,Tuesday,False,0.0005313496280552,37640.0,37670.0,37480.0,37538.57142857143,37608.0
2017-03-29,37630.0,37500.0,37630.0,37520.0,Wednesday,False,-0.0037174721189591,37660.0,37540.0,37480.0,37564.28571428572,37603.0
2017-03-30,37480.0,37390.0,37480.0,37400.0,Thursday,False,-0.0031982942430703,37520.0,37640.0,37480.0,37570.0,37594.0
2017-03-31,37480.0,37390.0,37480.0,37400.0,Friday,True,0.0,37400.0,37660.0,37480.0,37558.57142857143,37581.0
2017-04-01,37480.0,37390.0,37480.0,37400.0,Saturday,True,0.0,37400.0,37520.0,37670.0,37547.142857142855,37566.333333333336
2017-04-02,37480.0,37390.0,37480.0,37400.0,Sunday,True,0.0,37400.0,37400.0,37540.0,37508.57142857143,37552.0
2017-04-03,37510.0,37490.0,37730.0,37690.0,Monday,False,0.0077540106951872,37400.0,37400.0,37640.0,37488.57142857143,37537.666666666664
2017-04-04,37700.0,37530.0,37700.0,37530.0,Tuesday,False,-0.0042451578668081,37690.0,37400.0,37660.0,37495.71428571428,37533.666666666664
2017-04-05,37490.0,37490.0,37650.0,37650.0,Wednesday,False,0.0031974420463629,37530.0,37400.0,37520.0,37477.142857142855,37526.666666666664
2017-04-06,37630.0,37610.0,37650.0,37610.0,Thursday,False,-0.0010624169986719,37650.0,37690.0,37400.0,37495.71428571428,37528.0
2017-04-07,37630.0,37610.0,37650.0,37610.0,Friday,True,0.0,37610.0,37530.0,37400.0,37525.71428571428,37533.0
2017-04-08,37620.0,37580.0,37630.0,37610.0,Saturday,False,0.0,37610.0,37650.0,37400.0,37555.71428571428,37545.333333333336
2017-04-09,37600.0,37600.0,37640.0,37630.0,Sunday,False,0.000531773464504,37610.0,37610.0,37400.0,37585.71428571428,37549.333333333336
2017-04-10,37650.0,37620.0,37670.0,37630.0,Monday,False,0.0,37630.0,37610.0,37690.0,37618.57142857143,37554.0
2017-04-11,37650.0,37620.0,37670.0,37630.0,Tuesday,True,0.0,37630.0,37610.0,37530.0,37610.0,37555.333333333336
2017-04-12,37650.0,37590.0,37650.0,37630.0,Wednesday,False,0.0,37630.0,37630.0,37650.0,37624.28571428572,37560.0
2017-04-13,37620.0,37590.0,37620.0,37590.0,Thursday,False,-0.0010629816635663,37630.0,37630.0,37610.0,37621.42857142857,37564.333333333336
2017-04-14,37620.0,37590.0,37620.0,37590.0,Friday,True,0.0,37590.0,37630.0,37610.0,37618.57142857143,37563.0
2017-04-15,37570.0,37570.0,37610.0,37600.0,Saturday,False,0.000266028198989,37590.0,37630.0,37610.0,37615.71428571428,37551.0
2017-04-16,37590.0,37550.0,37590.0,37550.0,Sunday,False,-0.0013297872340425,37600.0,37590.0,37630.0,37614.28571428572,37552.0
2017-04-17,37560.0,37540.0,37570.0,37550.0,Monday,False,0.0,37550.0,37590.0,37630.0,37602.857142857145,37551.333333333336
2017-04-18,37540.0,37500.0,37540.0,37500.0,Tuesday,False,-0.0013315579227696,37550.0,37600.0,37630.0,37591.42857142857,37553.666666666664
2017-04-19,37490.0,37490.0,37510.0,37490.0,Wednesday,False,-0.0002666666666666,37500.0,37550.0,37630.0,37572.857142857145,37554.333333333336
2017-04-20,37500.0,37470.0,37500.0,37480.0,Thursday,False,-0.0002667377967457,37490.0,37550.0,37590.0,37552.857142857145,37554.666666666664
2017-04-21,37500.0,37470.0,37500.0,37480.0,Friday,True,0.0,37480.0,37500.0,37590.0,37537.142857142855,37554.666666666664
2017-04-22,37490.0,37480.0,37500.0,37490.0,Saturday,False,0.0002668089647812,37480.0,37490.0,37600.0,37521.42857142857,37554.666666666664
2017-04-23,37500.0,37500.0,37530.0,37530.0,Sunday,False,0.0010669511869831,37490.0,37480.0,37550.0,37505.71428571428,37555.0
2017-04-24,37540.0,37530.0,37540.0,37530.0,Monday,False,0.0,37530.0,37480.0,37550.0,37502.857142857145,37556.666666666664
2017-04-25,37540.0,37530.0,37540.0,37530.0,Tuesday,True,0.0,37530.0,37490.0,37500.0,37500.0,37552.0
2017-04-26,37550.0,37550.0,37620.0,37600.0,Wednesday,False,0.001865174527045,37530.0,37530.0,37490.0,37504.28571428572,37551.666666666664
2017-04-27,37610.0,37610.0,37620.0,37620.0,Thursday,False,0.0005319148936169,37600.0,37530.0,37480.0,37520.0,37550.333333333336
2017-04-28,37610.0,37610.0,37620.0,37620.0,Friday,True,0.0,37620.0,37530.0,37480.0,37540.0,37549.0
2017-04-29,37640.0,37640.0,37730.0,37730.0,Saturday,False,0.0029239766081872,37620.0,37600.0,37490.0,37560.0,37552.333333333336
2017-04-30,37740.0,37730.0,37820.0,37730.0,Sunday,False,0.0,37730.0,37620.0,37530.0,37594.28571428572,37563.333333333336
2017-05-01,37710.0,37660.0,37730.0,37670.0,Monday,False,-0.0015902464882057,37730.0,37620.0,37530.0,37622.857142857145,37574.333333333336
2017-05-02,37660.0,37620.0,37680.0,37620.0,Tuesday,False,-0.0013273161667108,37670.0,37730.0,37530.0,37642.857142857145,37583.333333333336
2017-05-03,37630.0,37620.0,37650.0,37650.0,Wednesday,False,0.0007974481658692,37620.0,37730.0,37600.0,37655.71428571428,37590.666666666664
2017-05-04,37660.0,37660.0,37700.0,37700.0,Thursday,False,0.0013280212483399,37650.0,37670.0,37620.0,37662.857142857145,37589.333333333336
2017-05-05,37660.0,37660.0,37700.0,37700.0,Friday,True,0.0,37700.0,37620.0,37620.0,37674.28571428572,37595.0
2017-05-06,37710.0,37620.0,37750.0,37630.0,Saturday,False,-0.0018567639257294,37700.0,37650.0,37730.0,37685.71428571428,37596.666666666664
2017-05-07,37620.0,37580.0,37620.0,37590.0,Sunday,False,-0.0010629816635663,37630.0,37700.0,37730.0,37671.42857142857,37597.333333333336
2017-05-08,37580.0,37570.0,37600.0,37570.0,Monday,False,-0.0005320563979781,37590.0,37700.0,37670.0,37651.42857142857,37596.666666666664
2017-05-09,37560.0,37540.0,37570.0,37540.0,Tuesday,False,-0.0007985094490284,37570.0,37630.0,37620.0,37637.142857142855,37595.333333333336
2017-05-10,37570.0,37560.0,37590.0,37570.0,Wednesday,False,0.000799147575919,37540.0,37590.0,37650.0,37625.71428571428,37592.333333333336
2017-05-11,37580.0,37570.0,37600.0,37590.0,Thursday,False,0.0005323396326857,37570.0,37570.0,37700.0,37614.28571428572,37590.333333333336
2017-05-12,37580.0,37570.0,37600.0,37590.0,Friday,True,0.0,37590.0,37540.0,37700.0,37598.57142857143,37589.0
2017-05-13,37600.0,37570.0,37610.0,37590.0,Saturday,False,0.0,37590.0,37570.0,37630.0,37582.857142857145,37587.666666666664
2017-05-14,37580.0,37560.0,37600.0,37560.0,Sunday,False,-0.0007980845969672,37590.0,37590.0,37590.0,37577.142857142855,37587.666666666664
2017-05-15,37580.0,37540.0,37580.0,37540.0,Monday,False,-0.0005324813631523,37560.0,37590.0,37570.0,37572.857142857145,37586.666666666664
2017-05-16,37550.0,37540.0,37580.0,37550.0,Tuesday,False,0.0002663825253064,37540.0,37590.0,37540.0,37568.57142857143,37584.666666666664
2017-05-17,37590.0,37550.0,37720.0,37710.0,Wednesday,False,0.0042609853528627,37550.0,37560.0,37570.0,37570.0,37584.666666666664
2017-05-18,37720.0,37670.0,37730.0,37670.0,Thursday,False,-0.0010607265977193,37710.0,37540.0,37590.0,37590.0,37590.0
2017-05-19,37720.0,37670.0,37730.0,37670.0,Friday,True,0.0,37670.0,37550.0,37590.0,37601.42857142857,37595.666666666664
2017-05-20,37690.0,37410.0,37690.0,37410.0,Saturday,False,-0.0069020440668967,37670.0,37710.0,37590.0,37612.857142857145,37601.666666666664
2017-05-21,37380.0,37330.0,37400.0,37400.0,Sunday,False,-0.0002673082063618,37410.0,37670.0,37560.0,37587.142857142855,37599.333333333336
2017-05-22,37330.0,37320.0,37390.0,37350.0,Monday,False,-0.0013368983957219,37400.0,37670.0,37540.0,37564.28571428572,37596.666666666664
2017-05-23,37450.0,37450.0,37580.0,37530.0,Tuesday,False,0.0048192771084336,37350.0,37410.0,37550.0,37537.142857142855,37592.0
2017-05-24,37520.0,37480.0,37560.0,37480.0,Wednesday,False,-0.0013322675193179,37530.0,37400.0,37710.0,37534.28571428572,37592.0
2017-05-25,37470.0,37430.0,37470.0,37430.0,Thursday,False,-0.001334044823906,37480.0,37350.0,37670.0,37501.42857142857,37590.333333333336
2017-05-26,37470.0,37430.0,37470.0,37430.0,Friday,True,0.0,37430.0,37530.0,37670.0,37467.142857142855,37587.0
2017-05-27,37420.0,37420.0,37460.0,37430.0,Saturday,False,0.0,37430.0,37480.0,37410.0,37432.857142857145,37581.333333333336
2017-05-28,37420.0,37370.0,37450.0,37370.0,Sunday,False,-0.001602992252204,37430.0,37430.0,37400.0,37435.71428571428,37575.0
2017-05-29,37380.0,37380.0,37430.0,37380.0,Monday,False,0.0002675943270002,37370.0,37430.0,37350.0,37431.42857142857,37566.666666666664
2017-05-30,37370.0,37350.0,37380.0,37360.0,Tuesday,False,-0.0005350454788657,37380.0,37430.0,37530.0,37435.71428571428,37555.0
2017-05-31,37380.0,37330.0,37580.0,37340.0,Wednesday,False,-0.0005353319057815,37360.0,37370.0,37480.0,37411.42857142857,37542.666666666664
2017-06-01,37350.0,37340.0,37350.0,37340.0,Thursday,False,0.0,37340.0,37380.0,37430.0,37391.42857142857,37531.666666666664
2017-06-02,37350.0,37340.0,37350.0,37340.0,Friday,True,0.0,37340.0,37360.0,37430.0,37378.57142857143,37522.333333333336
2017-06-03,37330.0,37320.0,37330.0,37320.0,Saturday,False,-0.0005356186395286,37340.0,37340.0,37430.0,37365.71428571428,37512.0
2017-06-04,37330.0,37330.0,37330.0,37330.0,Sunday,False,0.0002679528403,37320.0,37340.0,37370.0,37350.0,37499.333333333336
2017-06-05,37330.0,37330.0,37330.0,37330.0,Monday,True,0.0,37330.0,37340.0,37380.0,37344.28571428572,37487.0
2017-06-06,37320.0,37290.0,37320.0,37300.0,Tuesday,False,-0.0008036431824269,37330.0,37320.0,37360.0,37337.142857142855,37477.0
2017-06-07,37310.0,37300.0,37390.0,37380.0,Wednesday,False,0.0021447721179623,37300.0,37330.0,37340.0,37328.57142857143,37467.333333333336
2017-06-08,37400.0,37370.0,37400.0,37370.0,Thursday,False,-0.0002675227394328,37380.0,37330.0,37340.0,37334.28571428572,37461.0
2017-06-09,37400.0,37370.0,37400.0,37370.0,Friday,True,0.0,37370.0,37300.0,37340.0,37338.57142857143,37455.333333333336
2017-06-10,37380.0,37350.0,37380.0,37360.0,Saturday,False,-0.0002675943270002,37370.0,37380.0,37320.0,37342.857142857145,37448.666666666664
2017-06-11,37350.0,37350.0,37380.0,37350.0,Sunday,False,-0.0002676659528907,37360.0,37370.0,37330.0,37348.57142857143,37441.0
2017-06-12,37340.0,37290.0,37350.0,37300.0,Monday,False,-0.001338688085676,37350.0,37370.0,37330.0,37351.42857142857,37433.0
2017-06-13,37310.0,37270.0,37310.0,37270.0,Tuesday,False,-0.0008042895442359,37300.0,37360.0,37300.0,37347.142857142855,37423.333333333336
2017-06-14,37280.0,37270.0,37310.0,37300.0,Wednesday,False,0.0008049369466058,37270.0,37350.0,37380.0,37342.857142857145,37413.666666666664
2017-06-15,37320.0,37300.0,37320.0,37310.0,Thursday,False,0.0002680965147452,37300.0,37300.0,37370.0,37331.42857142857,37405.666666666664
2017-06-16,37320.0,37300.0,37320.0,37310.0,Friday,True,0.0,37310.0,37270.0,37370.0,37322.857142857145,37397.666666666664
2017-06-17,37300.0,37270.0,37340.0,37320.0,Saturday,False,0.0002680246582684,37310.0,37300.0,37360.0,37314.28571428572,37384.333333333336
2017-06-18,37320.0,37320.0,37500.0,37500.0,Sunday,False,0.0048231511254019,37320.0,37310.0,37350.0,37308.57142857143,37372.666666666664
2017-06-19,37480.0,37440.0,37610.0,37500.0,Monday,False,0.0,37500.0,37310.0,37300.0,37330.0,37367.0
2017-06-20,37510.0,37450.0,37520.0,37450.0,Tuesday,False,-0.0013333333333332,37500.0,37320.0,37270.0,37358.57142857143,37370.0
2017-06-21,37420.0,37370.0,37420.0,37420.0,Wednesday,False,-0.0008010680907877,37450.0,37500.0,37300.0,37384.28571428572,37371.666666666664
2017-06-22,37460.0,37440.0,37480.0,37440.0,Thursday,False,0.0005344735435595,37420.0,37500.0,37310.0,37401.42857142857,37374.0
2017-06-23,37460.0,37440.0,37480.0,37440.0,Friday,True,0.0,37440.0,37450.0,37310.0,37420.0,37371.0
2017-06-24,37450.0,37450.0,37580.0,37570.0,Saturday,False,0.0034722222222223,37440.0,37420.0,37320.0,37438.57142857143,37369.666666666664
2017-06-25,37580.0,37540.0,37590.0,37540.0,Sunday,False,-0.0007985094490284,37570.0,37440.0,37500.0,37474.28571428572,37374.333333333336
2017-06-26,37580.0,37540.0,37590.0,37540.0,Monday,True,0.0,37540.0,37440.0,37500.0,37480.0,37378.0
2017-06-27,37500.0,37500.0,37540.0,37540.0,Tuesday,False,0.0,37540.0,37570.0,37450.0,37485.71428571428,37381.666666666664
2017-06-28,37560.0,37560.0,37650.0,37590.0,Wednesday,False,0.0013319126265316,37540.0,37540.0,37420.0,37498.57142857143,37387.333333333336
2017-06-29,37640.0,37640.0,37680.0,37680.0,Thursday,False,0.0023942537909018,37590.0,37540.0,37440.0,37522.857142857145,37394.333333333336
2017-06-30,37640.0,37640.0,37680.0,37680.0,Friday,True,0.0,37680.0,37540.0,37440.0,37557.142857142855,37405.0
2017-07-01,37720.0,37720.0,37910.0,37890.0,Saturday,False,0.0055732484076433,37680.0,37590.0,37570.0,37591.42857142857,37416.333333333336
2017-07-02,37870.0,37840.0,37880.0,37840.0,Sunday,False,-0.0013196093956189,37890.0,37680.0,37540.0,37637.142857142855,37434.666666666664
2017-07-03,37820.0,37780.0,37820.0,37790.0,Monday,False,-0.0013213530655391,37840.0,37680.0,37540.0,37680.0,37451.333333333336
2017-07-04,37840.0,37800.0,37860.0,37800.0,Tuesday,False,0.0002646202699125,37790.0,37890.0,37540.0,37715.71428571428,37467.0
2017-07-05,37820.0,37790.0,37880.0,37880.0,Wednesday,False,0.0021164021164021,37800.0,37840.0,37590.0,37752.857142857145,37482.666666666664
2017-07-06,37890.0,37880.0,37920.0,37880.0,Thursday,False,0.0,37880.0,37790.0,37680.0,37794.28571428572,37501.0
2017-07-07,37890.0,37880.0,37920.0,37880.0,Friday,True,0.0,37880.0,37800.0,37680.0,37822.857142857145,37520.333333333336
2017-07-08,37890.0,37880.0,37900.0,37890.0,Saturday,False,0.0002639915522704,37880.0,37880.0,37890.0,37851.42857142857,37537.0
2017-07-09,37880.0,37860.0,37890.0,37860.0,Sunday,False,-0.0007917656373713,37890.0,37880.0,37840.0,37851.42857142857,37554.333333333336
2017-07-10,37870.0,37860.0,37880.0,37880.0,Monday,False,0.0005282620179609,37860.0,37880.0,37790.0,37854.28571428572,37570.666666666664
2017-07-11,37910.0,37910.0,37960.0,37930.0,Tuesday,False,0.0013199577613516,37880.0,37890.0,37800.0,37867.142857142855,37588.0
2017-07-12,37950.0,37900.0,37950.0,37900.0,Wednesday,False,-0.0007909306617452,37930.0,37860.0,37880.0,37885.71428571428,37607.333333333336
2017-07-13,37890.0,37850.0,37890.0,37850.0,Thursday,False,-0.0013192612137202,37900.0,37880.0,37880.0,37888.57142857143,37627.333333333336
2017-07-14,37890.0,37850.0,37890.0,37850.0,Friday,True,0.0,37850.0,37930.0,37880.0,37884.28571428572,37646.666666666664
2017-07-15,37810.0,37800.0,37830.0,37820.0,Saturday,False,-0.000792602377807,37850.0,37900.0,37890.0,37880.0,37665.0
2017-07-16,37810.0,37790.0,37830.0,37800.0,Sunday,False,-0.0005288207297725,37820.0,37850.0,37860.0,37870.0,37682.0
2017-07-17,37810.0,37770.0,37810.0,37790.0,Monday,False,-0.0002645502645503,37800.0,37850.0,37880.0,37861.42857142857,37698.333333333336
2017-07-18,37780.0,37780.0,37790.0,37780.0,Tuesday,False,-0.0002646202699126,37790.0,37820.0,37930.0,37848.57142857143,37714.0
2017-07-19,37770.0,37770.0,37770.0,37770.0,Wednesday,False,-0.0002646903123345,37780.0,37800.0,37900.0,37827.142857142855,37723.333333333336
2017-07-20,37820.0,37820.0,37820.0,37820.0,Thursday,False,0.0013238019592269,37770.0,37790.0,37850.0,37808.57142857143,37732.333333333336
2017-07-21,37820.0,37820.0,37820.0,37820.0,Friday,True,0.0,37820.0,37780.0,37850.0,37804.28571428572,37744.666666666664
2017-07-22,37850.0,37760.0,37850.0,37760.0,Saturday,False,-0.0015864621893177,37820.0,37770.0,37820.0,37800.0,37758.0
2017-07-23,37750.0,37740.0,37750.0,37750.0,Sunday,False,-0.0002648305084745,37760.0,37820.0,37800.0,37791.42857142857,37768.666666666664
2017-07-24,37740.0,37710.0,37740.0,37720.0,Monday,False,-0.000794701986755,37750.0,37820.0,37790.0,37784.28571428572,37779.0
2017-07-25,37730.0,37720.0,37790.0,37790.0,Tuesday,False,0.0018557794273594,37720.0,37760.0,37780.0,37774.28571428572,37784.0
2017-07-26,37810.0,37810.0,38000.0,38000.0,Wednesday,False,0.005557025668166,37790.0,37750.0,37770.0,37775.71428571428,37792.333333333336
2017-07-27,38020.0,38010.0,38040.0,38010.0,Thursday,False,0.0002631578947367,38000.0,37720.0,37820.0,37808.57142857143,37807.666666666664
2017-07-28,38020.0,38010.0,38040.0,38010.0,Friday,True,0.0,38010.0,37790.0,37820.0,37835.71428571428,37823.333333333336
2017-07-29,38020.0,38010.0,38070.0,38070.0,Saturday,False,0.0015785319652723,38010.0,38000.0,37760.0,37862.857142857145,37837.333333333336
2017-07-30,38080.0,38080.0,38130.0,38120.0,Sunday,False,0.0013133701076963,38070.0,38010.0,37750.0,37907.142857142855,37850.333333333336
2017-07-31,38110.0,38100.0,38130.0,38130.0,Monday,False,0.0002623294858341,38120.0,38010.0,37720.0,37960.0,37865.0
2017-08-01,38140.0,38140.0,38210.0,38190.0,Tuesday,False,0.0015735641227379,38130.0,38070.0,37790.0,38018.57142857143,37873.0
2017-08-02,38200.0,38190.0,38210.0,38210.0,Wednesday,False,0.0005236973029589,38190.0,38120.0,38000.0,38075.71428571428,37884.666666666664
2017-08-03,38220.0,38220.0,38260.0,38260.0,Thursday,False,0.0013085579691181,38210.0,38130.0,38010.0,38105.71428571428,37898.666666666664
2017-08-04,38220.0,38220.0,38260.0,38260.0,Friday,True,0.0,38260.0,38190.0,38010.0,38141.42857142857,37914.0
2017-08-05,38220.0,38220.0,38260.0,38260.0,Saturday,True,0.0,38260.0,38210.0,38070.0,38177.142857142855,37926.666666666664
2017-08-06,38250.0,38200.0,38250.0,38210.0,Sunday,False,-0.0013068478829064,38260.0,38260.0,38120.0,38204.28571428572,37939.333333333336
2017-08-07,38200.0,38150.0,38200.0,38150.0,Monday,False,-0.0015702695629415,38210.0,38260.0,38130.0,38217.142857142855,37950.333333333336
2017-08-08,38140.0,38110.0,38140.0,38110.0,Tuesday,False,-0.001048492791612,38150.0,38260.0,38190.0,38220.0,37959.0
2017-08-09,38120.0,38110.0,38130.0,38110.0,Wednesday,False,0.0,38110.0,38210.0,38210.0,38208.57142857143,37967.333333333336
2017-08-10,38120.0,38110.0,38130.0,38110.0,Thursday,True,0.0,38110.0,38150.0,38260.0,38194.28571428572,37975.0
2017-08-11,38120.0,38110.0,38130.0,38110.0,Friday,True,0.0,38110.0,38110.0,38260.0,38172.857142857145,37981.0
2017-08-12,38120.0,38120.0,38130.0,38130.0,Saturday,False,0.0005247966413015,38110.0,38110.0,38260.0,38151.42857142857,37988.0
2017-08-13,38140.0,38100.0,38140.0,38120.0,Sunday,False,-0.0002622606871229,38130.0,38110.0,38210.0,38132.857142857145,37997.333333333336
2017-08-14,38130.0,38130.0,38130.0,38130.0,Monday,False,0.0002623294858341,38120.0,38110.0,38150.0,38120.0,38006.333333333336
2017-08-15,38140.0,38140.0,38170.0,38170.0,Tuesday,False,0.0010490427484919,38130.0,38130.0,38110.0,38117.142857142855,38016.666666666664
2017-08-16,38190.0,38180.0,38200.0,38200.0,Wednesday,False,0.0007859575582918,38170.0,38120.0,38110.0,38125.71428571428,38029.0
2017-08-17,38190.0,38190.0,38200.0,38200.0,Thursday,False,0.0,38200.0,38130.0,38110.0,38138.57142857143,38042.666666666664
2017-08-18,38190.0,38190.0,38200.0,38200.0,Friday,True,0.0,38200.0,38170.0,38110.0,38151.42857142857,38056.666666666664
2017-08-19,38190.0,38190.0,38240.0,38240.0,Saturday,False,0.0010471204188482,38200.0,38200.0,38130.0,38164.28571428572,38071.0
2017-08-20,38250.0,38250.0,38280.0,38280.0,Sunday,False,0.0010460251046024,38240.0,38200.0,38120.0,38180.0,38085.0
2017-08-21,38270.0,38270.0,38320.0,38300.0,Monday,False,0.0005224660397074,38280.0,38200.0,38130.0,38202.857142857145,38100.333333333336
2017-08-22,38310.0,38300.0,38310.0,38300.0,Tuesday,False,0.0,38300.0,38240.0,38170.0,38227.142857142855,38118.333333333336
2017-08-23,38310.0,38310.0,38330.0,38330.0,Wednesday,False,0.0007832898172324,38300.0,38280.0,38200.0,38245.71428571428,38136.666666666664
2017-08-24,38340.0,38340.0,38380.0,38380.0,Thursday,False,0.0013044612575006,38330.0,38300.0,38200.0,38264.28571428572,38157.0
2017-08-25,38340.0,38340.0,38380.0,38380.0,Friday,True,0.0,38380.0,38300.0,38200.0,38290.0,38176.666666666664
2017-08-26,38390.0,38390.0,38520.0,38520.0,Saturday,False,0.003647733194372,38380.0,38330.0,38240.0,38315.71428571428,38189.333333333336
2017-08-27,38530.0,38530.0,38650.0,38590.0,Sunday,False,0.0018172377985461,38520.0,38380.0,38280.0,38355.71428571428,38206.333333333336
2017-08-28,38580.0,38580.0,38600.0,38580.0,Monday,False,-0.0002591344908007,38590.0,38380.0,38300.0,38400.0,38225.666666666664
2017-08-29,38570.0,38570.0,38630.0,38630.0,Tuesday,False,0.001296008294453,38580.0,38520.0,38300.0,38440.0,38242.666666666664
2017-08-30,38650.0,38650.0,38720.0,38720.0,Wednesday,False,0.0023297954957286,38630.0,38590.0,38330.0,38487.142857142855,38259.666666666664
2017-08-31,38730.0,38730.0,38740.0,38740.0,Thursday,False,0.0005165289256199,38720.0,38580.0,38380.0,38542.857142857145,38279.333333333336
2017-09-01,38730.0,38730.0,38740.0,38740.0,Friday,True,0.0,38740.0,38630.0,38380.0,38594.28571428572,38297.666666666664
2017-09-02,38750.0,38750.0,38820.0,38820.0,Saturday,False,0.0020650490449147,38740.0,38720.0,38520.0,38645.71428571428,38315.333333333336
2017-09-03,38830.0,38830.0,38900.0,38900.0,Sunday,False,0.002060793405461,38820.0,38740.0,38590.0,38688.57142857143,38334.0
2017-09-04,38910.0,38790.0,38930.0,38790.0,Monday,False,-0.0028277634961439,38900.0,38740.0,38580.0,38732.857142857145,38355.333333333336
2017-09-05,38780.0,38760.0,38820.0,38820.0,Tuesday,False,0.0007733952049497,38790.0,38820.0,38630.0,38762.857142857145,38373.0
2017-09-06,38830.0,38830.0,38960.0,38940.0,Wednesday,False,0.0030911901081915,38820.0,38900.0,38720.0,38790.0,38393.333333333336
2017-09-07,38950.0,38950.0,39040.0,39040.0,Thursday,False,0.002568053415511,38940.0,38790.0,38740.0,38821.42857142857,38419.666666666664
2017-09-08,38950.0,38950.0,39040.0,39040.0,Friday,True,0.0,39040.0,38820.0,38740.0,38864.28571428572,38450.666666666664
2017-09-09,38950.0,38950.0,39040.0,39040.0,Saturday,True,0.0,39040.0,38940.0,38820.0,38907.142857142855,38481.666666666664
2017-09-10,39050.0,39000.0,39060.0,39000.0,Sunday,False,-0.0010245901639344,39040.0,39040.0,38900.0,38938.57142857143,38512.666666666664
2017-09-11,39010.0,38980.0,39010.0,39000.0,Monday,False,0.0,39000.0,39040.0,38790.0,38952.857142857145,38542.333333333336
2017-09-12,39010.0,39000.0,39170.0,39140.0,Tuesday,False,0.0035897435897436,39000.0,39040.0,38820.0,38982.857142857145,38571.333333333336
2017-09-13,39160.0,39090.0,39250.0,39200.0,Wednesday,False,0.0015329586101175,39140.0,39000.0,38940.0,39028.57142857143,38605.333333333336
2017-09-14,39140.0,39090.0,39140.0,39100.0,Thursday,False,-0.0025510204081632,39200.0,39000.0,39040.0,39065.71428571428,38641.0
2017-09-15,39140.0,39090.0,39140.0,39100.0,Friday,True,0.0,39100.0,39140.0,39040.0,39074.28571428572,38672.0
2017-09-16,39120.0,39040.0,39120.0,39040.0,Saturday,False,-0.0015345268542199,39100.0,39200.0,39040.0,39082.857142857145,38702.0
2017-09-17,39080.0,38980.0,39080.0,38980.0,Sunday,False,-0.0015368852459016,39040.0,39100.0,39000.0,39082.857142857145,38730.0
2017-09-18,38970.0,38960.0,39000.0,38970.0,Monday,False,-0.000256541816316,38980.0,39100.0,39000.0,39080.0,38756.0
2017-09-19,38950.0,38920.0,38950.0,38920.0,Tuesday,False,-0.0012830382345393,38970.0,39040.0,39140.0,39075.71428571428,38780.333333333336
2017-09-20,38930.0,38910.0,38930.0,38930.0,Wednesday,False,0.0002569373072969,38920.0,38980.0,39200.0,39044.28571428572,38801.666666666664
2017-09-21,38920.0,38920.0,38920.0,38920.0,Thursday,False,-0.0002568713074749,38930.0,38970.0,39100.0,39005.71428571428,38822.666666666664
2017-09-22,38920.0,38920.0,38920.0,38920.0,Friday,True,0.0,38920.0,38920.0,39100.0,38980.0,38843.333333333336
2017-09-23,38940.0,38910.0,38960.0,38930.0,Saturday,False,0.0002569373072969,38920.0,38930.0,39040.0,38954.28571428572,38863.0
2017-09-24,38920.0,38920.0,38930.0,38920.0,Sunday,False,-0.0002568713074749,38930.0,38920.0,38980.0,38938.57142857143,38881.333333333336
2017-09-25,38930.0,38930.0,39000.0,39000.0,Monday,False,0.002055498458376,38920.0,38920.0,38970.0,38930.0,38899.333333333336
2017-09-26,39010.0,39010.0,39130.0,39060.0,Tuesday,False,0.0015384615384614,39000.0,38930.0,38920.0,38934.28571428572,38915.333333333336
2017-09-27,39050.0,39050.0,39090.0,39070.0,Wednesday,False,0.0002560163850486,39060.0,38920.0,38930.0,38954.28571428572,38931.0
2017-09-28,39080.0,39080.0,39110.0,39110.0,Thursday,False,0.0010238034297413,39070.0,39000.0,38920.0,38974.28571428572,38947.333333333336
2017-09-29,39080.0,39080.0,39110.0,39110.0,Friday,True,0.0,39110.0,39060.0,38920.0,39001.42857142857,38963.333333333336
2017-09-30,39080.0,39080.0,39110.0,39110.0,Saturday,True,0.0,39110.0,39070.0,38930.0,39028.57142857143,38976.333333333336
2017-10-01,39080.0,39080.0,39110.0,39110.0,Sunday,True,0.0,39110.0,39110.0,38920.0,39054.28571428572,38988.666666666664
2017-10-02,39120.0,39120.0,39160.0,39160.0,Monday,False,0.0012784454103809,39110.0,39110.0,39000.0,39081.42857142857,39001.0
2017-10-03,39170.0,39170.0,39300.0,39300.0,Tuesday,False,0.0035750766087845,39160.0,39110.0,39060.0,39104.28571428572,39012.333333333336
2017-10-04,39240.0,39240.0,39370.0,39370.0,Wednesday,False,0.0017811704834604,39300.0,39110.0,39070.0,39138.57142857143,39025.666666666664
2017-10-05,39380.0,39380.0,39480.0,39480.0,Thursday,False,0.0027940055880111,39370.0,39160.0,39110.0,39181.42857142857,39045.0
2017-10-06,39380.0,39380.0,39480.0,39480.0,Friday,True,0.0,39480.0,39300.0,39110.0,39234.28571428572,39067.0
2017-10-07,39540.0,39530.0,39710.0,39710.0,Saturday,False,0.0058257345491388,39480.0,39370.0,39110.0,39287.142857142855,39085.0
2017-10-08,39660.0,39600.0,39980.0,39780.0,Sunday,False,0.0017627801561319,39710.0,39480.0,39110.0,39372.857142857145,39107.333333333336
2017-10-09,39760.0,39740.0,40410.0,40410.0,Monday,False,0.0158371040723981,39780.0,39480.0,39160.0,39468.57142857143,39132.0
2017-10-10,40480.0,39830.0,40490.0,40240.0,Tuesday,False,-0.0042068794852758,40410.0,39710.0,39300.0,39647.142857142855,39177.666666666664
2017-10-11,40220.0,40040.0,40230.0,40160.0,Wednesday,False,-0.0019880715705765,40240.0,39780.0,39370.0,39781.42857142857,39219.0
2017-10-12,40180.0,40170.0,40180.0,40170.0,Thursday,False,0.0002490039840636,40160.0,40410.0,39480.0,39894.28571428572,39257.666666666664
2017-10-13,40180.0,40170.0,40180.0,40170.0,Friday,True,0.0,40170.0,40240.0,39480.0,39992.857142857145,39292.0
2017-10-14,40190.0,39970.0,40190.0,39970.0,Saturday,False,-0.0049788399302962,40170.0,40160.0,39710.0,40091.42857142857,39324.333333333336
2017-10-15,39950.0,39930.0,40080.0,40070.0,Sunday,False,0.0025018764073054,39970.0,40170.0,39780.0,40128.57142857143,39353.333333333336
2017-10-16,40060.0,40010.0,40150.0,40080.0,Monday,False,0.0002495632642876,40070.0,40170.0,40410.0,40170.0,39385.666666666664
2017-10-17,40070.0,40070.0,40190.0,40190.0,Tuesday,False,0.0027445109780439,40080.0,39970.0,40240.0,40122.857142857145,39420.333333333336
2017-10-18,40170.0,40170.0,40340.0,40210.0,Wednesday,False,0.0004976362279174,40190.0,40070.0,40160.0,40115.71428571428,39460.666666666664
2017-10-19,40220.0,40110.0,40220.0,40170.0,Thursday,False,-0.0009947774185525,40210.0,40080.0,40170.0,40122.857142857145,39502.0
2017-10-20,40220.0,40110.0,40220.0,40170.0,Friday,True,0.0,40170.0,40190.0,40170.0,40122.857142857145,39543.666666666664
2017-10-21,40140.0,40130.0,40190.0,40130.0,Saturday,False,-0.0009957679860592,40170.0,40210.0,39970.0,40122.857142857145,39585.0
2017-10-22,40140.0,40110.0,40160.0,40110.0,Sunday,False,-0.0004983802641415,40130.0,40170.0,40070.0,40145.71428571428,39625.333333333336
2017-10-23,40120.0,40110.0,40180.0,40180.0,Monday,False,0.0017452006980802,40110.0,40170.0,40080.0,40151.42857142857,39665.0
2017-10-24,40200.0,40190.0,40350.0,40300.0,Tuesday,False,0.0029865604778496,40180.0,40130.0,40190.0,40165.71428571428,39706.666666666664
2017-10-25,40330.0,40220.0,40330.0,40280.0,Wednesday,False,-0.0004962779156327,40300.0,40110.0,40210.0,40181.42857142857,39752.666666666664
2017-10-26,40300.0,40260.0,40330.0,40320.0,Thursday,False,0.0009930486593843,40280.0,40180.0,40170.0,40191.42857142857,39795.333333333336
2017-10-27,40300.0,40260.0,40330.0,40320.0,Friday,True,0.0,40320.0,40300.0,40170.0,40212.857142857145,39837.333333333336
2017-10-28,40400.0,40390.0,40600.0,40600.0,Saturday,False,0.0069444444444444,40320.0,40280.0,40130.0,40234.28571428572,39879.0
2017-10-29,40670.0,40620.0,40760.0,40690.0,Sunday,False,0.0022167487684729,40600.0,40320.0,40110.0,40301.42857142857,39928.666666666664
2017-10-30,40710.0,40540.0,40720.0,40550.0,Monday,False,-0.0034406488080609,40690.0,40320.0,40180.0,40384.28571428572,39981.333333333336
2017-10-31,40530.0,40520.0,40570.0,40520.0,Tuesday,False,-0.0007398273736127,40550.0,40600.0,40300.0,40437.142857142855,40029.333333333336
2017-11-01,40550.0,40520.0,40620.0,40580.0,Wednesday,False,0.0014807502467917,40520.0,40690.0,40280.0,40468.57142857143,40076.333333333336
2017-11-02,40570.0,40490.0,40570.0,40540.0,Thursday,False,-0.0009857072449482,40580.0,40550.0,40320.0,40511.42857142857,40123.666666666664
2017-11-03,40570.0,40490.0,40570.0,40540.0,Friday,True,0.0,40540.0,40520.0,40320.0,40542.857142857145,40165.0
2017-11-04,40550.0,40500.0,40550.0,40540.0,Saturday,False,0.0,40540.0,40580.0,40600.0,40574.28571428572,40204.0
2017-11-05,40520.0,40510.0,40700.0,40660.0,Sunday,False,0.0029600394671929,40540.0,40540.0,40690.0,40565.71428571428,40239.333333333336
2017-11-06,40700.0,40690.0,40740.0,40720.0,Monday,False,0.0014756517461878,40660.0,40540.0,40550.0,40561.42857142857,40278.666666666664
2017-11-07,40730.0,40690.0,40770.0,40700.0,Tuesday,False,-0.0004911591355599,40720.0,40540.0,40520.0,40585.71428571428,40312.333333333336
2017-11-08,40710.0,40700.0,40760.0,40740.0,Wednesday,False,0.000982800982801,40700.0,40660.0,40580.0,40611.42857142857,40343.0
2017-11-09,40710.0,40700.0,40760.0,40740.0,Thursday,True,0.0,40740.0,40720.0,40540.0,40634.28571428572,40354.0
2017-11-10,40710.0,40700.0,40760.0,40740.0,Friday,True,0.0,40740.0,40700.0,40540.0,40662.857142857145,40370.666666666664
2017-11-11,40750.0,40750.0,40850.0,40830.0,Saturday,False,0.0022091310751104,40740.0,40740.0,40540.0,40691.42857142857,40390.0
2017-11-12,40850.0,40850.0,40990.0,40990.0,Sunday,False,0.0039186872397747,40830.0,40740.0,40660.0,40732.857142857145,40412.0
2017-11-13,40970.0,40970.0,41360.0,41360.0,Monday,False,0.0090265918516712,40990.0,40740.0,40720.0,40780.0,40439.333333333336
2017-11-14,41340.0,41120.0,41380.0,41220.0,Tuesday,False,-0.003384912959381,41360.0,40830.0,40700.0,40871.42857142857,40485.666666666664
2017-11-15,41100.0,40970.0,41100.0,41010.0,Wednesday,False,-0.0050946142649199,41220.0,40990.0,40740.0,40945.71428571428,40524.0
2017-11-16,40980.0,40960.0,41010.0,41000.0,Thursday,False,-0.0002438429651304,41010.0,41360.0,40740.0,40984.28571428572,40555.0
2017-11-17,40980.0,40960.0,41010.0,41000.0,Friday,True,0.0,41000.0,41220.0,40740.0,41021.42857142857,40582.0
2017-11-18,40960.0,40950.0,40990.0,40960.0,Saturday,False,-0.0009756097560975,41000.0,41010.0,40830.0,41058.57142857143,40608.333333333336
2017-11-19,40960.0,40950.0,40990.0,40960.0,Sunday,True,0.0,40960.0,41000.0,40990.0,41077.142857142855,40634.666666666664
2017-11-20,41000.0,40930.0,41050.0,40940.0,Monday,False,-0.00048828125,40960.0,41000.0,41360.0,41072.857142857145,40661.0
2017-11-21,40920.0,40910.0,40990.0,40930.0,Tuesday,False,-0.0002442598925256,40940.0,40960.0,41220.0,41012.857142857145,40688.0
2017-11-22,41020.0,41010.0,41250.0,41210.0,Wednesday,False,0.0068409479599316,40930.0,40960.0,41010.0,40971.42857142857,40715.333333333336
2017-11-23,41230.0,41230.0,41280.0,41240.0,Thursday,False,0.0007279786459597,41210.0,40940.0,41000.0,41000.0,40749.666666666664
2017-11-24,41230.0,41230.0,41280.0,41240.0,Friday,True,0.0,41240.0,40930.0,41000.0,41034.28571428572,40781.0
2017-11-25,41230.0,41200.0,41290.0,41270.0,Saturday,False,0.0007274490785644,41240.0,41210.0,40960.0,41068.57142857143,40813.0
2017-11-26,41220.0,41110.0,41220.0,41180.0,Sunday,False,-0.0021807608432274,41270.0,41240.0,40960.0,41112.857142857145,40844.666666666664
2017-11-27,41150.0,41150.0,41180.0,41180.0,Monday,False,0.0,41180.0,41240.0,40940.0,41144.28571428572,40873.333333333336
2017-11-28,41190.0,41180.0,41290.0,41270.0,Tuesday,False,0.0021855269548325,41180.0,41270.0,40930.0,41178.57142857143,40892.666666666664
2017-11-29,41340.0,41250.0,41480.0,41360.0,Wednesday,False,0.0021807608432276,41270.0,41180.0,41210.0,41227.142857142855,40912.0
2017-11-30,41380.0,41320.0,41390.0,41390.0,Thursday,False,0.0007253384912959,41360.0,41180.0,41240.0,41248.57142857143,40939.0
2017-12-01,41380.0,41320.0,41390.0,41390.0,Friday,True,0.0,41390.0,41270.0,41240.0,41270.0,40968.0
2017-12-02,41450.0,41440.0,41550.0,41550.0,Saturday,False,0.0038656680357573,41390.0,41360.0,41270.0,41291.42857142857,40995.0
2017-12-03,41500.0,41480.0,41680.0,41640.0,Sunday,False,0.0021660649819494,41550.0,41390.0,41180.0,41331.42857142857,41028.666666666664
2017-12-04,41660.0,41660.0,41920.0,41860.0,Monday,False,0.0052833813640729,41640.0,41390.0,41180.0,41397.142857142855,41065.333333333336
2017-12-05,41980.0,41950.0,42140.0,42020.0,Tuesday,False,0.00382226469183,41860.0,41550.0,41270.0,41494.28571428572,41109.333333333336
2017-12-06,41980.0,41950.0,42140.0,42020.0,Wednesday,True,0.0,42020.0,41640.0,41360.0,41601.42857142857,41154.666666666664
2017-12-07,41960.0,41930.0,42000.0,41950.0,Thursday,False,-0.0016658733936221,42020.0,41860.0,41390.0,41695.71428571428,41198.0
2017-12-08,41960.0,41930.0,42000.0,41950.0,Friday,True,0.0,41950.0,42020.0,41390.0,41775.71428571428,41239.666666666664
2017-12-09,41900.0,41860.0,42030.0,42030.0,Saturday,False,0.001907032181168,41950.0,42020.0,41550.0,41855.71428571428,41280.0
2017-12-10,42070.0,42060.0,42200.0,42070.0,Sunday,False,0.0009517011658339,42030.0,41950.0,41640.0,41924.28571428572,41323.0
2017-12-11,42140.0,42070.0,42170.0,42110.0,Monday,False,0.0009507962918944,42070.0,41950.0,41860.0,41985.71428571428,41367.333333333336
2017-12-12,42130.0,42040.0,42220.0,42200.0,Tuesday,False,0.0021372595582997,42110.0,42030.0,42020.0,42021.42857142857,41410.0
2017-12-13,42080.0,42080.0,42230.0,42190.0,Wednesday,False,-0.0002369668246445,42200.0,42070.0,42020.0,42047.142857142855,41450.333333333336
2017-12-14,42090.0,42030.0,42110.0,42110.0,Thursday,False,-0.0018961839298411,42190.0,42110.0,41950.0,42071.42857142857,41478.0
2017-12-15,42090.0,42030.0,42110.0,42110.0,Friday,True,0.0,42110.0,42200.0,41950.0,42094.28571428572,41507.666666666664
2017-12-16,42090.0,41900.0,42090.0,41900.0,Saturday,False,-0.0049869389693659,42110.0,42190.0,42030.0,42117.142857142855,41544.333333333336
2017-12-17,41830.0,41810.0,42000.0,41830.0,Sunday,False,-0.001670644391408,41900.0,42110.0,42070.0,42098.57142857143,41574.333333333336
2017-12-18,41850.0,41780.0,41870.0,41810.0,Monday,False,-0.0004781257470715,41830.0,42110.0,42110.0,42064.28571428572,41602.0
2017-12-19,41800.0,41800.0,41970.0,41970.0,Tuesday,False,0.0038268356852426,41810.0,41900.0,42200.0,42021.42857142857,41630.333333333336
2017-12-20,41900.0,41860.0,41970.0,41860.0,Wednesday,False,-0.0026209197045509,41970.0,41830.0,42190.0,41988.57142857143,41664.0
2017-12-21,41940.0,41940.0,41940.0,41940.0,Thursday,False,0.0019111323459148,41860.0,41810.0,42110.0,41941.42857142857,41694.666666666664
2017-12-22,41940.0,41940.0,41940.0,41940.0,Friday,True,0.0,41940.0,41970.0,42110.0,41917.142857142855,41728.333333333336
2017-12-23,42000.0,41850.0,42000.0,41860.0,Saturday,False,-0.0019074868860277,41940.0,41860.0,41900.0,41892.857142857145,41752.666666666664
2017-12-24,41950.0,41860.0,41980.0,41940.0,Sunday,False,0.0019111323459148,41860.0,41940.0,41830.0,41887.142857142855,41773.333333333336
2017-12-25,41900.0,41790.0,41950.0,41790.0,Monday,False,-0.0035765379113018,41940.0,41940.0,41810.0,41902.857142857145,41796.666666666664
2017-12-26,41800.0,41750.0,41890.0,41890.0,Tuesday,False,0.0023929169657812,41790.0,41860.0,41970.0,41900.0,41814.0
2017-12-27,41800.0,41800.0,42100.0,41890.0,Wednesday,False,0.0,41890.0,41940.0,41860.0,41888.57142857143,41837.666666666664
2017-12-28,41930.0,41920.0,42100.0,42030.0,Thursday,False,0.0033420864168058,41890.0,41790.0,41940.0,41892.857142857145,41861.333333333336
2017-12-29,41930.0,41920.0,42100.0,42030.0,Friday,True,0.0,42030.0,41890.0,41940.0,41905.71428571428,41886.666666666664
2017-12-30,42150.0,42110.0,42360.0,42350.0,Saturday,False,0.0076136093266714,42030.0,41890.0,41860.0,41918.57142857143,41909.0
2017-12-31,42420.0,42420.0,42920.0,42880.0,Sunday,False,0.0125147579693034,42350.0,42030.0,41940.0,41988.57142857143,41941.0
2018-01-01,42990.0,42880.0,43230.0,42880.0,Monday,False,0.0,42880.0,42030.0,41790.0,42122.857142857145,41990.666666666664
2018-01-02,42960.0,42850.0,43460.0,43390.0,Tuesday,False,0.0118936567164178,42880.0,42350.0,41890.0,42278.57142857143,42035.0
2018-01-03,43380.0,43000.0,43910.0,43740.0,Wednesday,False,0.0080663747407236,43390.0,42880.0,41890.0,42492.857142857145,42093.333333333336
2018-01-04,43640.0,43130.0,43690.0,43240.0,Thursday,False,-0.0114311842706904,43740.0,42880.0,42030.0,42757.142857142855,42156.0
2018-01-05,43640.0,43130.0,43690.0,43240.0,Friday,True,0.0,43240.0,43390.0,42030.0,42930.0,42196.666666666664
2018-01-06,43200.0,42800.0,43320.0,43320.0,Saturday,False,0.001850138760407,43240.0,43740.0,42350.0,43102.857142857145,42237.333333333336
2018-01-07,43340.0,43340.0,43580.0,43530.0,Sunday,False,0.0048476454293628,43320.0,43240.0,42880.0,43241.42857142857,42283.0
2018-01-08,43680.0,43680.0,44150.0,43950.0,Monday,False,0.0096485182632666,43530.0,43240.0,42880.0,43334.28571428572,42335.666666666664
2018-01-09,43650.0,43490.0,43970.0,43660.0,Tuesday,False,-0.0065984072810011,43950.0,43320.0,43390.0,43487.142857142855,42399.666666666664
2018-01-10,43690.0,43690.0,44020.0,44010.0,Wednesday,False,0.0080164910673385,43660.0,43530.0,43740.0,43525.71428571428,42452.666666666664
2018-01-11,44030.0,44030.0,44380.0,44150.0,Thursday,False,0.003181095205635,44010.0,43950.0,43240.0,43564.28571428572,42516.0
2018-01-12,44030.0,44030.0,44380.0,44150.0,Friday,True,0.0,44150.0,43660.0,43240.0,43694.28571428572,42581.0
2018-01-13,43690.0,43670.0,44140.0,44110.0,Saturday,False,-0.0009060022650057,44150.0,44010.0,43320.0,43824.28571428572,42646.333333333336
2018-01-14,44110.0,44090.0,44520.0,44260.0,Sunday,False,0.0034005894355022,44110.0,44150.0,43530.0,43937.142857142855,42713.0
2018-01-15,44170.0,43920.0,44230.0,44210.0,Monday,False,-0.001129688206055,44260.0,44150.0,43950.0,44041.42857142857,42784.666666666664
2018-01-16,44280.0,44200.0,44480.0,44290.0,Tuesday,False,0.0018095453517303,44210.0,44110.0,43660.0,44078.57142857143,42861.666666666664
2018-01-17,44370.0,44100.0,44590.0,44480.0,Wednesday,False,0.0042899074283133,44290.0,44260.0,44010.0,44168.57142857143,42943.666666666664
2018-01-18,44610.0,44500.0,44910.0,44580.0,Thursday,False,0.0022482014388489,44480.0,44210.0,44150.0,44235.71428571428,43032.666666666664
2018-01-19,44610.0,44500.0,44910.0,44580.0,Friday,True,0.0,44580.0,44290.0,44150.0,44297.142857142855,43119.666666666664
2018-01-20,44570.0,44570.0,45650.0,45330.0,Saturday,False,0.0168236877523553,44580.0,44480.0,44110.0,44358.57142857143,43210.333333333336
2018-01-21,45530.0,45420.0,46420.0,45970.0,Sunday,False,0.014118685197441,45330.0,44580.0,44260.0,44532.857142857145,43323.333333333336
2018-01-22,46230.0,45600.0,46980.0,45790.0,Monday,False,-0.0039155971285621,45970.0,44580.0,44210.0,44777.142857142855,43457.666666666664
2018-01-23,45780.0,45550.0,46460.0,45800.0,Tuesday,False,0.0002183882943873,45790.0,45330.0,44290.0,45002.857142857145,43588.666666666664
2018-01-24,45610.0,45530.0,46010.0,45660.0,Wednesday,False,-0.0030567685589519,45800.0,45970.0,44480.0,45218.57142857143,43717.333333333336
2018-01-25,45630.0,45330.0,45650.0,45330.0,Thursday,False,-0.007227332457293,45660.0,45790.0,44580.0,45387.142857142855,43846.333333333336
2018-01-26,45630.0,45330.0,45650.0,45330.0,Friday,True,0.0,45330.0,45800.0,44580.0,45494.28571428572,43961.0
2018-01-27,45230.0,45010.0,45280.0,45160.0,Saturday,False,-0.0037502757555702,45330.0,45660.0,45330.0,45601.42857142857,44075.666666666664
2018-01-28,45230.0,45230.0,45690.0,45680.0,Sunday,False,0.0115146147032771,45160.0,45330.0,45970.0,45577.142857142855,44180.0
2018-01-29,45700.0,45490.0,46080.0,45500.0,Monday,False,-0.0039404553415061,45680.0,45330.0,45790.0,45535.71428571428,44301.666666666664
2018-01-30,45450.0,45420.0,45830.0,45670.0,Tuesday,False,0.0037362637362636,45500.0,45160.0,45800.0,45494.28571428572,44406.666666666664
2018-01-31,45880.0,45620.0,46450.0,46450.0,Wednesday,False,0.0170790453251588,45670.0,45680.0,45660.0,45475.71428571428,44499.666666666664
2018-02-01,46480.0,46380.0,46540.0,46470.0,Thursday,False,0.0004305705059204,46450.0,45500.0,45330.0,45588.57142857143,44618.666666666664
2018-02-02,46480.0,46380.0,46540.0,46470.0,Friday,True,0.0,46470.0,45670.0,45330.0,45751.42857142857,44721.333333333336
2018-02-03,46540.0,46410.0,47080.0,47040.0,Saturday,False,0.0122659780503551,46470.0,46450.0,45160.0,45914.28571428572,44812.333333333336
2018-02-04,47090.0,46890.0,47790.0,47440.0,Sunday,False,0.0085034013605442,47040.0,46470.0,45680.0,46182.857142857145,44939.0
2018-02-05,47490.0,46730.0,47590.0,46760.0,Monday,False,-0.0143338954468802,47440.0,46470.0,45500.0,46434.28571428572,45079.0
2018-02-06,46660.0,46110.0,47020.0,46900.0,Tuesday,False,0.0029940119760478,46760.0,47040.0,45670.0,46614.28571428572,45193.666666666664
2018-02-07,46930.0,45410.0,47800.0,45450.0,Wednesday,False,-0.0309168443496801,46900.0,47440.0,46450.0,46790.0,45306.0
2018-02-08,45430.0,45370.0,46850.0,46700.0,Thursday,False,0.0275027502750275,45450.0,46760.0,46470.0,46647.142857142855,45356.0
2018-02-09,45430.0,45370.0,46850.0,46700.0,Friday,True,0.0,46700.0,46900.0,46470.0,46680.0,45457.333333333336
2018-02-10,46640.0,46420.0,47500.0,47250.0,Saturday,False,0.0117773019271949,46700.0,45450.0,47040.0,46712.857142857145,45547.0
2018-02-11,47260.0,47250.0,47350.0,47270.0,Sunday,False,0.0004232804232804,47250.0,46700.0,47440.0,46742.857142857145,45650.333333333336
2018-02-12,47320.0,47320.0,48500.0,48490.0,Monday,False,0.0258091812989211,47270.0,46700.0,46760.0,46718.57142857143,45754.333333333336
2018-02-13,48720.0,48450.0,49120.0,48770.0,Tuesday,False,0.0057743864714374,48490.0,47250.0,46900.0,46965.71428571428,45900.333333333336
2018-02-14,48750.0,48160.0,48750.0,48170.0,Wednesday,False,-0.0123026450686897,48770.0,47270.0,45450.0,47232.857142857145,46050.666666666664
2018-02-15,47900.0,47380.0,47900.0,47380.0,Thursday,False,-0.0164002491177081,48170.0,48490.0,46700.0,47621.42857142857,46182.666666666664
2018-02-16,47900.0,47380.0,47900.0,47380.0,Friday,True,0.0,47380.0,48770.0,46700.0,47718.57142857143,46285.666666666664
2018-02-17,47380.0,46970.0,47450.0,46970.0,Saturday,False,-0.0086534402701561,47380.0,48170.0,47250.0,47815.71428571428,46382.333333333336
2018-02-18,46970.0,46090.0,46970.0,46090.0,Sunday,False,-0.0187353629976581,46970.0,47380.0,47270.0,47775.71428571428,46462.0
2018-02-19,46060.0,45670.0,46060.0,45750.0,Monday,False,-0.0073768713386851,46090.0,47380.0,48490.0,47607.142857142855,46512.333333333336
2018-02-20,46060.0,45670.0,46060.0,45750.0,Tuesday,True,0.0,45750.0,46970.0,48770.0,47215.71428571428,46526.333333333336
2018-02-21,45700.0,45180.0,45700.0,45180.0,Wednesday,False,-0.0124590163934426,45750.0,46090.0,48170.0,46784.28571428572,46519.0
2018-02-22,45130.0,44930.0,45250.0,44930.0,Thursday,False,-0.0055334218680832,45180.0,45750.0,47380.0,46357.142857142855,46498.666666666664
2018-02-23,45130.0,44930.0,45250.0,44930.0,Friday,True,0.0,44930.0,45750.0,47380.0,46007.142857142855,46469.666666666664
2018-02-24,44900.0,44770.0,44900.0,44780.0,Saturday,False,-0.0033385265969285,44930.0,45180.0,46970.0,45657.142857142855,46445.333333333336
2018-02-25,44790.0,44750.0,44800.0,44760.0,Sunday,False,-0.0004466279589102,44780.0,44930.0,46090.0,45344.28571428572,46427.0
2018-02-26,44780.0,44760.0,44780.0,44780.0,Monday,False,0.0004468275245754,44760.0,44930.0,45750.0,45154.28571428572,46408.0
2018-02-27,44760.0,44720.0,44760.0,44720.0,Tuesday,False,-0.0013398838767306,44780.0,44780.0,45750.0,45015.71428571428,46395.333333333336
2018-02-28,44710.0,44710.0,44710.0,44710.0,Wednesday,False,-0.0002236135957066,44720.0,44760.0,45180.0,44868.57142857143,46363.333333333336
2018-03-01,44700.0,44690.0,44700.0,44700.0,Thursday,False,-0.0002236636099306,44710.0,44780.0,44930.0,44801.42857142857,46337.0
2018-03-02,44690.0,44690.0,44690.0,44690.0,Friday,False,-0.0002237136465323,44700.0,44720.0,44930.0,44768.57142857143,46304.666666666664
2018-03-03,44680.0,44670.0,47330.0,47080.0,Saturday,False,0.0534795256209443,44690.0,44710.0,44780.0,44734.28571428572,46246.0
2018-03-04,47110.0,47080.0,47700.0,47700.0,Sunday,False,0.0131690739167373,47080.0,44700.0,44760.0,45062.857142857145,46266.333333333336
2018-03-05,47730.0,47630.0,47790.0,47690.0,Monday,False,-0.00020964360587,47700.0,44690.0,44780.0,45482.857142857145,46307.333333333336
2018-03-06,47740.0,47730.0,47800.0,47750.0,Tuesday,False,0.0012581253931642,47690.0,47080.0,44720.0,45898.57142857143,46329.0
2018-03-07,47950.0,47840.0,47960.0,47880.0,Wednesday,False,0.0027225130890051,47750.0,47700.0,44710.0,46331.42857142857,46339.333333333336
2018-03-08,47890.0,47850.0,47900.0,47860.0,Thursday,False,-0.0004177109440267,47880.0,47690.0,44700.0,46784.28571428572,46376.666666666664
2018-03-09,47890.0,47890.0,47890.0,47890.0,Friday,False,0.0006268282490597,47860.0,47750.0,44690.0,47235.71428571428,46408.666666666664
2018-03-10,48340.0,47960.0,48340.0,47960.0,Saturday,False,0.0014616830235958,47890.0,47880.0,47080.0,47692.857142857145,46490.0
2018-03-11,47920.0,47850.0,48030.0,48030.0,Sunday,False,0.0014595496246871,47960.0,47860.0,47700.0,47818.57142857143,46532.0
2018-03-12,48080.0,47230.0,48500.0,48260.0,Monday,False,0.0047886737455757,48030.0,47890.0,47690.0,47865.71428571428,46576.333333333336
2018-03-13,48270.0,47820.0,48420.0,48160.0,Tuesday,False,-0.0020721094073766,48260.0,47960.0,47750.0,47947.142857142855,46610.0
2018-03-14,48210.0,48060.0,48510.0,48510.0,Wednesday,False,0.007267441860465,48160.0,48030.0,47880.0,48005.71428571428,46639.666666666664
2018-03-15,48550.0,48370.0,48560.0,48490.0,Thursday,False,-0.0004122861265718,48510.0,48260.0,47860.0,48095.71428571428,46640.333333333336
2018-03-16,48650.0,48650.0,48650.0,48650.0,Friday,False,0.0032996494122499,48490.0,48160.0,47890.0,48185.71428571428,46631.0
2018-03-17,48670.0,48290.0,48740.0,48310.0,Saturday,False,-0.0069886947584789,48650.0,48510.0,47960.0,48294.28571428572,46647.0
2018-03-18,48290.0,48190.0,48290.0,48190.0,Sunday,False,-0.0024839577727178,48310.0,48490.0,48030.0,48344.28571428572,46678.0
2018-03-19,48280.0,48280.0,48750.0,48570.0,Monday,False,0.0078854534135712,48190.0,48650.0,48260.0,48367.142857142855,46705.0
2018-03-20,48750.0,48750.0,49130.0,48990.0,Tuesday,False,0.0086473131562692,48570.0,48310.0,48160.0,48411.42857142857,46758.333333333336
2018-03-21,48750.0,48750.0,49130.0,48990.0,Wednesday,True,0.0,48990.0,48190.0,48510.0,48530.0,46855.0
2018-03-22,48750.0,48750.0,49130.0,48990.0,Thursday,True,0.0,48990.0,48570.0,48490.0,48598.57142857143,46963.0
2018-03-23,48750.0,48750.0,49130.0,48990.0,Friday,True,0.0,48990.0,48990.0,48650.0,48670.0,47071.0
2018-03-24,48810.0,48810.0,49210.0,49210.0,Saturday,False,0.0044907123902837,48990.0,48990.0,48310.0,48718.57142857143,47198.0
2018-03-25,49390.0,49210.0,50080.0,49910.0,Sunday,False,0.0142247510668562,49210.0,48990.0,48190.0,48847.142857142855,47340.666666666664
2018-03-26,49710.0,49710.0,51180.0,51030.0,Monday,False,0.0224403927068723,49910.0,48990.0,48570.0,49092.857142857145,47506.666666666664
2018-03-27,51010.0,49600.0,51400.0,50490.0,Tuesday,False,-0.0105820105820105,51030.0,49210.0,48990.0,49444.28571428572,47715.0
2018-03-28,50440.0,50340.0,50700.0,50460.0,Wednesday,False,-0.0005941770647652,50490.0,49910.0,48990.0,49658.57142857143,47906.0
2018-03-29,50570.0,50410.0,51400.0,50450.0,Thursday,False,-0.0001981767736821,50460.0,51030.0,48990.0,49868.57142857143,48095.333333333336
2018-03-30,51020.0,51020.0,51020.0,51020.0,Friday,False,0.0112983151635281,50450.0,50490.0,48990.0,50077.142857142855,48286.333333333336
2018-03-31,50850.0,50800.0,50850.0,50800.0,Saturday,False,-0.0043120344962759,51020.0,50460.0,49210.0,50367.142857142855,48496.666666666664
2018-04-01,50450.0,50290.0,50450.0,50290.0,Sunday,False,-0.0100393700787401,50800.0,50450.0,49910.0,50594.28571428572,48700.0
2018-04-02,50800.0,50800.0,50800.0,50800.0,Monday,False,0.0101411811493339,50290.0,51020.0,51030.0,50648.57142857143,48886.666666666664
2018-04-03,49850.0,49850.0,51450.0,50540.0,Tuesday,False,-0.0051181102362204,50800.0,50800.0,50490.0,50615.71428571428,49010.666666666664
2018-04-04,50550.0,50050.0,50560.0,50560.0,Wednesday,False,0.0003957261574989,50540.0,50290.0,50460.0,50622.857142857145,49105.333333333336
2018-04-05,50430.0,50400.0,50940.0,50940.0,Thursday,False,0.0075158227848102,50560.0,50800.0,50450.0,50637.142857142855,49201.0
2018-04-06,50430.0,50400.0,50940.0,50940.0,Friday,True,0.0,50940.0,50540.0,51020.0,50707.142857142855,49307.333333333336
2018-04-07,50700.0,50700.0,51850.0,51710.0,Saturday,False,0.0151158225363172,50940.0,50560.0,50800.0,50695.71428571428,49409.333333333336
2018-04-08,52450.0,52080.0,57050.0,56600.0,Sunday,False,0.0945658479984528,51710.0,50940.0,50290.0,50825.71428571428,49537.666666666664
2018-04-09,56450.0,56450.0,60480.0,58650.0,Monday,False,0.0362190812720848,56600.0,50940.0,50800.0,51727.142857142855,49828.0
2018-04-10,56450.0,56450.0,60480.0,58650.0,Tuesday,True,0.0,58650.0,51710.0,50540.0,52848.57142857143,50184.333333333336
2018-04-11,42000.0,42000.0,42000.0,42000.0,Wednesday,False,-0.2838874680306905,58650.0,56600.0,50560.0,54007.142857142855,50538.333333333336
2018-04-12,42000.0,42000.0,42000.0,42000.0,Thursday,True,0.0,42000.0,58650.0,50940.0,52784.28571428572,50329.666666666664
2018-04-13,42000.0,42000.0,42000.0,42000.0,Friday,True,0.0,42000.0,58650.0,50940.0,51507.142857142855,50124.333333333336
2018-04-14,42000.0,42000.0,42000.0,42000.0,Saturday,True,0.0,42000.0,42000.0,51710.0,50230.0,49907.333333333336
2018-04-15,42000.0,42000.0,42000.0,42000.0,Sunday,True,0.0,42000.0,42000.0,56600.0,48842.857142857145,49691.0
2018-04-16,42000.0,42000.0,42000.0,42000.0,Monday,True,0.0,42000.0,42000.0,58650.0,46757.142857142855,49469.333333333336
2018-04-17,42000.0,42000.0,42000.0,42000.0,Tuesday,True,0.0,42000.0,42000.0,58650.0,44378.57142857143,49259.0
2018-04-18,53380.0,53310.0,55970.0,55920.0,Wednesday,False,0.3314285714285714,42000.0,42000.0,42000.0,42000.0,49052.666666666664
2018-04-19,55930.0,55470.0,55960.0,55740.0,Thursday,False,-0.0032188841201716,55920.0,42000.0,42000.0,43988.57142857143,49297.666666666664
2018-04-20,55730.0,55680.0,56160.0,56130.0,Friday,False,0.0069967707212055,55740.0,42000.0,42000.0,45951.42857142857,49522.666666666664
2018-04-21,56120.0,56020.0,56480.0,56330.0,Saturday,False,0.0035631569570639,56130.0,55920.0,42000.0,47970.0,49760.666666666664
2018-04-22,56170.0,55870.0,56330.0,55870.0,Sunday,False,-0.0081661636783241,56330.0,55740.0,42000.0,50017.142857142855,50005.333333333336
2018-04-23,55880.0,54880.0,56010.0,55290.0,Monday,False,-0.0103812421693216,55870.0,56130.0,42000.0,51998.57142857143,50234.666666666664
2018-04-24,54830.0,54450.0,55240.0,54500.0,Tuesday,False,-0.0142882980647495,55290.0,56330.0,42000.0,53897.142857142855,50437.333333333336
2018-04-25,54250.0,54110.0,55600.0,55470.0,Wednesday,False,0.0177981651376146,54500.0,55870.0,55920.0,55682.857142857145,50590.333333333336
2018-04-26,55460.0,55310.0,56420.0,56350.0,Thursday,False,0.0158644312240849,55470.0,55290.0,55740.0,55618.57142857143,50738.333333333336
2018-04-27,55460.0,55310.0,56420.0,56350.0,Friday,True,0.0,56350.0,54500.0,56130.0,55705.71428571428,50933.666666666664
2018-04-28,56050.0,56040.0,57180.0,57110.0,Saturday,False,0.0134871339840283,56350.0,55470.0,56330.0,55737.142857142855,51130.0
2018-04-29,57110.0,56950.0,58540.0,58540.0,Sunday,False,0.0250393976536509,57110.0,56350.0,55870.0,55848.57142857143,51352.0
2018-04-30,57110.0,56950.0,58540.0,58540.0,Monday,True,0.0,58540.0,56350.0,55290.0,56230.0,51602.666666666664
2018-05-01,57110.0,56950.0,58540.0,58540.0,Tuesday,True,0.0,58540.0,57110.0,54500.0,56694.28571428572,51860.666666666664
2018-05-02,57110.0,56950.0,58540.0,58540.0,Wednesday,True,0.0,58540.0,58540.0,55470.0,57271.42857142857,52135.666666666664
2018-05-03,59630.0,59440.0,61970.0,61170.0,Thursday,False,0.0449265459514862,58540.0,58540.0,56350.0,57710.0,52393.666666666664
2018-05-04,61190.0,61090.0,61420.0,61160.0,Friday,False,-0.0001634788294915,61170.0,58540.0,56350.0,58398.57142857143,52748.0
2018-05-05,61150.0,61100.0,65130.0,63830.0,Saturday,False,0.0436559843034662,61160.0,58540.0,57110.0,59085.71428571428,53101.333333333336
2018-05-06,63810.0,62180.0,65600.0,63500.0,Sunday,False,-0.005169982766724,63830.0,61170.0,58540.0,60045.71428571428,53531.0
2018-05-07,63510.0,59060.0,63650.0,59230.0,Monday,False,-0.067244094488189,63500.0,61160.0,58540.0,60754.28571428572,53949.666666666664
2018-05-08,59220.0,59080.0,64420.0,63900.0,Tuesday,False,0.07884517980753,59230.0,63830.0,58540.0,60852.857142857145,54200.333333333336
2018-05-09,63890.0,63650.0,66840.0,65710.0,Wednesday,False,0.0283255086071987,63900.0,63500.0,58540.0,61618.57142857143,54443.666666666664
2018-05-10,65720.0,64660.0,68090.0,66530.0,Thursday,False,0.0124790747222645,65710.0,59230.0,61170.0,62642.857142857145,54679.0
2018-05-11,66520.0,66300.0,66990.0,66900.0,Friday,False,0.0055614008717872,66530.0,63900.0,61160.0,63408.57142857143,54941.666666666664
2018-05-12,66920.0,64370.0,67480.0,65970.0,Saturday,False,-0.0139013452914797,66900.0,65710.0,63830.0,64228.57142857143,55771.666666666664
2018-05-13,65410.0,63990.0,66300.0,64550.0,Sunday,False,-0.0215249355767773,65970.0,66530.0,63500.0,64534.28571428572,56570.666666666664
2018-05-14,64540.0,61130.0,64560.0,63300.0,Monday,False,-0.0193648334624322,64550.0,66900.0,59230.0,64684.28571428572,57322.333333333336
2018-05-15,63310.0,62050.0,64290.0,64140.0,Tuesday,False,0.0132701421800947,63300.0,65970.0,63900.0,65265.71428571428,58032.333333333336
2018-05-16,64150.0,60940.0,65280.0,61520.0,Wednesday,False,-0.0408481446835048,64140.0,64550.0,65710.0,65300.0,58770.333333333336
2018-05-17,61530.0,61380.0,63650.0,62740.0,Thursday,False,0.0198309492847854,61520.0,63300.0,66530.0,64701.42857142857,59421.0
2018-05-18,62750.0,62600.0,62980.0,62640.0,Friday,False,-0.0015938795027096,62740.0,64140.0,66900.0,64160.0,60112.333333333336
2018-05-19,62630.0,61380.0,62710.0,61380.0,Saturday,False,-0.0201149425287355,62640.0,61520.0,65970.0,63551.42857142857,60336.333333333336
2018-05-20,61250.0,60650.0,62250.0,62010.0,Sunday,False,0.0102639296187683,61380.0,62740.0,64550.0,62895.71428571428,60524.333333333336
2018-05-21,62130.0,62060.0,64050.0,63330.0,Monday,False,0.0212868892114175,62010.0,62640.0,63300.0,62532.857142857145,60720.333333333336
2018-05-22,63320.0,62410.0,64410.0,63870.0,Tuesday,False,0.0085267645665561,63330.0,61380.0,64140.0,62537.142857142855,60953.666666666664
2018-05-23,63860.0,63310.0,63990.0,63640.0,Wednesday,False,-0.0036010646625959,63870.0,62010.0,61520.0,62498.57142857143,61220.333333333336
2018-05-24,63630.0,62430.0,64250.0,63440.0,Thursday,False,-0.0031426775612821,63640.0,63330.0,62740.0,62801.42857142857,61498.666666666664
2018-05-25,63450.0,63360.0,63670.0,63670.0,Friday,False,0.003625472887768,63440.0,63870.0,62640.0,62901.42857142857,61796.666666666664
2018-05-26,63660.0,63280.0,63970.0,63970.0,Saturday,False,0.0047117951939688,63670.0,63640.0,61380.0,63048.57142857143,62070.0
2018-05-27,64020.0,63300.0,64440.0,63630.0,Sunday,False,-0.0053149914022198,63970.0,63440.0,62010.0,63418.57142857143,62324.0
2018-05-28,63700.0,62740.0,64480.0,63530.0,Monday,False,-0.0015715857300016,63630.0,63670.0,63330.0,63650.0,62566.666666666664
2018-05-29,63540.0,58650.0,64150.0,62920.0,Tuesday,False,-0.0096017629466393,63530.0,63970.0,63870.0,63678.57142857143,62780.666666666664
2018-05-30,62930.0,62890.0,65740.0,64380.0,Wednesday,False,0.0232040686586141,62920.0,63630.0,63640.0,63542.857142857145,62926.666666666664
2018-05-31,64370.0,64000.0,64900.0,64640.0,Thursday,False,0.0040385212799005,64380.0,63530.0,63440.0,63648.57142857143,63121.333333333336
2018-06-01,64630.0,64620.0,65150.0,65020.0,Friday,False,0.0058787128712871,64640.0,62920.0,63670.0,63820.0,63324.666666666664
2018-06-02,65000.0,63830.0,65180.0,63900.0,Saturday,False,-0.0172254690864349,65020.0,64380.0,63970.0,64012.857142857145,63540.666666666664
2018-06-03,64470.0,63610.0,64950.0,64390.0,Sunday,False,0.0076682316118936,63900.0,64640.0,63630.0,64002.857142857145,63631.666666666664
2018-06-04,64400.0,64090.0,64530.0,64250.0,Monday,False,-0.0021742506600404,64390.0,65020.0,63530.0,64111.42857142857,63739.333333333336
2018-06-05,64260.0,64040.0,65460.0,65210.0,Tuesday,False,0.0149416342412451,64250.0,63900.0,62920.0,64214.28571428572,63753.333333333336
2018-06-06,65200.0,64710.0,65350.0,65090.0,Wednesday,False,-0.0018402085569697,65210.0,64390.0,64380.0,64541.42857142857,63810.333333333336
2018-06-07,65070.0,64770.0,66020.0,65030.0,Thursday,False,-0.000921800583807,65090.0,64250.0,64640.0,64642.857142857145,64005.666666666664
2018-06-08,65040.0,64390.0,65220.0,64390.0,Friday,False,-0.0098416115638936,65030.0,65210.0,65020.0,64698.57142857143,64043.333333333336
2018-06-09,64400.0,64310.0,67350.0,67350.0,Saturday,False,0.0459698710979965,64390.0,65090.0,63900.0,64608.57142857143,63999.333333333336
2018-06-10,67570.0,65760.0,68880.0,65760.0,Sunday,False,-0.0236080178173719,67350.0,65030.0,64390.0,65101.42857142857,64026.666666666664
2018-06-11,65740.0,65500.0,68660.0,67810.0,Monday,False,0.0311739659367396,65760.0,64390.0,64250.0,65297.142857142855,63988.666666666664
2018-06-12,67800.0,67790.0,70910.0,70350.0,Tuesday,False,0.0374576021235806,67810.0,67350.0,65210.0,65805.71428571429,64050.0
2018-06-13,70340.0,69780.0,71860.0,70080.0,Wednesday,False,-0.0038379530916844,70350.0,65760.0,65090.0,66540.0,64243.333333333336
2018-06-14,70070.0,66600.0,70160.0,67690.0,Thursday,False,-0.0341038812785388,70080.0,67810.0,65030.0,67252.85714285714,64469.333333333336
2018-06-15,67680.0,67630.0,68880.0,68670.0,Friday,False,0.014477766287487,67690.0,70350.0,64390.0,67632.85714285714,64587.666666666664
2018-06-16,68650.0,68520.0,69380.0,69320.0,Saturday,False,0.0094655599242754,68670.0,70080.0,67350.0,68244.28571428571,64826.0
2018-06-17,68740.0,67940.0,70690.0,70310.0,Sunday,False,0.0142815926139643,69320.0,67690.0,65760.0,68525.71428571429,65045.333333333336
2018-06-18,70430.0,69300.0,72760.0,70540.0,Monday,False,0.0032712274214194,70310.0,68670.0,67810.0,69175.71428571429,65301.0
2018-06-19,70550.0,70250.0,72720.0,72270.0,Tuesday,False,0.0245250921463,70540.0,69320.0,70350.0,69565.71428571429,65606.33333333333
2018-06-20,72290.0,72260.0,74030.0,74000.0,Wednesday,False,0.02393801023938,72270.0,70310.0,70080.0,69840.0,65948.33333333333
2018-06-21,73980.0,73580.0,75750.0,74910.0,Thursday,False,0.0122972972972972,74000.0,70540.0,67690.0,70400.0,66304.0
2018-06-22,73980.0,73580.0,75750.0,74910.0,Friday,True,0.0,74910.0,72270.0,68670.0,71431.42857142857,66672.0
2018-06-23,74930.0,74530.0,75360.0,75060.0,Saturday,False,0.0020024028834602,74910.0,74000.0,69320.0,72322.85714285714,67047.66666666667
2018-06-24,81000.0,79620.0,90960.0,87050.0,Sunday,False,0.1597388755662137,75060.0,74910.0,70310.0,73142.85714285714,67435.0
2018-06-25,87000.0,78760.0,89430.0,81550.0,Monday,False,-0.0631820792647903,87050.0,74910.0,70540.0,75534.28571428571,68214.33333333333
2018-06-26,81530.0,78330.0,83640.0,78910.0,Tuesday,False,-0.0323727774371551,81550.0,75060.0,72270.0,77107.14285714286,68800.33333333333
2018-06-27,78920.0,77900.0,80290.0,79740.0,Wednesday,False,0.0105183120010137,78910.0,87050.0,74000.0,78055.71428571429,69309.66666666667
2018-06-28,79710.0,79630.0,84510.0,82280.0,Thursday,False,0.0318535239528467,79740.0,81550.0,74910.0,78875.71428571429,69850.0
2018-06-29,82270.0,81940.0,83310.0,82280.0,Friday,False,0.0,82280.0,78910.0,74910.0,79928.57142857143,70495.33333333333
2018-06-30,82300.0,78200.0,85050.0,79750.0,Saturday,False,-0.0307486631016042,82280.0,79740.0,75060.0,80981.42857142857,71092.0
2018-07-01,79980.0,79870.0,83670.0,83580.0,Sunday,False,0.0480250783699058,79750.0,82280.0,87050.0,81651.42857142857,71595.66666666667
2018-07-02,83650.0,82170.0,85420.0,83310.0,Monday,False,-0.0032304379038047,83580.0,82280.0,81550.0,81155.71428571429,72214.33333333333
2018-07-03,83330.0,81390.0,83610.0,81600.0,Tuesday,False,-0.0205257472092186,83310.0,79750.0,78910.0,81407.14285714286,72861.33333333333
2018-07-04,81640.0,78850.0,82160.0,80140.0,Wednesday,False,-0.0178921568627451,81600.0,83580.0,79740.0,81791.42857142857,73435.0
2018-07-05,80150.0,76250.0,80360.0,78470.0,Thursday,False,-0.0208385325680059,80140.0,83310.0,82280.0,81848.57142857143,73964.66666666667
2018-07-06,78460.0,78340.0,81690.0,80370.0,Friday,False,0.0242130750605327,78470.0,81600.0,82280.0,81304.28571428571,74406.66666666667
2018-07-07,80390.0,76930.0,80640.0,80190.0,Saturday,False,-0.0022396416573348,80370.0,80140.0,79750.0,81031.42857142857,74916.0
2018-07-08,79800.0,78610.0,80870.0,79860.0,Sunday,False,-0.0041152263374485,80190.0,78470.0,83580.0,81094.28571428571,75421.33333333333
2018-07-09,79820.0,78630.0,79860.0,79460.0,Monday,False,-0.0050087653393438,79860.0,80370.0,83310.0,80562.85714285714,75937.0
2018-07-10,79470.0,77650.0,80090.0,77850.0,Tuesday,False,-0.0202617669267556,79460.0,80190.0,81600.0,80012.85714285714,76340.66666666667
2018-07-11,79470.0,77650.0,80090.0,77850.0,Wednesday,True,0.0,77850.0,79860.0,80140.0,79477.14285714286,76743.66666666667
2018-07-12,77920.0,77090.0,79210.0,78160.0,Thursday,False,0.0039820166987796,77850.0,79460.0,78470.0,79150.0,77078.33333333333
2018-07-13,78170.0,77740.0,78620.0,78220.0,Friday,False,0.0007676560900715,78160.0,77850.0,80370.0,79105.71428571429,77338.66666666667
2018-07-14,78210.0,77770.0,80230.0,79610.0,Saturday,False,0.0177703912042954,78220.0,77850.0,80190.0,78798.57142857143,77610.0
2018-07-15,80300.0,80300.0,83120.0,80740.0,Sunday,False,0.014194196708956,79610.0,78160.0,79860.0,78715.71428571429,78007.33333333333
2018-07-16,80780.0,78790.0,81320.0,79190.0,Monday,False,-0.0191974238295764,80740.0,78220.0,79460.0,78841.42857142857,78409.66666666667
2018-07-17,79170.0,77650.0,81990.0,81950.0,Tuesday,False,0.0348528854653364,79190.0,79610.0,77850.0,78802.85714285714,78738.66666666667
2018-07-18,81940.0,80450.0,83640.0,81340.0,Wednesday,False,-0.0074435631482611,81950.0,80740.0,77850.0,79388.57142857143,79126.66666666667
2018-07-19,81360.0,80770.0,84620.0,81960.0,Thursday,False,0.0076223260388492,81340.0,79190.0,78160.0,79887.14285714286,79486.66666666667
2018-07-20,81980.0,81240.0,82740.0,81490.0,Friday,False,-0.005734504636408,81960.0,81950.0,78220.0,80430.0,79809.66666666667
2018-07-21,81470.0,81340.0,86500.0,86500.0,Saturday,False,0.0614799361884894,81490.0,81340.0,79610.0,80897.14285714286,80059.33333333333
2018-07-22,86250.0,85990.0,90460.0,88970.0,Sunday,False,0.0285549132947977,86500.0,81960.0,80740.0,81881.42857142857,80445.66666666667
2018-07-23,88990.0,88730.0,95340.0,93700.0,Monday,False,0.0531639878610767,88970.0,81490.0,79190.0,83057.14285714286,80914.33333333333
2018-07-24,93710.0,91130.0,95750.0,94060.0,Tuesday,False,0.0038420490928494,93700.0,86500.0,81950.0,85130.0,81535.66666666667
2018-07-25,94070.0,91450.0,94600.0,91550.0,Wednesday,False,-0.0266850946204549,94060.0,88970.0,81340.0,86860.0,81769.33333333333
2018-07-26,91560.0,91340.0,95290.0,93160.0,Thursday,False,0.0175860185690879,91550.0,93700.0,81960.0,88318.57142857143,82102.66666666667
2018-07-27,93170.0,93060.0,95530.0,94560.0,Friday,False,0.0150279089738085,93160.0,94060.0,81490.0,89918.57142857143,82577.66666666667
2018-07-28,94550.0,92880.0,96940.0,96940.0,Saturday,False,0.0251692047377327,94560.0,91550.0,86500.0,91785.71428571429,83071.66666666667
2018-07-29,103780.0,101000.0,118260.0,116500.0,Sunday,False,0.2017742933773467,96940.0,93160.0,88970.0,93277.14285714286,83560.33333333333
2018-07-30,116550.0,107810.0,117610.0,114700.0,Monday,False,-0.015450643776824,116500.0,94560.0,93700.0,97210.0,84701.0
2018-07-31,114710.0,95090.0,114890.0,105410.0,Tuesday,False,-0.0809938971229293,114700.0,96940.0,94060.0,100210.0,85866.0
2018-08-01,105390.0,101010.0,111930.0,105980.0,Wednesday,False,0.0054074565980457,105410.0,116500.0,91550.0,101831.42857142857,86593.66666666667
2018-08-02,105990.0,95600.0,113120.0,112960.0,Thursday,False,0.0658614832987356,105980.0,114700.0,93160.0,103892.85714285714,87349.33333333333
2018-08-03,112970.0,102100.0,113370.0,105770.0,Friday,False,-0.0636508498583569,112960.0,105410.0,94560.0,106721.42857142857,88394.66666666667
2018-08-04,105760.0,99000.0,113460.0,101480.0,Saturday,False,-0.0405597050203271,105770.0,105980.0,96940.0,108322.85714285714,89249.0
2018-08-05,98100.0,98170.0,101660.0,98170.0,Sunday,False,-0.0326172644856129,101480.0,112960.0,116500.0,108971.42857142857,90016.0
2018-08-06,98150.0,92450.0,99290.0,95960.0,Monday,False,-0.0225119690333095,98170.0,105770.0,114700.0,106352.85714285714,90609.33333333333
2018-08-07,95970.0,82310.0,98050.0,89760.0,Tuesday,False,-0.0646102542726135,95960.0,101480.0,105410.0,103675.71428571429,91135.0
2018-08-08,89780.0,89250.0,107860.0,102540.0,Wednesday,False,0.1423796791443849,89760.0,98170.0,105980.0,101440.0,91465.0
2018-08-09,102520.0,91740.0,111550.0,103360.0,Thursday,False,0.0079968792666276,102540.0,95960.0,112960.0,100948.57142857143,92234.33333333333
2018-08-10,103350.0,103170.0,109670.0,109430.0,Friday,False,0.0587267801857585,103360.0,89760.0,105770.0,99577.14285714286,93084.66666666667
2018-08-11,109370.0,100370.0,111550.0,104280.0,Saturday,False,-0.0470620487983185,109430.0,102540.0,101480.0,100100.0,94137.33333333333
2018-08-12,103970.0,97470.0,105910.0,100850.0,Sunday,False,-0.0328922132719601,104280.0,103360.0,98170.0,100500.0,95008.0
2018-08-13,100880.0,99470.0,106590.0,106260.0,Monday,False,0.0536440257808625,100850.0,109430.0,95960.0,100882.85714285714,95762.33333333333
2018-08-14,106260.0,105150.0,110300.0,105550.0,Tuesday,False,-0.0066817240730284,106260.0,104280.0,89760.0,102354.28571428571,96650.66666666667
2018-08-15,105540.0,103070.0,107970.0,105030.0,Wednesday,False,-0.004926575082899,105550.0,100850.0,102540.0,104610.0,97477.66666666667
2018-08-16,105040.0,103360.0,107150.0,107090.0,Thursday,False,0.0196134437779682,105030.0,106260.0,103360.0,104965.71428571429,98339.0
2018-08-17,107120.0,106610.0,109980.0,107120.0,Friday,False,0.0002801382015127,107090.0,105550.0,109430.0,105498.57142857143,99177.0
2018-08-18,107060.0,102600.0,107080.0,103300.0,Saturday,False,-0.0356609410007467,107120.0,105030.0,104280.0,105168.57142857143,100036.33333333333
2018-08-19,102980.0,101960.0,105280.0,103050.0,Sunday,False,-0.0024201355275895,103300.0,107090.0,100850.0,105028.57142857143,100747.66666666667
2018-08-20,103160.0,102880.0,105600.0,104140.0,Monday,False,0.0105773896166909,103050.0,107120.0,106260.0,105342.85714285714,101466.33333333333
2018-08-21,104150.0,103600.0,107110.0,105840.0,Tuesday,False,0.0163241789898214,104140.0,103300.0,105550.0,105040.0,102054.33333333333
2018-08-22,105830.0,105230.0,106070.0,105460.0,Wednesday,False,-0.0035903250188964,105840.0,103050.0,105030.0,105081.42857142857,102616.66666666667
2018-08-23,105470.0,103770.0,106640.0,105090.0,Thursday,False,-0.003508439218661,105460.0,104140.0,107090.0,105142.85714285714,103008.66666666667
2018-08-24,105080.0,102370.0,105280.0,102790.0,Friday,False,-0.0218860024740698,105090.0,105840.0,107120.0,104857.14285714286,103376.33333333333
2018-08-25,102810.0,102720.0,105020.0,104390.0,Saturday,False,0.015565716509388,102790.0,105460.0,103300.0,104238.57142857143,103751.0
2018-08-26,105020.0,104390.0,106440.0,105430.0,Sunday,False,0.0099626400996264,104390.0,105090.0,103050.0,104394.28571428571,104125.33333333333
2018-08-27,105310.0,105270.0,108140.0,107150.0,Monday,False,0.0163141420847956,105430.0,102790.0,104140.0,104734.28571428571,104487.66666666667
2018-08-28,107140.0,104770.0,110700.0,110610.0,Tuesday,False,0.0322911805879608,107150.0,104390.0,105840.0,105164.28571428571,104828.0
2018-08-29,110620.0,106020.0,110680.0,110110.0,Wednesday,False,-0.0045203869451224,110610.0,105430.0,105460.0,105845.71428571429,104631.66666666667
2018-08-30,109430.0,109270.0,111050.0,110350.0,Thursday,False,0.0021796385432748,110110.0,107150.0,105090.0,106510.0,104478.66666666667
2018-08-31,110250.0,109420.0,110420.0,109970.0,Friday,False,-0.0034435885817852,110350.0,110610.0,102790.0,107261.42857142857,104643.33333333333
2018-09-01,109960.0,107420.0,112320.0,111890.0,Saturday,False,0.01745930708375,109970.0,110110.0,104390.0,108287.14285714286,104776.33333333333
2018-09-02,112060.0,104000.0,121980.0,119770.0,Sunday,False,0.0704263115559924,111890.0,110350.0,105430.0,109358.57142857143,104740.66666666667
2018-09-03,112060.0,104000.0,121980.0,119770.0,Monday,True,0.0,119770.0,109970.0,107150.0,111407.14285714286,105207.33333333333
2018-09-04,128230.0,127760.0,139610.0,136840.0,Tuesday,False,0.142523169408032,119770.0,111890.0,110610.0,113210.0,105817.0
2018-09-05,137140.0,136400.0,150670.0,136890.0,Wednesday,False,0.0003653902367728,136840.0,119770.0,110110.0,116957.14285714286,107106.0
2018-09-06,136430.0,134680.0,144700.0,135110.0,Thursday,False,-0.0130031412082693,136890.0,119770.0,110350.0,120782.85714285714,108470.33333333333
2018-09-07,136430.0,134680.0,144700.0,135110.0,Friday,True,0.0,135110.0,136840.0,109970.0,124320.0,109982.0
2018-09-08,135260.0,128930.0,137060.0,134470.0,Saturday,False,-0.0047368810598771,135110.0,136890.0,111890.0,127911.42857142857,111067.66666666667
2018-09-09,128710.0,120970.0,130320.0,129630.0,Sunday,False,-0.035993158325277,134470.0,135110.0,119770.0,131137.14285714287,112104.66666666667
2018-09-10,129940.0,129550.0,138980.0,138160.0,Monday,False,0.0658026691352311,129630.0,135110.0,119770.0,132545.7142857143,112778.0
2018-09-11,138190.0,135190.0,146060.0,135330.0,Tuesday,False,-0.0204834973943254,138160.0,134470.0,136840.0,135172.85714285713,113907.33333333333
2018-09-12,135370.0,134170.0,138980.0,137160.0,Wednesday,False,0.0135225005542007,135330.0,129630.0,136890.0,134957.14285714287,115056.66666666667
2018-11-15,119000.0,118400.0,119000.0,118400.0,Thursday,False,-0.136774569845436,137160.0,138160.0,135110.0,134995.7142857143,116086.66666666667
2018-11-16,119000.0,118400.0,119000.0,118400.0,Friday,True,0.0,118400.0,135330.0,135110.0,132608.57142857142,116515.0
2018-11-17,118150.0,118150.0,118200.0,118200.0,Saturday,False,-0.0016891891891891,118400.0,137160.0,134470.0,130221.42857142857,116960.66666666667
2018-11-18,120870.0,120870.0,120870.0,120870.0,Sunday,False,0.0225888324873095,118200.0,118400.0,129630.0,127897.14285714286,117331.0
2018-11-19,127220.0,127220.0,127220.0,127220.0,Monday,False,0.0525357822453875,120870.0,118400.0,138160.0,126645.71428571429,117789.33333333333
2018-11-20,128400.0,128400.0,128400.0,128400.0,Tuesday,False,0.0092752711837762,127220.0,118200.0,135330.0,125082.85714285714,118586.66666666667
2018-11-21,127910.0,127910.0,127910.0,127910.0,Wednesday,False,-0.0038161993769469,128400.0,120870.0,137160.0,124092.85714285714,119431.66666666667
2018-11-22,127710.0,127710.0,127710.0,127710.0,Thursday,False,-0.0015635994058321,127910.0,127220.0,118400.0,122771.42857142857,120224.0
2018-11-23,127710.0,127710.0,127710.0,127710.0,Friday,True,0.0,127710.0,128400.0,118400.0,124101.42857142857,120953.0
2018-11-24,127250.0,127250.0,127250.0,127250.0,Saturday,False,-0.0036019105786547,127710.0,127910.0,118200.0,125431.42857142857,121694.66666666667
2018-11-25,127250.0,127250.0,127250.0,127250.0,Sunday,True,0.0,127250.0,127710.0,120870.0,126724.28571428571,122433.33333333333
2018-11-26,123350.0,123350.0,123350.0,123350.0,Monday,False,-0.030648330058939,127250.0,127710.0,127220.0,127635.71428571429,123248.66666666667
2018-11-27,123030.0,123030.0,123030.0,123030.0,Tuesday,False,-0.0025942440210782,123350.0,127250.0,128400.0,127082.85714285714,123880.66666666667
2018-11-28,121150.0,121150.0,121150.0,121150.0,Wednesday,False,-0.0152808258148419,123030.0,127250.0,127910.0,126315.71428571429,124467.33333333333
2018-11-29,112680.0,112450.0,112680.0,112450.0,Thursday,False,-0.071811803549319,121150.0,123350.0,127710.0,125350.0,124934.0
2018-11-30,112680.0,112450.0,112680.0,112450.0,Friday,True,0.0,112450.0,123030.0,127710.0,123170.0,124995.33333333333
2018-12-01,112750.0,107620.0,115540.0,113580.0,Saturday,False,0.0100489106269452,112450.0,121150.0,127250.0,120990.0,125073.33333333333
2018-12-02,113570.0,113570.0,121100.0,121100.0,Sunday,False,0.0662088395844338,113580.0,112450.0,127250.0,119037.14285714286,125181.0
2018-12-03,120240.0,113660.0,120290.0,114300.0,Monday,False,-0.0561519405450041,121100.0,112450.0,123350.0,118158.57142857143,125552.0
2018-12-04,114030.0,111710.0,114800.0,113670.0,Tuesday,False,-0.005511811023622,114300.0,113580.0,123030.0,116865.71428571429,125632.33333333333
2018-12-05,113900.0,112690.0,114010.0,113520.0,Wednesday,False,-0.0013196093956189,113670.0,121100.0,121150.0,115528.57142857143,125429.0
2018-12-06,113640.0,109790.0,116480.0,113030.0,Thursday,False,-0.0043164200140943,113520.0,114300.0,112450.0,114438.57142857143,125220.66666666667
2018-12-07,113640.0,109790.0,116480.0,113030.0,Friday,True,0.0,113030.0,113670.0,112450.0,114521.42857142857,124427.0
2018-12-08,112410.0,112340.0,116940.0,115170.0,Saturday,False,0.0189330266300982,113030.0,113520.0,113580.0,114604.28571428571,123631.66666666667
2018-12-09,114870.0,112110.0,114870.0,112410.0,Sunday,False,-0.0239645741078405,115170.0,113030.0,121100.0,114831.42857142857,122967.0
2018-12-10,112500.0,107360.0,112540.0,107900.0,Monday,False,-0.0401209856774308,112410.0,113030.0,114300.0,113590.0,122210.33333333333
2018-12-11,107840.0,107640.0,108230.0,108190.0,Tuesday,False,0.0026876737720111,107900.0,115170.0,113670.0,112675.71428571429,121324.66666666667
2018-12-12,108230.0,86900.0,109940.0,97100.0,Wednesday,False,-0.102504852574175,108190.0,112410.0,113520.0,111892.85714285714,120610.0
2018-12-13,97900.0,97900.0,101500.0,101300.0,Thursday,False,0.0432543769309989,97100.0,107900.0,113030.0,109547.14285714286,119241.33333333333
2018-12-14,97900.0,97900.0,101500.0,101300.0,Friday,True,0.0,101300.0,108190.0,113030.0,107871.42857142857,118107.0
2018-12-15,101250.0,101250.0,101850.0,101350.0,Saturday,False,0.0004935834155972,101300.0,97100.0,115170.0,106195.71428571429,116911.66666666667
2018-12-16,99900.0,97050.0,99950.0,99500.0,Sunday,False,-0.0182535767143562,101350.0,101300.0,112410.0,104221.42857142857,116343.33333333333
2018-12-17,99900.0,99400.0,99900.0,99400.0,Monday,False,-0.0010050251256281,99500.0,101300.0,107900.0,102377.14285714286,115713.33333333333
2018-12-18,99400.0,99400.0,99400.0,99400.0,Tuesday,False,0.0,99400.0,101350.0,108190.0,101162.85714285714,115086.66666666667
2018-12-19,101000.0,99900.0,101000.0,99900.0,Wednesday,False,0.0050301810865192,99400.0,99500.0,97100.0,99907.14285714286,114371.0
2018-12-20,99800.0,99700.0,99890.0,99700.0,Thursday,False,-0.0020020020020019,99900.0,99400.0,101300.0,100307.14285714286,113460.33333333333
2018-12-21,99800.0,99700.0,99890.0,99700.0,Friday,True,0.0,99700.0,99400.0,101300.0,100078.57142857143,112503.66666666667
2018-12-22,99900.0,99900.0,99900.0,99900.0,Saturday,False,0.0020060180541625,99700.0,99900.0,101350.0,99850.0,111563.33333333333
2018-12-23,99900.0,99900.0,99900.0,99900.0,Sunday,True,0.0,99900.0,99700.0,99500.0,99642.85714285714,110636.33333333333
2018-12-24,101000.0,101000.0,101000.0,101000.0,Monday,False,0.011011011011011,99900.0,99700.0,99400.0,99700.0,109709.33333333333
2018-12-25,103950.0,103950.0,105000.0,105000.0,Tuesday,False,0.0396039603960396,101000.0,99900.0,99400.0,99928.57142857143,108834.33333333333
2018-12-26,109000.0,109000.0,118000.0,112000.0,Wednesday,False,0.0666666666666666,105000.0,99900.0,99900.0,100728.57142857143,108092.66666666667
2018-12-27,111900.0,107500.0,111900.0,107500.0,Thursday,False,-0.0401785714285714,112000.0,101000.0,99700.0,102457.14285714286,107714.33333333333
2018-12-28,111900.0,107500.0,111900.0,107500.0,Friday,True,0.0,107500.0,105000.0,99700.0,103571.42857142857,107196.66666666667
2018-12-29,105000.0,102800.0,105000.0,103000.0,Saturday,False,-0.041860465116279,107500.0,112000.0,99900.0,104685.71428571429,106741.66666666667
2018-12-30,106000.0,105500.0,108000.0,107000.0,Sunday,False,0.0388349514563106,103000.0,107500.0,99900.0,105128.57142857143,106426.66666666667
2018-12-31,108000.0,107900.0,108000.0,108000.0,Monday,False,0.0093457943925232,107000.0,107500.0,101000.0,106142.85714285714,106245.0
2019-01-01,107000.0,105000.0,107000.0,105000.0,Tuesday,False,-0.0277777777777777,108000.0,103000.0,105000.0,107142.85714285714,106059.0
2019-01-02,104900.0,104200.0,105000.0,104500.0,Wednesday,False,-0.0047619047619047,105000.0,107000.0,112000.0,107142.85714285714,105522.33333333333
2019-01-03,106000.0,105800.0,106000.0,106000.0,Thursday,False,0.0143540669856458,104500.0,108000.0,107500.0,106071.42857142857,105195.66666666667
2019-01-04,106000.0,105800.0,106000.0,106000.0,Friday,True,0.0,106000.0,105000.0,107500.0,105857.14285714286,104940.0
2019-01-05,105950.0,105500.0,106000.0,105900.0,Saturday,False,-0.0009433962264151,106000.0,104500.0,103000.0,105642.85714285714,104689.33333333333
2019-01-06,105450.0,104900.0,105600.0,105500.0,Sunday,False,-0.0037771482530689,105900.0,106000.0,107000.0,106057.14285714286,104451.66666666667
2019-01-07,107000.0,106900.0,107100.0,107000.0,Monday,False,0.014218009478673,105500.0,106000.0,108000.0,105842.85714285714,104200.66666666667
2019-01-08,109000.0,108700.0,109000.0,109000.0,Tuesday,False,0.0186915887850467,107000.0,105900.0,105000.0,105700.0,103928.33333333333
2019-01-09,108800.0,108600.0,109050.0,108800.0,Wednesday,False,-0.001834862385321,109000.0,105500.0,104500.0,106271.42857142857,103814.66666666667
2019-01-10,108900.0,108850.0,108900.0,108900.0,Thursday,False,0.0009191176470588,108800.0,107000.0,106000.0,106885.71428571429,103844.66666666667
2019-01-11,108900.0,108850.0,108900.0,108900.0,Friday,True,0.0,108900.0,109000.0,106000.0,107300.0,103868.33333333333
2019-01-12,111000.0,110850.0,113500.0,113000.0,Saturday,False,0.0376492194674011,108900.0,108800.0,105900.0,107714.28571428571,104261.66666666667
2019-01-13,116000.0,114000.0,118000.0,114000.0,Sunday,False,0.0088495575221239,113000.0,108900.0,105500.0,108728.57142857143,104651.66666666667
2019-01-14,116000.0,114000.0,118000.0,114000.0,Monday,True,0.0,114000.0,108900.0,107000.0,109942.85714285714,105075.0
2019-01-15,112500.0,112300.0,112650.0,112500.0,Tuesday,False,-0.0131578947368421,114000.0,113000.0,109000.0,110942.85714285714,105496.66666666667
2019-01-16,114500.0,114350.0,114600.0,114500.0,Wednesday,False,0.0177777777777776,112500.0,114000.0,108800.0,111442.85714285714,105930.0
2019-01-17,115900.0,115900.0,115900.0,115900.0,Thursday,False,0.0122270742358079,114500.0,114000.0,108900.0,112257.14285714286,106433.33333333333
2019-01-18,115900.0,115900.0,115900.0,115900.0,Friday,True,0.0,115900.0,112500.0,108900.0,113257.14285714286,106983.33333333333
2019-01-19,114500.0,114300.0,114550.0,114500.0,Saturday,False,-0.0120793787748059,115900.0,114500.0,113000.0,114257.14285714286,107516.66666666667
2019-01-20,114400.0,114300.0,114500.0,114500.0,Sunday,False,0.0,114500.0,115900.0,114000.0,114471.42857142857,108010.0
2019-01-21,116500.0,116300.0,116500.0,116300.0,Monday,False,0.0157205240174671,114500.0,115900.0,114000.0,114542.85714285714,108503.33333333333
2019-01-22,116500.0,116250.0,116500.0,116500.0,Tuesday,False,0.0017196904557179,116300.0,114500.0,112500.0,114871.42857142857,109050.0
2019-01-23,115400.0,115200.0,115450.0,115400.0,Wednesday,False,-0.0094420600858369,116500.0,114500.0,114500.0,115442.85714285714,109603.33333333333
2019-01-24,115100.0,115000.0,115100.0,115000.0,Thursday,False,-0.0034662045060658,115400.0,116300.0,115900.0,115571.42857142857,110083.33333333333
2019-01-25,115100.0,115000.0,115100.0,115000.0,Friday,True,0.0,115000.0,116500.0,115900.0,115442.85714285714,110416.66666666667
2019-01-26,115100.0,115100.0,118500.0,116500.0,Saturday,False,0.0130434782608694,115000.0,115400.0,114500.0,115314.28571428571,110516.66666666667
2019-01-27,117900.0,117750.0,117950.0,117900.0,Sunday,False,0.0120171673819742,116500.0,115000.0,114500.0,115600.0,110816.66666666667
2019-01-28,118500.0,117800.0,118500.0,118000.0,Monday,False,0.0008481764206955,117900.0,115000.0,116300.0,116085.71428571429,111163.33333333333
2019-01-29,118900.0,117900.0,118900.0,118300.0,Tuesday,False,0.0025423728813558,118000.0,116500.0,116500.0,116328.57142857143,111663.33333333333
2019-01-30,119500.0,119300.0,119600.0,119450.0,Wednesday,False,0.0097210481825866,118300.0,117900.0,115400.0,116585.71428571429,112040.0
2019-01-31,119000.0,118350.0,119000.0,118500.0,Thursday,False,-0.0079531184596065,119450.0,118000.0,115000.0,117164.28571428571,112421.66666666667
2019-02-01,119000.0,118350.0,119000.0,118500.0,Friday,True,0.0,118500.0,118300.0,115000.0,117664.28571428571,112871.66666666667
2019-02-02,115500.0,112700.0,115500.0,113000.0,Saturday,False,-0.0464135021097046,118500.0,119450.0,116500.0,118164.28571428571,113338.33333333333
2019-02-03,110000.0,109700.0,110000.0,110000.0,Sunday,False,-0.0265486725663717,113000.0,118500.0,117900.0,117664.28571428571,113571.66666666667
2019-02-04,114500.0,114400.0,116550.0,116500.0,Monday,False,0.059090909090909,110000.0,118500.0,118000.0,116535.71428571429,113705.0
2019-02-05,118500.0,117300.0,118600.0,117500.0,Tuesday,False,0.0085836909871244,116500.0,113000.0,118300.0,116321.42857142857,114058.33333333333
2019-02-06,118500.0,118200.0,118600.0,118500.0,Wednesday,False,0.0085106382978723,117500.0,110000.0,119450.0,116207.14285714286,114458.33333333333
2019-02-07,116500.0,116450.0,116600.0,116450.0,Thursday,False,-0.0172995780590717,118500.0,116500.0,118500.0,116071.42857142857,114841.66666666667
2019-02-08,116500.0,116450.0,116600.0,116450.0,Friday,True,0.0,116450.0,117500.0,118500.0,115778.57142857143,115090.0
2019-02-09,116500.0,116450.0,116600.0,116450.0,Saturday,True,0.0,116450.0,118500.0,113000.0,115485.71428571429,115345.0
2019-02-10,116500.0,116500.0,117200.0,117100.0,Sunday,False,0.0055817947617002,116450.0,116450.0,110000.0,115978.57142857143,115596.66666666667
2019-02-11,116500.0,116500.0,117200.0,117100.0,Monday,True,0.0,117100.0,116450.0,116500.0,116992.85714285714,115870.0
2019-02-12,118000.0,118000.0,119000.0,119000.0,Tuesday,False,0.0162254483347565,117100.0,116450.0,117500.0,117078.57142857143,116006.66666666667
2019-02-13,119300.0,119100.0,119300.0,119300.0,Wednesday,False,0.0025210084033613,119000.0,117100.0,118500.0,117292.85714285714,116173.33333333333
2019-02-14,118500.0,118300.0,118500.0,118500.0,Thursday,False,-0.0067057837384744,119300.0,117100.0,116450.0,117407.14285714286,116350.0
2019-02-15,118500.0,118300.0,118500.0,118500.0,Friday,True,0.0,118500.0,119000.0,116450.0,117700.0,116550.0
2019-02-16,118400.0,118300.0,123000.0,121000.0,Saturday,False,0.021097046413502,118500.0,119300.0,116450.0,117992.85714285714,116683.33333333333
2019-02-17,122500.0,122550.0,123600.0,123500.0,Sunday,False,0.0206611570247934,121000.0,118500.0,117100.0,118642.85714285714,116853.33333333333
2019-02-18,123600.0,123600.0,129000.0,129000.0,Monday,False,0.0445344129554656,123500.0,118500.0,117100.0,119557.14285714286,117106.66666666667
2019-02-19,128000.0,127800.0,128000.0,128000.0,Tuesday,False,-0.0077519379844961,129000.0,121000.0,119000.0,121257.14285714286,117590.0
2019-02-20,129900.0,122800.0,129900.0,129700.0,Wednesday,False,0.0132812499999999,128000.0,123500.0,119300.0,122542.85714285714,118040.0
2019-02-21,129600.0,129600.0,129700.0,129700.0,Thursday,False,0.0,129700.0,129000.0,118500.0,124028.57142857143,118486.66666666667
2019-02-22,129600.0,129600.0,129700.0,129700.0,Friday,True,0.0,129700.0,128000.0,118500.0,125628.57142857143,118926.66666666667
2019-02-23,125000.0,125000.0,125000.0,125000.0,Saturday,False,-0.0362374710871241,129700.0,129700.0,121000.0,127228.57142857143,119403.33333333333
2019-02-24,136500.0,136500.0,136500.0,136500.0,Sunday,False,0.092,125000.0,129700.0,123500.0,127800.0,119736.66666666667
2019-02-25,135500.0,134500.0,135500.0,134500.0,Monday,False,-0.0146520146520146,136500.0,129700.0,129000.0,129657.14285714286,120453.33333333333
2019-02-26,133500.0,133000.0,133500.0,133000.0,Tuesday,False,-0.0111524163568773,134500.0,125000.0,128000.0,130442.85714285714,121053.33333333333
2019-02-27,132500.0,132500.0,132800.0,132500.0,Wednesday,False,-0.0037593984962406,133000.0,136500.0,129700.0,131157.14285714287,121556.66666666667
2019-02-28,132000.0,132000.0,132000.0,132000.0,Thursday,False,-0.0037735849056603,132500.0,134500.0,129700.0,131557.14285714287,122040.0
2019-03-01,132000.0,132000.0,132000.0,132000.0,Friday,True,0.0,132000.0,133000.0,129700.0,131885.7142857143,122496.66666666667
2019-03-02,134500.0,134400.0,134500.0,134500.0,Saturday,False,0.018939393939394,132000.0,132500.0,125000.0,132214.2857142857,122915.0
2019-03-03,133000.0,129800.0,133000.0,129860.0,Sunday,False,-0.0344981412639405,134500.0,132000.0,136500.0,133571.42857142858,123448.33333333333
2019-03-04,130040.0,126850.0,130040.0,127070.0,Monday,False,-0.0214846758047128,129860.0,132000.0,134500.0,132622.85714285713,123827.0
2019-03-05,126020.0,125850.0,126100.0,125980.0,Tuesday,False,-0.0085779491618792,127070.0,134500.0,133000.0,131561.42857142858,124296.0
2019-03-06,125950.0,125900.0,132550.0,131540.0,Wednesday,False,0.0441339895221464,125980.0,129860.0,132500.0,130558.57142857143,124828.66666666667
2019-03-07,131560.0,130360.0,131570.0,130370.0,Thursday,False,-0.0088946328113121,131540.0,127070.0,132000.0,130421.42857142857,125330.0
2019-03-08,131560.0,130360.0,131570.0,130370.0,Friday,True,0.0,130370.0,125980.0,132000.0,130188.57142857143,125759.0
2019-03-09,131890.0,131360.0,132070.0,131510.0,Saturday,False,0.0087443430237017,130370.0,131540.0,134500.0,129955.71428571429,126154.66666666667
2019-03-10,131460.0,130360.0,131570.0,130420.0,Sunday,False,-0.00828834309178,131510.0,130370.0,129860.0,129528.57142857143,126656.66666666667
2019-03-11,129440.0,128930.0,129550.0,129050.0,Monday,False,-0.0105045238460358,130420.0,130370.0,127070.0,129608.57142857143,127122.33333333333
2019-03-12,128970.0,128430.0,129050.0,128470.0,Tuesday,False,-0.0044943820224718,129050.0,131510.0,125980.0,129891.42857142857,127542.33333333333
2019-03-13,128490.0,128430.0,128550.0,128550.0,Wednesday,False,0.0006227134739626,128470.0,130420.0,131540.0,130247.14285714286,127921.33333333333
2019-03-14,132040.0,130930.0,132050.0,131020.0,Thursday,False,0.019214313496694,128550.0,129050.0,130370.0,129820.0,128303.0
2019-03-15,132040.0,130930.0,132050.0,131020.0,Friday,True,0.0,131020.0,128470.0,130370.0,129912.85714285714,128703.66666666667
2019-03-16,130840.0,129800.0,139560.0,129850.0,Saturday,False,-0.0089299343611661,131020.0,128550.0,131510.0,130005.71428571429,129094.33333333333
2019-03-17,129930.0,128800.0,129960.0,128830.0,Sunday,False,-0.0078552175587216,129850.0,131020.0,130420.0,129768.57142857143,129472.66666666667
2019-03-18,128920.0,128800.0,128960.0,128890.0,Monday,False,0.0004657300318249,128830.0,131020.0,129050.0,129541.42857142857,129817.0
2019-03-19,128950.0,128800.0,128960.0,128940.0,Tuesday,False,0.0003879276902785,128890.0,129850.0,128470.0,129518.57142857143,130080.0
2019-03-20,128950.0,128800.0,128960.0,128940.0,Wednesday,True,0.0,128940.0,128830.0,128550.0,129585.71428571429,130261.33333333333
2019-03-21,128950.0,128800.0,128960.0,128940.0,Thursday,True,0.0,128940.0,128890.0,131020.0,129641.42857142857,130259.33333333333
2019-03-22,128950.0,128800.0,128960.0,128940.0,Friday,True,0.0,128940.0,128940.0,131020.0,129344.28571428571,130290.66666666667
2019-03-23,128950.0,128800.0,128960.0,128940.0,Saturday,True,0.0,128940.0,128940.0,129850.0,129047.14285714286,130265.33333333333
2019-03-24,128950.0,128800.0,128960.0,128940.0,Sunday,True,0.0,128940.0,128940.0,128830.0,128917.14285714286,130240.0
2019-03-25,129550.0,129410.0,129560.0,129520.0,Monday,False,0.0044982162246005,128940.0,128940.0,128890.0,128932.85714285714,130214.66666666667
2019-03-26,129490.0,129400.0,129560.0,129510.0,Tuesday,False,-7.72081531810187e-05,129520.0,128940.0,128940.0,129022.85714285714,130365.33333333333
2019-03-27,129560.0,129400.0,129560.0,129420.0,Wednesday,False,-0.0006949270326616,129510.0,128940.0,128940.0,129104.28571428571,130132.33333333333
2019-03-28,129540.0,129380.0,133600.0,131890.0,Thursday,False,0.0190851491268737,129420.0,129520.0,128940.0,129172.85714285714,129963.0
2019-03-29,129540.0,129380.0,133600.0,131890.0,Friday,True,0.0,131890.0,129510.0,128940.0,129594.28571428571,129926.0
2019-03-30,131980.0,131880.0,132100.0,132000.0,Saturday,False,0.0008340283569641,131890.0,129420.0,128940.0,130015.71428571429,129905.66666666667
2019-03-31,131940.0,131890.0,132000.0,132000.0,Sunday,False,0.0,132000.0,131890.0,128940.0,130452.85714285714,129905.66666666667
2019-04-01,131940.0,131890.0,132000.0,132000.0,Monday,True,0.0,132000.0,131890.0,129520.0,130890.0,129905.66666666667
2019-04-02,131940.0,131890.0,132000.0,132000.0,Tuesday,True,0.0,132000.0,132000.0,129510.0,131244.2857142857,129822.33333333333
2019-04-03,131940.0,131890.0,132000.0,132000.0,Wednesday,True,0.0,132000.0,132000.0,129420.0,131600.0,129893.66666666667
2019-04-04,131890.0,131890.0,132000.0,132000.0,Thursday,False,0.0,132000.0,132000.0,131890.0,131968.57142857142,130058.0
2019-04-05,131890.0,131890.0,132000.0,132000.0,Friday,True,0.0,132000.0,132000.0,131890.0,131984.2857142857,130258.66666666667
2019-04-06,131980.0,131890.0,132000.0,131900.0,Saturday,False,-0.0007575757575757,132000.0,132000.0,132000.0,132000.0,130274.0
2019-04-07,131930.0,131890.0,138010.0,133910.0,Sunday,False,0.0152388172858226,131900.0,132000.0,132000.0,131985.7142857143,130325.0
2019-04-08,133900.0,133890.0,136900.0,136900.0,Monday,False,0.0223284295422299,133910.0,132000.0,132000.0,132258.57142857142,130443.0
2019-04-09,136870.0,136790.0,141800.0,141750.0,Tuesday,False,0.0354273192111029,136900.0,131900.0,132000.0,132958.57142857142,130622.66666666667
2019-04-10,141760.0,137390.0,141800.0,137500.0,Wednesday,False,-0.0299823633156967,141750.0,133910.0,132000.0,134351.42857142858,131000.33333333333
2019-04-11,137380.0,137290.0,137400.0,137310.0,Thursday,False,-0.0013818181818181,137500.0,136900.0,132000.0,135137.14285714287,131282.0
2019-04-12,137380.0,137290.0,137400.0,137310.0,Friday,True,0.0,137310.0,141750.0,132000.0,135895.7142857143,131576.66666666666
2019-04-13,137400.0,129790.0,137400.0,136000.0,Saturday,False,-0.0095404559027019,137310.0,137500.0,131900.0,136654.2857142857,131868.66666666666
2019-04-14,135900.0,134390.0,136000.0,134500.0,Sunday,False,-0.0110294117647058,136000.0,137310.0,133910.0,137240.0,132034.66666666666
2019-04-15,134450.0,134390.0,136900.0,136900.0,Monday,False,0.0178438661710036,134500.0,137310.0,136900.0,137324.2857142857,132150.66666666666
2019-04-16,136870.0,134040.0,136900.0,135430.0,Tuesday,False,-0.0107377647918188,136900.0,136000.0,141750.0,137324.2857142857,132385.66666666666
2019-04-17,135480.0,133890.0,135500.0,134010.0,Wednesday,False,-0.0104851214649634,135430.0,134500.0,137500.0,136421.42857142858,132605.66666666666
2019-04-18,133990.0,133900.0,134950.0,134790.0,Thursday,False,0.0058204611596148,134010.0,136900.0,137310.0,135922.85714285713,132776.33333333334
2019-04-19,133990.0,133900.0,134950.0,134790.0,Friday,True,0.0,134790.0,135430.0,137310.0,135562.85714285713,132971.33333333334
2019-04-20,134870.0,134650.0,135600.0,135460.0,Saturday,False,0.0049706951554269,134790.0,134010.0,136000.0,135202.85714285713,133166.33333333334
2019-04-21,134870.0,134650.0,135600.0,135460.0,Sunday,True,0.0,135460.0,134790.0,134500.0,135125.7142857143,133383.66666666666
2019-04-22,135590.0,135350.0,137600.0,137600.0,Monday,False,0.015798021556179,135460.0,134790.0,136900.0,135262.85714285713,133601.0
2019-04-23,137440.0,137350.0,139100.0,137920.0,Tuesday,False,0.0023255813953488,137600.0,135460.0,135430.0,135362.85714285713,133889.66666666666
2019-04-24,137930.0,137850.0,138100.0,137990.0,Wednesday,False,0.0005075406032482,137920.0,135460.0,134010.0,135718.57142857142,134189.0
2019-04-25,137970.0,137850.0,138800.0,138120.0,Thursday,False,0.0009420972534242,137990.0,137600.0,134790.0,136287.14285714287,134471.33333333334
2019-04-26,137970.0,137850.0,138800.0,138120.0,Friday,True,0.0,138120.0,137920.0,134790.0,136762.85714285713,134758.33333333334
2019-04-27,138140.0,138050.0,138900.0,138460.0,Saturday,False,0.0024616275702287,138120.0,137990.0,135460.0,137238.57142857142,135048.33333333334
2019-04-28,138580.0,138350.0,141600.0,141470.0,Sunday,False,0.0217391304347827,138460.0,138120.0,135460.0,137667.14285714287,135267.33333333334
2019-04-29,141540.0,141350.0,142000.0,141510.0,Monday,False,0.0002827454584011,141470.0,138120.0,137600.0,138525.7142857143,135586.66666666666
2019-04-30,141550.0,140350.0,141600.0,140520.0,Tuesday,False,-0.0069959720161119,141510.0,138460.0,137920.0,139084.2857142857,135903.66666666666
2019-05-01,140530.0,140350.0,142550.0,142500.0,Wednesday,False,0.0140905209222885,140520.0,141470.0,137990.0,139455.7142857143,136187.66666666666
2019-05-02,142530.0,142340.0,142550.0,142410.0,Thursday,False,-0.0006315789473684,142500.0,141510.0,138120.0,140100.0,136537.66666666666
2019-05-03,142530.0,142340.0,142550.0,142410.0,Friday,True,0.0,142410.0,140520.0,138120.0,140712.85714285713,136884.66666666666
2019-05-04,142500.0,142340.0,145000.0,144960.0,Saturday,False,0.0179060459237412,142410.0,142500.0,138460.0,141325.7142857143,137231.66666666666
2019-05-05,144930.0,144840.0,149000.0,147450.0,Sunday,False,0.0171771523178807,144960.0,142410.0,141470.0,142254.2857142857,137663.66666666666
2019-05-06,147500.0,146360.0,147500.0,147000.0,Monday,False,-0.0030518819938962,147450.0,142410.0,141510.0,143108.57142857142,138178.66666666666
2019-05-07,146950.0,146840.0,149500.0,149480.0,Tuesday,False,0.0168707482993197,147000.0,144960.0,140520.0,143892.85714285713,138682.0
2019-05-08,149360.0,149360.0,149900.0,149900.0,Wednesday,False,0.0028097404335027,149480.0,147450.0,142500.0,145172.85714285713,139201.0
2019-05-09,149840.0,149740.0,153500.0,153500.0,Thursday,False,0.0240160106737825,149900.0,147000.0,142410.0,146230.0,139634.33333333334
2019-05-10,149840.0,149740.0,153500.0,153500.0,Friday,True,0.0,153500.0,149480.0,142410.0,147814.2857142857,140026.0
2019-05-11,153400.0,149340.0,153500.0,149500.0,Saturday,False,-0.0260586319218241,153500.0,149900.0,144960.0,149398.57142857142,140559.33333333334
2019-05-12,149390.0,146340.0,149500.0,146500.0,Sunday,False,-0.020066889632107,149500.0,153500.0,147450.0,150047.14285714287,140965.66666666666
2019-05-13,146430.0,146340.0,148500.0,148360.0,Monday,False,0.0126962457337884,146500.0,153500.0,147000.0,149911.42857142858,141272.0
2019-05-14,148500.0,148340.0,148500.0,148500.0,Tuesday,False,0.0009436505796711,148360.0,149500.0,149480.0,150105.7142857143,141684.0
2019-05-15,148440.0,148340.0,149000.0,148430.0,Wednesday,False,-0.0004713804713805,148500.0,146500.0,149900.0,149965.7142857143,142150.66666666666
2019-05-16,148500.0,146340.0,148500.0,146470.0,Thursday,False,-0.0132048777201374,148430.0,148360.0,153500.0,149755.7142857143,142535.0
2019-05-17,148500.0,146340.0,148500.0,146470.0,Friday,True,0.0,146470.0,148500.0,153500.0,148751.42857142858,142903.0
2019-05-18,146410.0,145340.0,146500.0,145500.0,Saturday,False,-0.0066225165562914,146470.0,148430.0,149500.0,147747.14285714287,143318.33333333334
2019-05-19,145350.0,144840.0,146500.0,145000.0,Sunday,False,-0.0034364261168384,145500.0,146470.0,146500.0,147175.7142857143,143675.33333333334
2019-05-20,144980.0,137340.0,145000.0,137500.0,Monday,False,-0.0517241379310344,145000.0,146470.0,148360.0,146961.42857142858,144015.66666666666
2019-05-21,137460.0,137340.0,137500.0,137470.0,Tuesday,False,-0.0002181818181817,137500.0,145500.0,148500.0,145410.0,144083.66666666666
2019-05-22,137500.0,137350.0,139500.0,139500.0,Wednesday,False,0.0147668582236124,137470.0,145000.0,148430.0,143834.2857142857,144150.66666666666
2019-05-23,139370.0,139340.0,140500.0,140460.0,Thursday,False,0.0068817204301074,139500.0,137500.0,146470.0,142558.57142857142,144214.0
2019-05-24,139370.0,139340.0,140500.0,140460.0,Friday,True,0.0,140460.0,137470.0,146470.0,141700.0,144298.66666666666
2019-05-25,140340.0,139540.0,140500.0,139570.0,Saturday,False,-0.0063363235084721,140460.0,139500.0,145500.0,140841.42857142858,144381.0
2019-05-26,139700.0,138340.0,139700.0,138500.0,Sunday,False,-0.0076664039550046,139570.0,140460.0,145000.0,139994.2857142857,144429.33333333334
2019-05-27,139700.0,138340.0,139700.0,138500.0,Monday,True,0.0,138500.0,140460.0,137500.0,139065.7142857143,144442.0
2019-05-28,138000.0,137340.0,138000.0,137500.0,Tuesday,False,-0.0072202166064981,138500.0,139570.0,137470.0,139208.57142857142,144443.33333333334
2019-05-29,137360.0,132340.0,137500.0,134000.0,Wednesday,False,-0.0254545454545455,137500.0,138500.0,139500.0,139212.85714285713,144311.0
2019-05-30,133970.0,133840.0,135500.0,135370.0,Thursday,False,0.0102238805970149,134000.0,138500.0,140460.0,138427.14285714287,144060.66666666666
2019-05-31,133970.0,133840.0,135500.0,135370.0,Friday,True,0.0,135370.0,137500.0,140460.0,137700.0,143889.0
2019-06-01,135500.0,135340.0,135500.0,135500.0,Saturday,False,0.0009603309448178,135370.0,134000.0,139570.0,136972.85714285713,143651.33333333334
2019-06-02,135470.0,132370.0,135500.0,132390.0,Sunday,False,-0.0229520295202951,135500.0,135370.0,138500.0,136391.42857142858,143421.0
2019-06-03,132500.0,130870.0,132540.0,130980.0,Monday,False,-0.0106503512349875,132390.0,135370.0,138500.0,135518.57142857142,143087.0
2019-06-04,132500.0,130870.0,132540.0,130980.0,Tuesday,True,0.0,130980.0,135500.0,137500.0,134444.2857142857,142621.0
2019-06-05,132500.0,130870.0,132540.0,130980.0,Wednesday,True,0.0,130980.0,132390.0,134000.0,133512.85714285713,142072.0
2019-06-06,132500.0,130870.0,132540.0,130980.0,Thursday,True,0.0,130980.0,130980.0,135370.0,133081.42857142858,141538.0
2019-06-07,132500.0,130870.0,132540.0,130980.0,Friday,True,0.0,130980.0,130980.0,135370.0,132454.2857142857,140921.33333333334
2019-06-08,131870.0,130850.0,132040.0,130900.0,Saturday,False,-0.0006107802717971,130980.0,130980.0,135500.0,131827.14285714287,140290.66666666666
2019-06-09,130910.0,126890.0,131020.0,126970.0,Sunday,False,-0.0300229182582123,130900.0,130980.0,132390.0,131170.0,139537.33333333334
2019-06-10,127000.0,127000.0,128640.0,128450.0,Monday,False,0.0116562967630149,126970.0,130980.0,130980.0,130395.71428571429,138653.0
2019-06-11,130860.0,12850.0,131040.0,128880.0,Tuesday,False,0.0033476060724018,128450.0,130900.0,130980.0,130034.28571428571,137951.33333333334
2019-06-12,129000.0,128840.0,129000.0,129000.0,Wednesday,False,0.0009310986964619,128880.0,126970.0,130980.0,129734.28571428571,137364.0
2019-06-13,129000.0,128840.0,129000.0,129000.0,Thursday,True,0.0,129000.0,128450.0,130980.0,129451.42857142857,136718.66666666666
2019-06-14,129000.0,128840.0,129000.0,129000.0,Friday,True,0.0,129000.0,128880.0,130980.0,129168.57142857143,136068.66666666666
2019-06-15,129500.0,129340.0,129500.0,129360.0,Saturday,False,0.0027906976744185,129000.0,129000.0,130900.0,128885.71428571429,135421.0
2019-06-16,129350.0,129340.0,135000.0,134940.0,Sunday,False,0.0431354359925788,129360.0,129000.0,126970.0,128665.71428571429,134850.66666666666
2019-06-17,134980.0,133340.0,135050.0,133360.0,Monday,False,-0.0117089076626648,134940.0,129000.0,128450.0,129804.28571428571,134466.33333333334
2019-06-18,133390.0,131840.0,133550.0,132020.0,Tuesday,False,-0.0100479904019196,133360.0,129360.0,128880.0,130505.71428571429,134061.66666666666
2019-06-19,131850.0,130840.0,132050.0,130950.0,Wednesday,False,-0.008104832601121,132020.0,134940.0,129000.0,130954.28571428571,133629.0
2019-06-20,132000.0,130890.0,132000.0,132000.0,Thursday,False,0.0080183276059564,130950.0,133360.0,129000.0,131232.85714285713,133410.66666666666
2019-06-21,132000.0,130890.0,132000.0,132000.0,Friday,True,0.0,132000.0,132020.0,129000.0,131661.42857142858,133228.33333333334
2019-06-22,131980.0,129890.0,132000.0,130000.0,Saturday,False,-0.0151515151515151,132000.0,130950.0,129360.0,132090.0,132978.33333333334
2019-06-23,129970.0,129890.0,130000.0,130000.0,Sunday,False,0.0,130000.0,132000.0,134940.0,132181.42857142858,132629.66666666666
2019-06-24,129910.0,129890.0,132000.0,131890.0,Monday,False,0.0145384615384616,130000.0,132000.0,133360.0,131475.7142857143,132281.0
2019-06-25,131930.0,130400.0,132000.0,131000.0,Tuesday,False,-0.0067480476154371,131890.0,130000.0,132020.0,131265.7142857143,132025.0
2019-06-26,129500.0,129390.0,129500.0,129400.0,Wednesday,False,-0.0122137404580152,131000.0,130000.0,130950.0,131120.0,131775.0
2019-06-27,129420.0,129390.0,129500.0,129500.0,Thursday,False,0.0007727975270479,129400.0,131890.0,132000.0,130898.57142857143,131471.66666666666
2019-06-28,129420.0,129390.0,129500.0,129500.0,Friday,True,0.0,129500.0,131000.0,132000.0,130541.42857142857,131205.0
2019-06-29,129420.0,129390.0,129500.0,129500.0,Saturday,True,0.0,129500.0,129400.0,130000.0,130184.28571428571,131055.0
2019-06-30,129450.0,128390.0,129550.0,128500.0,Sunday,False,-0.0077220077220077,129500.0,129500.0,130000.0,130112.85714285714,130859.33333333333
2019-07-01,128440.0,126890.0,128500.0,127000.0,Monday,False,-0.0116731517509727,128500.0,129500.0,131890.0,129898.57142857143,130630.33333333333
2019-07-02,126960.0,126890.0,128000.0,128000.0,Tuesday,False,0.0078740157480314,127000.0,129500.0,131000.0,129200.0,130347.0
2019-07-03,127940.0,127390.0,128000.0,127450.0,Wednesday,False,-0.0042968749999999,128000.0,128500.0,129400.0,128771.42857142857,130200.66666666667
2019-07-04,127500.0,127390.0,127500.0,127500.0,Thursday,False,0.0003923107100822,127450.0,127000.0,129500.0,128492.85714285714,130083.0
2019-07-05,127500.0,127390.0,127500.0,127500.0,Friday,True,0.0,127500.0,128000.0,129500.0,128207.14285714286,129967.0
2019-07-06,127430.0,127390.0,129500.0,129400.0,Saturday,False,0.0149019607843137,127500.0,127450.0,129500.0,127921.42857142857,129851.0
2019-07-07,129440.0,128890.0,130000.0,128980.0,Sunday,False,-0.0032457496136012,129400.0,127500.0,128500.0,127907.14285714286,129798.33333333333
2019-07-08,129000.0,127890.0,129000.0,127910.0,Monday,False,-0.0082958598232284,128980.0,127500.0,127000.0,127975.71428571429,129731.66666666667
2019-07-09,128000.0,127390.0,128000.0,127430.0,Tuesday,False,-0.0037526385739973,127910.0,129400.0,128000.0,128105.71428571429,129632.0
2019-07-10,127480.0,127390.0,127500.0,127480.0,Wednesday,False,0.0003923722828218,127430.0,128980.0,127450.0,128024.28571428571,129647.33333333333
2019-07-11,127420.0,127390.0,127500.0,127460.0,Thursday,False,-0.0001568873548791,127480.0,127910.0,127500.0,128028.57142857143,129615.0
2019-07-12,127420.0,127390.0,127500.0,127460.0,Friday,True,0.0,127460.0,127430.0,127500.0,128022.85714285714,129567.66666666667
2019-07-13,126940.0,125890.0,127000.0,126000.0,Saturday,False,-0.0114545739839949,127460.0,127480.0,129400.0,128017.14285714286,129516.33333333333
2019-07-14,125910.0,124890.0,126000.0,125000.0,Sunday,False,-0.0079365079365079,126000.0,127460.0,128980.0,127531.42857142857,129416.33333333333
2019-07-15,124890.0,120890.0,125000.0,121000.0,Monday,False,-0.032,125000.0,127460.0,127910.0,126962.85714285714,129283.0
2019-07-16,120900.0,118890.0,121000.0,118890.0,Tuesday,False,-0.0174380165289256,121000.0,126000.0,127430.0,125975.71428571429,129004.33333333333
2019-07-17,119000.0,111890.0,119000.0,113890.0,Wednesday,False,-0.0420556817226007,118890.0,125000.0,127480.0,124755.71428571429,128469.33333333333
2019-07-18,114890.0,114890.0,115000.0,115000.0,Thursday,False,0.0097462463780841,113890.0,121000.0,127460.0,122814.28571428571,127820.33333333333
2019-07-19,114890.0,114890.0,115000.0,115000.0,Friday,True,0.0,115000.0,118890.0,127460.0,121034.28571428571,127253.0
2019-07-20,114900.0,114890.0,117000.0,116480.0,Saturday,False,0.0128695652173913,115000.0,113890.0,126000.0,119254.28571428571,126721.33333333333
2019-07-21,116500.0,116390.0,119000.0,118970.0,Sunday,False,0.0213770604395604,116480.0,115000.0,125000.0,117894.28571428571,126204.0
2019-07-22,118950.0,118890.0,119000.0,119000.0,Monday,False,0.0002521644111961,118970.0,115000.0,121000.0,117032.85714285714,125769.66666666667
2019-07-23,119980.0,119890.0,123000.0,123000.0,Tuesday,False,0.0336134453781513,119000.0,116480.0,118890.0,116747.14285714286,125403.0
2019-07-24,122890.0,121890.0,124000.0,121930.0,Wednesday,False,-0.0086991869918698,123000.0,118970.0,113890.0,117334.28571428571,125169.66666666667
2019-07-25,120000.0,119390.0,120000.0,119500.0,Thursday,False,-0.0199294677273845,121930.0,119000.0,115000.0,118482.85714285714,124837.66666666667
2019-07-26,120000.0,119390.0,120000.0,119500.0,Friday,True,0.0,119500.0,123000.0,115000.0,119125.71428571429,124454.33333333333
2019-07-27,119470.0,119390.0,121000.0,120940.0,Saturday,False,0.0120502092050209,119500.0,121930.0,116480.0,119768.57142857143,124124.33333333333
2019-07-28,120930.0,120890.0,122000.0,121500.0,Sunday,False,0.0046303952373076,120940.0,119500.0,118970.0,120405.71428571429,123839.0
2019-07-29,121390.0,120390.0,121500.0,120420.0,Monday,False,-0.0088888888888888,121500.0,119500.0,119000.0,120767.14285714286,123572.33333333333
2019-07-30,120480.0,120390.0,120500.0,120500.0,Tuesday,False,0.0006643414715163,120420.0,120940.0,123000.0,120970.0,123269.66666666667
2019-07-31,120400.0,119390.0,120500.0,119430.0,Wednesday,False,-0.0088796680497925,120500.0,121500.0,121930.0,120612.85714285714,123003.0
2019-08-01,119000.0,118890.0,119000.0,119000.0,Thursday,False,-0.0036004354014904,119430.0,120420.0,119500.0,120255.71428571429,122750.66666666667
2019-08-02,119000.0,118890.0,119000.0,119000.0,Friday,True,0.0,119000.0,120500.0,119500.0,120184.28571428571,122450.66666666667
2019-08-03,118910.0,118890.0,120000.0,119910.0,Saturday,False,0.0076470588235293,119000.0,119430.0,120940.0,120112.85714285714,122169.0
2019-08-04,119500.0,118890.0,119500.0,119000.0,Sunday,False,-0.0075890251021599,119910.0,119000.0,121500.0,119965.71428571429,121916.0
2019-08-05,118910.0,118890.0,119000.0,118910.0,Monday,False,-0.0007563025210084,119000.0,119000.0,120420.0,119608.57142857143,121632.66666666667
2019-08-06,119000.0,118890.0,119500.0,119420.0,Tuesday,False,0.004288958035489,118910.0,119910.0,120500.0,119392.85714285714,121283.0
2019-08-07,119460.0,118890.0,119500.0,118940.0,Wednesday,False,-0.0040194272316195,119420.0,119000.0,119430.0,119238.57142857143,120964.33333333333
2019-08-08,118430.0,118390.0,118500.0,118400.0,Thursday,False,-0.0045401042542458,118940.0,118910.0,119000.0,119168.57142857143,120665.33333333333
2019-08-09,118430.0,118390.0,118500.0,118400.0,Friday,True,0.0,118400.0,119420.0,119000.0,119082.85714285714,120364.33333333333
2019-08-10,118480.0,117890.0,118500.0,118000.0,Saturday,False,-0.0033783783783783,118400.0,118940.0,119910.0,118997.14285714286,120061.66666666667
2019-08-11,117920.0,116890.0,118000.0,117000.0,Sunday,False,-0.0084745762711864,118000.0,118400.0,119000.0,118724.28571428571,119746.33333333333
2019-08-12,116910.0,116890.0,117000.0,117000.0,Monday,False,0.0,117000.0,118400.0,118910.0,118438.57142857143,119397.66666666667
2019-08-13,116940.0,116890.0,117000.0,116910.0,Tuesday,False,-0.0007692307692307,117000.0,118000.0,119420.0,118165.71428571429,119097.66666666667
2019-08-14,116940.0,116890.0,117000.0,117000.0,Wednesday,False,0.0007698229407235,116910.0,117000.0,118940.0,117807.14285714286,118828.0
2019-08-15,116930.0,116890.0,117000.0,117000.0,Thursday,False,0.0,117000.0,117000.0,118400.0,117530.0,118694.66666666667
2019-08-16,116930.0,116890.0,117000.0,117000.0,Friday,True,0.0,117000.0,116910.0,118400.0,117330.0,118631.66666666667
2019-08-17,116970.0,116890.0,117000.0,117000.0,Saturday,False,0.0,117000.0,117000.0,118000.0,117130.0,118735.33333333333
2019-08-18,116920.0,116890.0,117500.0,117420.0,Sunday,False,0.0035897435897436,117000.0,117000.0,117000.0,116987.14285714286,118802.0
2019-08-19,117500.0,116890.0,117500.0,116960.0,Monday,False,-0.0039175608925225,117420.0,117000.0,117000.0,117047.14285714286,118882.66666666667
2019-08-20,117500.0,116890.0,117500.0,116960.0,Tuesday,True,0.0,116960.0,117000.0,116910.0,117041.42857142857,118898.66666666667
2019-08-21,117000.0,116390.0,117000.0,116420.0,Wednesday,False,-0.0046169630642954,116960.0,117420.0,117000.0,117048.57142857143,118831.66666666667
2019-08-22,116500.0,115890.0,116500.0,116000.0,Thursday,False,-0.0036076275554028,116420.0,116960.0,117000.0,116965.71428571429,118745.66666666667
2019-08-23,116500.0,115890.0,116500.0,116000.0,Friday,True,0.0,116000.0,116960.0,117000.0,116822.85714285714,118512.33333333333
2019-08-24,116430.0,115890.0,116500.0,115900.0,Saturday,False,-0.0008620689655172,116000.0,116420.0,117000.0,116680.0,118314.66666666667
2019-08-25,116000.0,114390.0,116000.0,114500.0,Sunday,False,-0.0120793787748059,115900.0,116000.0,117420.0,116522.85714285714,118194.66666666667
2019-08-26,114420.0,111890.0,114500.0,111920.0,Monday,False,-0.022532751091703,114500.0,116000.0,116960.0,116105.71428571429,118028.0
2019-08-27,111980.0,109890.0,112000.0,111000.0,Tuesday,False,-0.0082201572551823,111920.0,115900.0,116960.0,115385.71428571429,117727.33333333333
2019-08-28,110980.0,110900.0,112000.0,111950.0,Wednesday,False,0.0085585585585585,111000.0,114500.0,116420.0,114534.28571428571,117377.33333333333
2019-08-29,111890.0,111890.0,112000.0,112000.0,Thursday,False,0.0004466279589101,111950.0,111920.0,116000.0,113895.71428571429,117095.0
2019-08-30,111890.0,111890.0,112000.0,112000.0,Friday,True,0.0,112000.0,111000.0,116000.0,113324.28571428571,116811.66666666667
2019-08-31,111940.0,111890.0,113500.0,113470.0,Saturday,False,0.013125,112000.0,111950.0,115900.0,112752.85714285714,116564.0
2019-09-01,113420.0,113390.0,114500.0,114000.0,Sunday,False,0.0046708381069886,113470.0,112000.0,114500.0,112405.71428571429,116379.66666666667
2019-09-02,113920.0,112390.0,114000.0,112480.0,Monday,False,-0.0133333333333333,114000.0,112000.0,111920.0,112334.28571428571,116213.0
2019-09-03,113930.0,113890.0,114000.0,114000.0,Tuesday,False,0.0135135135135135,112480.0,113470.0,111000.0,112414.28571428571,115965.33333333333
2019-09-04,113960.0,113390.0,113960.0,113420.0,Wednesday,False,-0.0050877192982455,114000.0,114000.0,111950.0,112842.85714285714,115798.66666666667
2019-09-05,114000.0,113890.0,114000.0,114000.0,Thursday,False,0.0051137365543996,113420.0,112480.0,112000.0,113052.85714285714,115615.66666666667
2019-09-06,114000.0,113890.0,114000.0,114000.0,Friday,True,0.0,114000.0,114000.0,112000.0,113338.57142857143,115435.0
2019-09-07,113960.0,113890.0,114000.0,113890.0,Saturday,False,-0.0009649122807017,114000.0,113420.0,113470.0,113624.28571428571,115270.33333333333
2019-09-08,113960.0,113890.0,116000.0,116000.0,Sunday,False,0.0185266485205022,113890.0,114000.0,114000.0,113684.28571428571,115120.0
2019-09-09,113960.0,113890.0,116000.0,116000.0,Monday,True,0.0,116000.0,114000.0,112480.0,113970.0,115040.0
2019-09-10,113960.0,113890.0,116000.0,116000.0,Tuesday,True,0.0,116000.0,113890.0,114000.0,114472.85714285714,114973.33333333333
2019-09-11,115900.0,115890.0,116140.0,115970.0,Wednesday,False,-0.0002586206896552,116000.0,116000.0,113420.0,114758.57142857143,114940.0
2019-09-12,115000.0,114440.0,115000.0,114440.0,Thursday,False,-0.0131930671725446,115970.0,116000.0,114000.0,115122.85714285714,114905.66666666667
2019-09-13,115000.0,114440.0,115000.0,114440.0,Friday,True,0.0,114440.0,116000.0,114000.0,115185.71428571429,114823.33333333333
2019-09-14,114450.0,113940.0,114500.0,114000.0,Saturday,False,-0.0038448095071653,114440.0,115970.0,113890.0,115248.57142857143,114738.0
2019-09-15,113960.0,112890.0,114000.0,112980.0,Sunday,False,-0.0089473684210525,114000.0,114440.0,116000.0,115264.28571428571,114638.0
2019-09-16,113500.0,113390.0,113500.0,113500.0,Monday,False,0.0046025845282351,112980.0,114440.0,116000.0,114832.85714285714,114504.0
2019-09-17,113450.0,113000.0,114500.0,114000.0,Tuesday,False,0.0044052863436123,113500.0,114000.0,116000.0,114475.71428571429,114387.33333333333
2019-09-18,113910.0,113890.0,114000.0,114000.0,Wednesday,False,0.0,114000.0,112980.0,115970.0,114190.0,114273.33333333333
2019-09-19,114500.0,114390.0,114500.0,114500.0,Thursday,False,0.0043859649122806,114000.0,113500.0,114440.0,113908.57142857143,114174.66666666667
2019-09-20,114500.0,114390.0,114500.0,114500.0,Friday,True,0.0,114500.0,114000.0,114440.0,113917.14285714286,114092.66666666667
2019-09-21,114410.0,114390.0,114500.0,114500.0,Saturday,False,0.0,114500.0,114000.0,114000.0,113925.71428571429,114028.66666666667
2019-09-22,114390.0,113890.0,114500.0,113940.0,Sunday,False,-0.0048908296943231,114500.0,114500.0,112980.0,113997.14285714286,113978.66666666667
2019-09-23,114000.0,113390.0,114000.0,113460.0,Monday,False,-0.0042127435492363,113940.0,114500.0,113500.0,114134.28571428571,113910.0
2019-09-24,113500.0,113390.0,113500.0,113500.0,Tuesday,False,0.0003525471531817,113460.0,114500.0,114000.0,114128.57142857143,113828.66666666667
2019-09-25,113460.0,113390.0,113500.0,113470.0,Wednesday,False,-0.0002643171806167,113500.0,113940.0,114000.0,114057.14285714286,113795.33333333333
2019-09-26,113480.0,113390.0,113500.0,113500.0,Thursday,False,0.0002643870626597,113470.0,113460.0,114500.0,113981.42857142857,113847.0
2019-09-27,113480.0,113390.0,113500.0,113500.0,Friday,True,0.0,113500.0,113500.0,114500.0,113838.57142857143,113930.33333333333
2019-09-28,113400.0,113390.0,114500.0,114500.0,Saturday,False,0.0088105726872247,113500.0,113470.0,114500.0,113695.71428571429,113982.0
2019-09-29,114390.0,114390.0,114500.0,114500.0,Sunday,False,0.0,114500.0,113500.0,113940.0,113695.71428571429,114065.33333333333
2019-09-30,115000.0,114890.0,115000.0,115000.0,Monday,False,0.0043668122270741,114500.0,113500.0,113460.0,113775.71428571429,114148.66666666667
2019-10-01,114960.0,114390.0,115000.0,114410.0,Tuesday,False,-0.0051304347826086,115000.0,114500.0,113500.0,113995.71428571429,114199.66666666667
2019-10-02,114500.0,113890.0,114500.0,114000.0,Wednesday,False,-0.0035836028319202,114410.0,114500.0,113470.0,114125.71428571429,114213.33333333333
2019-10-03,114460.0,114390.0,114500.0,114430.0,Thursday,False,0.0037719298245613,114000.0,115000.0,113500.0,114201.42857142857,114264.0
2019-10-04,114460.0,114390.0,114500.0,114430.0,Friday,True,0.0,114430.0,114410.0,113500.0,114334.28571428571,114278.33333333333
2019-10-05,114500.0,114390.0,114500.0,114450.0,Saturday,False,0.0001747793410817,114430.0,114000.0,114500.0,114467.14285714286,114312.0
2019-10-06,114500.0,113890.0,114500.0,113970.0,Sunday,False,-0.0041939711664482,114450.0,114430.0,114500.0,114460.0,114327.0
2019-10-07,114000.0,113890.0,114000.0,114000.0,Monday,False,0.0002632271650433,113970.0,114430.0,115000.0,114384.28571428571,114326.0
2019-10-08,113910.0,113890.0,114000.0,113930.0,Tuesday,False,-0.0006140350877192,114000.0,114450.0,114410.0,114241.42857142857,114329.66666666667
2019-10-09,113940.0,113890.0,114090.0,113950.0,Wednesday,False,0.0001755463881329,113930.0,113970.0,114000.0,114172.85714285714,114260.66666666667
2019-10-10,113980.0,113890.0,114090.0,114020.0,Thursday,False,0.0006143045195261,113950.0,114000.0,114430.0,114165.71428571429,114192.33333333333
2019-10-11,113980.0,113890.0,114090.0,114020.0,Friday,True,0.0,114020.0,113930.0,114430.0,114107.14285714286,114126.33333333333
2019-10-12,114040.0,113890.0,114090.0,114070.0,Saturday,False,0.0004385195579723,114020.0,113950.0,114450.0,114048.57142857143,114061.33333333333
2019-10-13,113970.0,113890.0,114090.0,114000.0,Sunday,False,-0.0006136582800034,114070.0,114020.0,113970.0,113994.28571428571,114049.0
2019-10-14,113980.0,113390.0,114040.0,113500.0,Monday,False,-0.0043859649122807,114000.0,114020.0,114000.0,113998.57142857143,114034.33333333333
2019-10-15,113530.0,113390.0,113540.0,113530.0,Tuesday,False,0.0002643171806167,113500.0,114070.0,113930.0,113927.14285714286,114017.66666666667
2019-10-16,113520.0,113390.0,114040.0,113960.0,Wednesday,False,0.0037875451422531,113530.0,114000.0,113950.0,113870.0,114036.0
2019-10-17,113900.0,113890.0,114040.0,114020.0,Thursday,False,0.0005265005265004,113960.0,113500.0,114020.0,113871.42857142857,114051.33333333333
2019-10-18,113900.0,113890.0,114040.0,114020.0,Friday,True,0.0,114020.0,113530.0,114020.0,113871.42857142857,114052.0
2019-10-19,113900.0,113890.0,114040.0,114020.0,Saturday,True,0.0,114020.0,113960.0,114070.0,113871.42857142857,114052.66666666667
2019-10-20,113930.0,113890.0,114040.0,113890.0,Sunday,False,-0.0011401508507279,114020.0,114020.0,114000.0,113864.28571428571,114036.66666666667
2019-10-21,113960.0,113390.0,114040.0,113540.0,Monday,False,-0.0030731407498463,113890.0,114020.0,113500.0,113848.57142857143,114016.33333333333
2019-10-22,113400.0,112590.0,113540.0,112600.0,Tuesday,False,-0.0082790206094768,113540.0,114020.0,113530.0,113854.28571428571,113984.33333333333
2019-10-23,113110.0,111590.0,113530.0,112550.0,Wednesday,False,-0.0004440497335701,112600.0,113890.0,113960.0,113721.42857142857,113939.66666666667
2019-10-24,112050.0,111880.0,112050.0,112050.0,Thursday,False,-0.0044424700133274,112550.0,113540.0,114020.0,113520.0,113909.33333333333
2019-10-25,112050.0,111880.0,112050.0,112050.0,Friday,True,0.0,112050.0,112600.0,114020.0,113238.57142857143,113861.0
2019-10-26,112030.0,111380.0,112050.0,111380.0,Saturday,False,-0.005979473449353,112050.0,112550.0,114020.0,112957.14285714286,113813.66666666667
2019-10-27,112030.0,111380.0,112050.0,111380.0,Sunday,True,0.0,111380.0,112050.0,113890.0,112580.0,113743.0
2019-10-28,111470.0,111380.0,111550.0,111410.0,Monday,False,0.0002693481774107,111380.0,112050.0,113540.0,112221.42857142857,113672.33333333333
2019-10-29,111470.0,111380.0,111550.0,111410.0,Tuesday,True,0.0,111410.0,111380.0,112600.0,111917.14285714286,113569.33333333333
2019-10-30,111520.0,111380.0,111550.0,111460.0,Wednesday,False,0.0004487927475091,111410.0,111380.0,112550.0,111747.14285714286,113466.33333333333
2019-10-31,111520.0,111380.0,111550.0,111520.0,Thursday,False,0.0005383097075184,111460.0,111410.0,112050.0,111591.42857142857,113348.33333333333
2019-11-01,111520.0,111380.0,111550.0,111520.0,Friday,True,0.0,111520.0,111410.0,112050.0,111515.71428571429,113252.0
2019-11-02,111440.0,111380.0,112550.0,112440.0,Saturday,False,0.0082496413199426,111520.0,111460.0,111380.0,111440.0,113169.33333333333
2019-11-03,112520.0,112380.0,112550.0,112520.0,Sunday,False,0.0007114905727498,112440.0,111520.0,111380.0,111591.42857142857,113103.0
2019-11-04,112540.0,112380.0,113050.0,113030.0,Monday,False,0.0045325275506575,112520.0,111520.0,111410.0,111754.28571428571,113039.33333333333
2019-11-05,112900.0,112880.0,113050.0,112900.0,Tuesday,False,-0.0011501371317349,113030.0,112440.0,111410.0,111985.71428571429,112992.0
2019-11-06,112900.0,112880.0,113050.0,112900.0,Wednesday,True,0.0,112900.0,112520.0,111460.0,112198.57142857143,112956.33333333333
2019-11-07,113490.0,113380.0,113550.0,113380.0,Thursday,False,0.004251550044287,112900.0,113030.0,111520.0,112404.28571428571,112919.66666666667
2019-11-08,113490.0,113380.0,113550.0,113380.0,Friday,True,0.0,113380.0,112900.0,111520.0,112670.0,112901.33333333333
2019-11-09,113470.0,113380.0,113550.0,113530.0,Saturday,False,0.0013229846533779,113380.0,112900.0,112440.0,112935.71428571429,112882.33333333333
2019-11-10,113520.0,113380.0,113550.0,113510.0,Sunday,False,-0.0001761648903373,113530.0,113380.0,112520.0,113091.42857142857,112866.0
2019-11-11,113540.0,113540.0,114050.0,113980.0,Monday,False,0.0041406043520395,113510.0,113380.0,113030.0,113232.85714285714,112849.0
2019-11-12,114030.0,113880.0,114550.0,114380.0,Tuesday,False,0.0035093876118617,113980.0,113530.0,112900.0,113368.57142857143,112846.0
2019-11-13,114530.0,114380.0,114550.0,114480.0,Wednesday,False,0.0008742787200559,114380.0,113510.0,112900.0,113580.0,112858.66666666667
2019-11-14,114940.0,114880.0,115050.0,114970.0,Thursday,False,0.0042802236198462,114480.0,113980.0,113380.0,113805.71428571429,112891.33333333333
2019-11-15,114940.0,114880.0,115050.0,114970.0,Friday,True,0.0,114970.0,114380.0,113380.0,114032.85714285714,112939.33333333333
2019-11-16,114920.0,114920.0,119050.0,119020.0,Saturday,False,0.0352265808471774,114970.0,114480.0,113530.0,114260.0,112973.0
2019-11-17,118980.0,118880.0,119050.0,119030.0,Sunday,False,8.401949252223595e-05,119020.0,114970.0,113510.0,115044.28571428571,113139.66666666667
2019-11-18,118900.0,118880.0,123500.0,121500.0,Monday,False,0.0207510711585314,119030.0,114970.0,113980.0,115832.85714285714,113306.66666666667
2019-11-19,120940.0,119380.0,121050.0,119410.0,Tuesday,False,-0.0172016460905349,121500.0,119020.0,114380.0,116907.14285714286,113556.0
2019-11-20,119490.0,118880.0,119550.0,118920.0,Wednesday,False,-0.004103508918851,119410.0,119030.0,114480.0,117625.71428571429,113740.0
2019-11-21,118500.0,117880.0,118550.0,117940.0,Thursday,False,-0.0082408341742348,118920.0,121500.0,114970.0,118260.0,113919.33333333333
2019-11-22,118500.0,117880.0,118550.0,117940.0,Friday,True,0.0,117940.0,119410.0,114970.0,118684.28571428571,114097.33333333333
2019-11-23,118050.0,117880.0,118050.0,117960.0,Saturday,False,0.000169577751399,117940.0,118920.0,119020.0,119108.57142857143,114277.0
2019-11-24,118050.0,117880.0,119050.0,118960.0,Sunday,False,0.0084774499830451,117960.0,117940.0,119030.0,118957.14285714286,114474.0
2019-11-25,119030.0,118880.0,120550.0,120530.0,Monday,False,0.0131977135171486,118960.0,117940.0,121500.0,118947.14285714286,114704.33333333333
2019-11-26,120520.0,120520.0,123550.0,123510.0,Tuesday,False,0.024724135070107,120530.0,117960.0,119410.0,118808.57142857143,115009.33333333333
2019-11-27,122510.0,122380.0,122550.0,122460.0,Wednesday,False,-0.0085013359242166,123510.0,118960.0,118920.0,119394.28571428571,115413.66666666667
2019-11-28,123930.0,123890.0,124070.0,124020.0,Thursday,False,0.0127388535031847,122460.0,120530.0,117940.0,119900.0,115782.0
2019-11-29,123930.0,123890.0,124070.0,124020.0,Friday,True,0.0,124020.0,123510.0,117940.0,120768.57142857143,116202.33333333333
2019-11-30,123960.0,123900.0,125570.0,125480.0,Saturday,False,0.0117722947911627,124020.0,122460.0,117960.0,121637.14285714286,116621.0
2019-12-01,125570.0,123900.0,125570.0,123920.0,Sunday,False,-0.0124322601211348,125480.0,124020.0,118960.0,122711.42857142857,117086.33333333333
2019-12-02,125460.0,125400.0,125570.0,125410.0,Monday,False,0.0120238863783086,123920.0,124020.0,120530.0,123420.0,117499.66666666667
2019-12-03,124950.0,124900.0,125070.0,124970.0,Tuesday,False,-0.0035084921457618,125410.0,125480.0,123510.0,124117.14285714286,117932.0
2019-12-04,124930.0,124900.0,127070.0,126940.0,Wednesday,False,0.0157637833079939,124970.0,123920.0,122460.0,124325.71428571429,118347.0
2019-12-05,126910.0,126900.0,127050.0,127010.0,Thursday,False,0.000551441625965,126940.0,125410.0,124020.0,124965.71428571429,118810.66666666667
2019-12-06,126910.0,126900.0,127050.0,127010.0,Friday,True,0.0,127010.0,124970.0,124020.0,125392.85714285714,119281.0
2019-12-07,127040.0,126900.0,129050.0,128940.0,Saturday,False,0.0151956538855209,127010.0,126940.0,125480.0,125820.0,119751.33333333333
2019-12-08,130510.0,128400.0,130550.0,129430.0,Sunday,False,0.003800217155266,128940.0,127010.0,123920.0,126314.28571428571,120270.0
2019-12-09,129540.0,129400.0,135550.0,135530.0,Monday,False,0.0471297226299931,129430.0,127010.0,125410.0,127101.42857142857,120805.0
2019-12-10,135510.0,135400.0,139050.0,138480.0,Tuesday,False,0.0217663985833393,135530.0,128940.0,124970.0,128547.14285714286,121538.33333333333
2019-12-11,133940.0,130900.0,134050.0,131040.0,Wednesday,False,-0.0537261698440207,138480.0,129430.0,126940.0,130477.14285714286,122370.66666666667
2019-12-12,129480.0,128900.0,129550.0,129010.0,Thursday,False,-0.0154914529914529,131040.0,135530.0,127010.0,131062.85714285714,122939.33333333333
2019-12-13,129480.0,128900.0,129550.0,129010.0,Friday,True,0.0,129010.0,138480.0,127010.0,131348.57142857142,123427.0
2019-12-14,128540.0,126940.0,128570.0,126970.0,Saturday,False,-0.0158127276955274,129010.0,131040.0,128940.0,131634.2857142857,123911.33333333333
2019-12-15,126940.0,125440.0,127070.0,125520.0,Sunday,False,-0.011420020477278,126970.0,129010.0,129430.0,131352.85714285713,124311.33333333333
2019-12-16,125470.0,125440.0,128070.0,126960.0,Monday,False,0.0114722753346079,125520.0,129010.0,135530.0,130794.28571428571,124663.0
2019-12-17,126980.0,126940.0,128070.0,127980.0,Tuesday,False,0.0080340264650282,126960.0,126970.0,138480.0,129570.0,124927.66666666667
2019-12-18,127970.0,127940.0,129090.0,129020.0,Wednesday,False,0.0081262697296453,127980.0,125520.0,131040.0,128070.0,125226.0
2019-12-19,128500.0,128500.0,128590.0,128590.0,Thursday,False,-0.0033328166175786,129020.0,126960.0,129010.0,127781.42857142857,125476.66666666667
2019-12-20,128500.0,128500.0,128590.0,128590.0,Friday,True,0.0,128590.0,127980.0,129010.0,127721.42857142857,125782.66666666667
2019-12-21,128500.0,128500.0,129490.0,129400.0,Saturday,False,0.0062990901314254,128590.0,129020.0,126970.0,127661.42857142857,126105.0
2019-12-22,129450.0,129400.0,129890.0,129870.0,Sunday,False,0.0036321483771251,129400.0,128590.0,125520.0,128008.57142857143,126487.0
2019-12-23,129800.0,129800.0,129890.0,129890.0,Monday,False,0.0001540001540001,129870.0,128590.0,126960.0,128630.0,126884.66666666667
2019-12-24,129800.0,129800.0,129890.0,129880.0,Tuesday,False,-7.698822080226542e-05,129890.0,129400.0,127980.0,129048.57142857143,127282.33333333333
2019-12-25,129800.0,129700.0,129890.0,129700.0,Wednesday,False,-0.0013858946720048,129880.0,129870.0,129020.0,129320.0,127646.33333333333
2019-12-26,129770.0,129700.0,129790.0,129760.0,Thursday,False,0.0004626060138781,129700.0,129890.0,128590.0,129417.14285714286,127952.0
2019-12-27,129770.0,129700.0,129790.0,129760.0,Friday,True,0.0,129760.0,129880.0,128590.0,129584.28571428571,128160.33333333333
2019-12-28,129780.0,129700.0,129790.0,129740.0,Saturday,False,-0.0001541307028359,129760.0,129700.0,129400.0,129751.42857142857,128403.66666666667
2019-12-29,129790.0,129500.0,129790.0,129580.0,Sunday,False,-0.0012332357021735,129740.0,129760.0,129870.0,129800.0,128594.33333333333
2019-12-30,129500.0,129500.0,129590.0,129500.0,Monday,False,-0.0006173792251891,129580.0,129760.0,129890.0,129758.57142857143,128779.66666666667
2019-12-31,129550.0,129500.0,129590.0,129500.0,Tuesday,False,0.0,129500.0,129740.0,129880.0,129702.85714285714,128913.66666666667
2020-01-01,129530.0,129500.0,129590.0,129590.0,Wednesday,False,0.0006949806949807,129500.0,129580.0,129700.0,129648.57142857143,129099.66666666667
2020-01-02,129500.0,129500.0,129590.0,129500.0,Thursday,False,-0.0006944980322556,129590.0,129500.0,129760.0,129632.85714285714,129239.0
2020-01-03,129500.0,129500.0,129590.0,129500.0,Friday,True,0.0,129500.0,129500.0,129760.0,129595.71428571429,129390.0
2020-01-04,129550.0,129500.0,133890.0,133300.0,Saturday,False,0.0293436293436293,129500.0,129590.0,129740.0,129558.57142857143,129475.33333333333
2020-01-05,133340.0,133300.0,133390.0,133300.0,Sunday,False,0.0,133300.0,129500.0,129580.0,130067.14285714286,129685.0
2020-01-06,133360.0,133300.0,133390.0,133340.0,Monday,False,0.0003000750187547,133300.0,129500.0,129500.0,130598.57142857143,129894.66666666667
2020-01-07,133300.0,133300.0,133890.0,133820.0,Tuesday,False,0.0035998200089994,133340.0,133300.0,129500.0,131147.14285714287,130041.33333333333
2020-01-08,133890.0,133800.0,133890.0,133850.0,Wednesday,False,0.0002241817366612,133820.0,133300.0,129590.0,131764.2857142857,130187.66666666667
2020-01-09,132000.0,132000.0,132090.0,132090.0,Thursday,False,-0.0131490474411655,133850.0,133340.0,129500.0,132372.85714285713,130131.66666666667
2020-01-10,132000.0,132000.0,132090.0,132090.0,Friday,True,0.0,132090.0,133820.0,129500.0,132742.85714285713,129918.66666666667
2020-01-11,132050.0,130500.0,132090.0,130530.0,Saturday,False,-0.0118101294571882,132090.0,133850.0,133300.0,133112.85714285713,129953.66666666667
2020-01-12,130500.0,130500.0,130590.0,130500.0,Sunday,False,-0.0002298322224776,130530.0,132090.0,133300.0,132717.14285714287,130004.33333333333
2020-01-13,130550.0,130200.0,130590.0,130200.0,Monday,False,-0.0022988505747126,130500.0,132090.0,133340.0,132317.14285714287,130054.0
2020-01-14,130240.0,130000.0,130290.0,130030.0,Tuesday,False,-0.001305683563748,130200.0,130530.0,133820.0,131868.57142857142,130161.66666666667
2020-01-15,130050.0,130000.0,131090.0,131070.0,Wednesday,False,0.007998154272091,130030.0,130500.0,133850.0,131327.14285714287,130312.0
2020-01-16,131050.0,131000.0,131090.0,131000.0,Thursday,False,-0.0005340657663843,131070.0,130200.0,132090.0,130930.0,130449.0
2020-01-17,131050.0,131000.0,131090.0,131000.0,Friday,True,0.0,131000.0,130030.0,132090.0,130774.28571428571,130549.66666666667
2020-01-18,131040.0,130500.0,131090.0,130500.0,Saturday,False,-0.0038167938931297,131000.0,131070.0,130530.0,130618.57142857143,130615.66666666667
2020-01-19,130580.0,130000.0,130590.0,130000.0,Sunday,False,-0.0038314176245211,130500.0,131000.0,130500.0,130614.28571428571,130679.33333333333
2020-01-20,130060.0,129500.0,130090.0,129540.0,Monday,False,-0.0035384615384614,130000.0,131000.0,130200.0,130542.85714285714,130726.33333333333
2020-01-21,129520.0,129500.0,129590.0,129530.0,Tuesday,False,-7.719623282387289e-05,129540.0,130500.0,130030.0,130448.57142857143,130731.0
2020-01-22,129590.0,129500.0,129590.0,129500.0,Wednesday,False,-0.0002316065776267,129530.0,130000.0,131070.0,130377.14285714286,130719.66666666667
2020-01-23,130000.0,129500.0,130090.0,130000.0,Thursday,False,0.0038610038610038,129500.0,129540.0,131000.0,130152.85714285714,130706.66666666667
2020-01-24,130000.0,129500.0,130090.0,130000.0,Friday,True,0.0,130000.0,129530.0,131000.0,130010.0,130710.66666666667
2020-01-25,130090.0,130000.0,133590.0,133500.0,Saturday,False,0.0269230769230768,130000.0,129500.0,130500.0,129867.14285714286,130720.66666666667
2020-01-26,133590.0,133500.0,134090.0,134000.0,Sunday,False,0.0037453183520599,133500.0,130000.0,130000.0,130295.71428571429,130845.33333333333
2020-01-27,134060.0,134000.0,134090.0,134070.0,Monday,False,0.0005223880597013,134000.0,130000.0,129540.0,130867.14285714286,130986.66666666667
2020-01-28,134000.0,134000.0,134090.0,134020.0,Tuesday,False,-0.0003729395092115,134070.0,133500.0,129530.0,131514.2857142857,131131.0
2020-01-29,134000.0,134000.0,134090.0,134020.0,Wednesday,True,0.0,134020.0,134000.0,129500.0,132155.7142857143,131279.0
2020-01-30,134530.0,134500.0,134590.0,134540.0,Thursday,False,0.0038800179077749,134020.0,134070.0,130000.0,132801.42857142858,131429.66666666666
2020-01-31,134530.0,134500.0,134590.0,134540.0,Friday,True,0.0,134540.0,134020.0,130000.0,133450.0,131597.66666666666
2020-02-01,134500.0,134500.0,135090.0,134780.0,Saturday,False,0.0017838561022744,134540.0,134020.0,133500.0,134098.57142857142,131762.66666666666
2020-02-02,134700.0,134000.0,134700.0,134030.0,Sunday,False,-0.0055646238314289,134780.0,134540.0,134000.0,134281.42857142858,131938.66666666666
2020-02-03,133860.0,133800.0,133890.0,133890.0,Monday,False,-0.0010445422666567,134030.0,134540.0,134070.0,134285.7142857143,132089.66666666666
2020-02-04,133830.0,133800.0,134390.0,134300.0,Tuesday,False,0.0030622152513257,133890.0,134780.0,134020.0,134260.0,132109.33333333334
2020-02-05,134560.0,134500.0,134590.0,134500.0,Wednesday,False,0.0014892032762472,134300.0,134030.0,134020.0,134300.0,132142.66666666666
2020-02-06,135070.0,135000.0,135090.0,135060.0,Thursday,False,0.0041635687732342,134500.0,133890.0,134540.0,134368.57142857142,132181.33333333334
2020-02-07,135070.0,135000.0,135090.0,135060.0,Friday,True,0.0,135060.0,134300.0,134540.0,134442.85714285713,132222.66666666666
2020-02-08,135000.0,135000.0,135090.0,135080.0,Saturday,False,0.0001480823337776,135060.0,134500.0,134780.0,134517.14285714287,132263.0
2020-02-09,135020.0,135000.0,135090.0,135030.0,Sunday,False,-0.0003701510216168,135080.0,135060.0,134030.0,134560.0,132362.66666666666
2020-02-10,135040.0,135000.0,137080.0,136040.0,Monday,False,0.0074798192994149,135030.0,135060.0,133890.0,134702.85714285713,132460.66666666666
2020-02-11,135040.0,135000.0,137080.0,136040.0,Tuesday,True,0.0,136040.0,135080.0,134300.0,135010.0,132644.33333333334
2020-02-12,136000.0,136000.0,137090.0,137020.0,Wednesday,False,0.0072037635989414,136040.0,135030.0,134500.0,135258.57142857142,132829.0
2020-02-13,138500.0,138490.0,138580.0,138490.0,Thursday,False,0.0107283608232375,137020.0,136040.0,135060.0,135618.57142857142,133056.33333333334
2020-02-14,138500.0,138490.0,138580.0,138490.0,Friday,True,0.0,138490.0,136040.0,135060.0,136108.57142857142,133338.33333333334
2020-02-15,138510.0,138490.0,138580.0,138490.0,Saturday,False,0.0,138490.0,137020.0,135080.0,136598.57142857142,133585.66666666666
2020-02-16,138560.0,138490.0,139080.0,138990.0,Sunday,False,0.0036103689797097,138490.0,138490.0,135030.0,137085.7142857143,133835.33333333334
2020-02-17,139040.0,138990.0,139990.0,139540.0,Monday,False,0.0039571192172098,138990.0,138490.0,136040.0,137651.42857142858,134101.66666666666
2020-02-18,139490.0,139490.0,142080.0,141990.0,Tuesday,False,0.0175576895513831,139540.0,138490.0,136040.0,138151.42857142858,134403.0
2020-02-19,142010.0,141990.0,142080.0,141990.0,Wednesday,False,0.0,141990.0,138990.0,137020.0,139001.42857142858,134802.66666666666
2020-02-20,142040.0,141990.0,142080.0,142030.0,Thursday,False,0.0002817099795759,141990.0,139540.0,138490.0,139711.42857142858,135217.66666666666
2020-02-21,142040.0,141990.0,142080.0,142030.0,Friday,True,0.0,142030.0,141990.0,138490.0,140217.14285714287,135634.33333333334
2020-02-22,141990.0,141990.0,145380.0,145290.0,Saturday,False,0.0229528972752235,142030.0,141990.0,138490.0,140722.85714285713,136052.0
2020-02-23,145370.0,145290.0,147580.0,147550.0,Sunday,False,0.0155550967031454,145290.0,142030.0,138990.0,141694.2857142857,136561.66666666666
2020-02-24,147490.0,146990.0,147580.0,146990.0,Monday,False,-0.0037953236191121,147550.0,142030.0,139540.0,142917.14285714287,137146.66666666666
2020-02-25,147060.0,146910.0,148010.0,148010.0,Tuesday,False,0.0069392475678617,146990.0,145290.0,141990.0,143981.42857142858,137596.33333333334
2020-02-26,147940.0,147910.0,156010.0,155910.0,Wednesday,False,0.0533747719748665,148010.0,147550.0,141990.0,144841.42857142858,138063.33333333334
2020-02-27,156990.0,156910.0,157010.0,157010.0,Thursday,False,0.0070553524469245,155910.0,146990.0,142030.0,146830.0,138791.33333333334
2020-02-28,156990.0,156910.0,157010.0,157010.0,Friday,True,0.0,157010.0,148010.0,142030.0,148970.0,139557.66666666666
2020-02-29,156970.0,148910.0,157010.0,148980.0,Saturday,False,-0.051143239284122,157010.0,155910.0,145290.0,151110.0,140324.0
2020-03-01,150510.0,150410.0,151510.0,151510.0,Sunday,False,0.0169821452543965,148980.0,157010.0,147550.0,151637.14285714287,140805.33333333334
2020-03-02,155510.0,155410.0,155510.0,155430.0,Monday,False,0.025872879677909,151510.0,157010.0,146990.0,152202.85714285713,141371.0
2020-03-03,153730.0,153210.0,153810.0,153350.0,Tuesday,False,-0.0133822299427395,155430.0,148980.0,148010.0,153408.57142857142,142059.33333333334
2020-03-04,153790.0,153750.0,153850.0,153790.0,Wednesday,False,0.002869253342028,153350.0,151510.0,155910.0,154171.42857142858,142703.33333333334
2020-03-05,152500.0,149950.0,152550.0,149950.0,Thursday,False,-0.0249691137265102,153790.0,155430.0,157010.0,153868.57142857142,143366.66666666666
2020-03-06,152500.0,149950.0,152550.0,149950.0,Friday,True,0.0,149950.0,153350.0,157010.0,152860.0,143888.33333333334
2020-03-07,149970.0,149950.0,150050.0,149960.0,Saturday,False,6.668889629879438e-05,149950.0,153790.0,148980.0,151851.42857142858,144403.33333333334
2020-03-08,149970.0,149950.0,150050.0,149960.0,Sunday,True,0.0,149960.0,149950.0,151510.0,151991.42857142858,144900.0
2020-03-09,152000.0,151950.0,152050.0,152030.0,Monday,False,0.0138036809815951,149960.0,149950.0,155430.0,151770.0,145396.66666666666
2020-03-10,150950.0,150950.0,151050.0,151050.0,Tuesday,False,-0.0064460961652305,152030.0,149960.0,153350.0,151284.2857142857,145961.66666666666
2020-03-11,148500.0,148450.0,148550.0,148550.0,Wednesday,False,-0.0165508109897385,151050.0,149960.0,153790.0,150955.7142857143,146495.66666666666
2020-03-12,148460.0,148450.0,148550.0,148510.0,Thursday,False,-0.0002692696061932,148550.0,152030.0,149950.0,150207.14285714287,146912.66666666666
2020-03-13,148460.0,148450.0,148550.0,148510.0,Friday,True,0.0,148510.0,151050.0,149950.0,150001.42857142858,147328.33333333334
2020-03-14,148470.0,147000.0,148550.0,148050.0,Saturday,False,-0.0030974345161941,148510.0,148550.0,149960.0,149795.7142857143,147711.33333333334
2020-03-15,147980.0,147950.0,148050.0,148030.0,Sunday,False,-0.0001350894967916,148050.0,148510.0,149960.0,149522.85714285713,148030.0
2020-03-16,147970.0,147950.0,156550.0,156550.0,Monday,False,0.0575559008309125,148030.0,148510.0,152030.0,149247.14285714287,148348.0
2020-03-17,156520.0,156450.0,157550.0,157450.0,Tuesday,False,0.0057489619929735,156550.0,148050.0,151050.0,149892.85714285713,148950.0
2020-03-18,157540.0,148950.0,157550.0,149030.0,Wednesday,False,-0.053477294379168,157450.0,148030.0,148550.0,150807.14285714287,149565.33333333334
2020-03-19,157540.0,148950.0,157550.0,149030.0,Thursday,True,0.0,149030.0,156550.0,148510.0,150875.7142857143,149881.66666666666
2020-03-20,157540.0,148950.0,157550.0,149030.0,Friday,True,0.0,149030.0,157450.0,148510.0,150950.0,150116.33333333334
2020-03-21,157540.0,148950.0,157550.0,149030.0,Saturday,True,0.0,149030.0,149030.0,148050.0,151024.2857142857,150351.0
2020-03-22,157540.0,148950.0,157550.0,149030.0,Sunday,True,0.0,149030.0,149030.0,148030.0,151164.2857142857,150584.33333333334
2020-03-23,157540.0,148950.0,157550.0,149030.0,Monday,True,0.0,149030.0,149030.0,156550.0,151307.14285714287,150817.66666666666
2020-03-24,157540.0,148950.0,157550.0,149030.0,Tuesday,True,0.0,149030.0,149030.0,157450.0,150232.85714285713,150942.33333333334
2020-03-25,157540.0,148950.0,157550.0,149030.0,Wednesday,True,0.0,149030.0,149030.0,149030.0,149030.0,150991.66666666666
2020-03-26,157540.0,148950.0,157550.0,149030.0,Thursday,True,0.0,149030.0,149030.0,149030.0,149030.0,151059.66666666666
2020-03-27,157540.0,148950.0,157550.0,149030.0,Friday,True,0.0,149030.0,149030.0,149030.0,149030.0,151093.66666666666
2020-03-28,157540.0,148950.0,157550.0,149030.0,Saturday,True,0.0,149030.0,149030.0,149030.0,149030.0,150864.33333333334
2020-03-29,157540.0,148950.0,157550.0,149030.0,Sunday,True,0.0,149030.0,149030.0,149030.0,149030.0,150598.33333333334
2020-03-30,157540.0,148950.0,157550.0,149030.0,Monday,True,0.0,149030.0,149030.0,149030.0,149030.0,150332.33333333334
2020-03-31,157540.0,148950.0,157550.0,149030.0,Tuesday,True,0.0,149030.0,149030.0,149030.0,149030.0,150334.0
2020-04-01,157540.0,148950.0,157550.0,149030.0,Wednesday,True,0.0,149030.0,149030.0,149030.0,149030.0,150251.33333333334
2020-04-02,148980.0,148950.0,149050.0,148960.0,Thursday,False,-0.0004697040864255,149030.0,149030.0,149030.0,149030.0,150038.0
2020-04-03,148980.0,148950.0,149050.0,148960.0,Friday,True,0.0,148960.0,149030.0,149030.0,149020.0,149891.66666666666
2020-04-04,149050.0,148950.0,159050.0,157950.0,Saturday,False,0.0603517722878625,148960.0,149030.0,149030.0,149010.0,149730.66666666666
2020-04-05,157970.0,157950.0,158100.0,158030.0,Sunday,False,0.0005064893953783,157950.0,148960.0,149030.0,150284.2857142857,149997.33333333334
2020-04-06,158010.0,156990.0,158100.0,156990.0,Monday,False,-0.0065810289185597,158030.0,148960.0,149030.0,151570.0,150266.66666666666
2020-04-07,157100.0,156990.0,157100.0,156990.0,Tuesday,False,0.0,156990.0,157950.0,149030.0,152707.14285714287,150501.0
2020-04-08,157060.0,155990.0,157100.0,156090.0,Wednesday,False,-0.0057328492260653,156990.0,158030.0,149030.0,153844.2857142857,150735.33333333334
2020-04-09,157060.0,155990.0,157100.0,156090.0,Thursday,True,0.0,156090.0,156990.0,148960.0,154852.85714285713,150870.66666666666
2020-04-10,157060.0,155990.0,157100.0,156090.0,Friday,True,0.0,156090.0,156990.0,148960.0,155871.42857142858,151038.66666666666
2020-04-11,156010.0,155990.0,156100.0,156040.0,Saturday,False,-0.0003203280158882,156090.0,156090.0,157950.0,156890.0,151290.0
2020-04-12,155990.0,155990.0,156100.0,155990.0,Sunday,False,-0.0003204306588053,156040.0,156090.0,158030.0,156617.14285714287,151541.0
2020-04-13,156040.0,155990.0,156110.0,156000.0,Monday,False,6.410667350476018e-05,155990.0,156090.0,156990.0,156325.7142857143,151790.33333333334
2020-04-14,156030.0,156000.0,156110.0,156000.0,Tuesday,False,0.0,156000.0,156040.0,156990.0,156184.2857142857,152055.33333333334
2020-04-15,156030.0,156000.0,156110.0,156080.0,Wednesday,False,0.0005128205128204,156000.0,155990.0,156090.0,156042.85714285713,152321.0
2020-04-16,155000.0,155000.0,155110.0,155000.0,Thursday,False,-0.0069195284469503,156080.0,156000.0,156090.0,156041.42857142858,152305.33333333334
2020-04-17,155000.0,155000.0,155110.0,155000.0,Friday,True,0.0,155000.0,156000.0,156090.0,155885.7142857143,152223.66666666666
2020-04-18,155030.0,153500.0,155110.0,153500.0,Saturday,False,-0.0096774193548386,155000.0,156080.0,156040.0,155730.0,152422.66666666666
2020-04-19,153560.0,152500.0,153610.0,152590.0,Sunday,False,-0.0059283387622149,153500.0,155000.0,155990.0,155367.14285714287,152571.66666666666
2020-04-20,152500.0,152500.0,152610.0,152560.0,Monday,False,-0.0001966052821286,152590.0,155000.0,156000.0,154881.42857142858,152690.33333333334
2020-04-21,152580.0,152500.0,153610.0,153500.0,Tuesday,False,0.006161510225485,152560.0,153500.0,156000.0,154390.0,152808.0
2020-04-22,153530.0,153500.0,155110.0,155000.0,Wednesday,False,0.009771986970684,153500.0,152590.0,156080.0,154032.85714285713,152957.0
2020-04-23,155040.0,155000.0,155110.0,155030.0,Thursday,False,0.0001935483870967,155000.0,152560.0,155000.0,153878.57142857142,153156.0
2020-04-24,155040.0,155000.0,155110.0,155030.0,Friday,True,0.0,155030.0,153500.0,155000.0,153882.85714285713,153356.0
2020-04-25,155000.0,155000.0,155110.0,155000.0,Saturday,False,-0.0001935109333677,155030.0,155000.0,153500.0,153887.14285714287,153556.0
2020-04-26,155090.0,155000.0,156110.0,156100.0,Sunday,False,0.0070967741935483,155000.0,155030.0,152590.0,154101.42857142858,153755.0
2020-04-27,156000.0,156000.0,156110.0,156000.0,Monday,False,-0.0006406149903908,156100.0,155030.0,152560.0,154602.85714285713,153990.66666666666
2020-04-28,156060.0,155500.0,156110.0,155500.0,Tuesday,False,-0.0032051282051281,156000.0,155000.0,153500.0,155094.2857142857,154223.0
2020-04-29,155520.0,155500.0,155610.0,155500.0,Wednesday,False,0.0,155500.0,156100.0,155000.0,155380.0,154438.66666666666
2020-04-30,156100.0,156000.0,156110.0,156000.0,Thursday,False,0.0032154340836012,155500.0,156000.0,155030.0,155451.42857142858,154654.33333333334
2020-05-01,156100.0,156000.0,156110.0,156000.0,Friday,True,0.0,156000.0,155500.0,155030.0,155590.0,154886.66666666666
2020-05-02,156030.0,156000.0,156110.0,156050.0,Saturday,False,0.0003205128205128,156000.0,155500.0,155000.0,155728.57142857142,155119.0
2020-05-03,156080.0,156000.0,156110.0,156000.0,Sunday,False,-0.0003204101249599,156050.0,156000.0,156100.0,155878.57142857142,155355.33333333334
2020-05-04,156080.0,156000.0,156110.0,156070.0,Monday,False,0.000448717948718,156000.0,156000.0,156000.0,155864.2857142857,155590.0
2020-05-05,156100.0,156000.0,156110.0,156000.0,Tuesday,False,-0.0004485166912282,156070.0,156050.0,155500.0,155874.2857142857,155527.33333333334
2020-05-06,156110.0,156000.0,157110.0,157110.0,Wednesday,False,0.0071153846153846,156000.0,156000.0,155500.0,155945.7142857143,155459.66666666666
2020-05-07,157000.0,157000.0,157110.0,157000.0,Thursday,False,-0.000700146394246,157110.0,156070.0,156000.0,156175.7142857143,155463.66666666666
2020-05-08,157000.0,157000.0,157110.0,157000.0,Friday,True,0.0,157000.0,156000.0,156000.0,156318.57142857142,155464.0
2020-05-09,157050.0,157000.0,158110.0,158040.0,Saturday,False,0.0066242038216559,157000.0,157110.0,156050.0,156461.42857142858,155494.33333333334
2020-05-10,158000.0,158000.0,162110.0,162100.0,Sunday,False,0.0256896988104278,158040.0,157000.0,156000.0,156745.7142857143,155559.33333333334
2020-05-11,162080.0,162000.0,165110.0,165000.0,Monday,False,0.0178901912399753,162100.0,157000.0,156070.0,157617.14285714287,155759.66666666666
2020-05-12,165060.0,165000.0,166110.0,166000.0,Tuesday,False,0.0060606060606061,165000.0,158040.0,156000.0,158892.85714285713,156058.33333333334
2020-05-13,166020.0,166000.0,168610.0,168610.0,Wednesday,False,0.015722891566265,166000.0,162100.0,157110.0,160321.42857142858,156392.0
2020-05-14,168550.0,168500.0,168610.0,168540.0,Thursday,False,-0.0004151592432239,168610.0,165000.0,157000.0,161964.2857142857,156812.33333333334
2020-05-15,168550.0,168500.0,168610.0,168540.0,Friday,True,0.0,168540.0,166000.0,157000.0,163612.85714285713,157230.33333333334
2020-05-16,168500.0,168000.0,168610.0,168000.0,Saturday,False,-0.0032039871840512,168540.0,168610.0,158040.0,165261.42857142858,157645.66666666666
2020-05-17,168050.0,168000.0,170310.0,170310.0,Sunday,False,0.0137499999999999,168000.0,168540.0,162100.0,166684.2857142857,158079.0
2020-05-18,170200.0,170200.0,172110.0,172000.0,Monday,False,0.0099230814397275,170310.0,168540.0,165000.0,167857.14285714287,158589.33333333334
2020-05-19,172040.0,171500.0,172110.0,171500.0,Tuesday,False,-0.002906976744186,172000.0,168000.0,166000.0,168857.14285714287,159206.0
2020-05-20,171550.0,171500.0,173110.0,173100.0,Wednesday,False,0.0093294460641399,171500.0,170310.0,168610.0,169642.85714285713,159836.33333333334
2020-05-21,173000.0,173000.0,173110.0,173050.0,Thursday,False,-0.0002888503755055,173100.0,172000.0,168540.0,170284.2857142857,160521.0
2020-05-22,173000.0,173000.0,173110.0,173050.0,Friday,True,0.0,173050.0,171500.0,168540.0,170928.57142857142,161172.66666666666
2020-05-23,173020.0,173000.0,173110.0,173000.0,Saturday,False,-0.0002889338341519,173050.0,173100.0,168000.0,171572.85714285713,161774.33333333334
2020-05-24,173020.0,173000.0,173110.0,173000.0,Sunday,True,0.0,173000.0,173050.0,170310.0,172287.14285714287,162373.33333333334
2020-05-25,173020.0,173000.0,173110.0,173000.0,Monday,True,0.0,173000.0,173050.0,172000.0,172671.42857142858,162972.33333333334
2020-05-26,173040.0,173000.0,173110.0,173000.0,Tuesday,False,0.0,173000.0,173000.0,171500.0,172814.2857142857,163572.33333333334
2020-05-27,173100.0,171500.0,173110.0,171580.0,Wednesday,False,-0.0082080924855491,173000.0,173000.0,173100.0,173028.57142857142,164135.66666666666
2020-05-28,170580.0,170500.0,170610.0,170610.0,Thursday,False,-0.005653339550064,171580.0,173000.0,173050.0,172811.42857142858,164655.0
2020-05-29,170580.0,170500.0,170610.0,170610.0,Friday,True,0.0,170610.0,173000.0,173050.0,172462.85714285713,165158.66666666666
2020-05-30,170500.0,170500.0,171110.0,171040.0,Saturday,False,0.0025203680909677,170610.0,171580.0,173000.0,172114.2857142857,165662.33333333334
2020-05-31,171000.0,171000.0,171110.0,171000.0,Sunday,False,-0.0002338634237605,171040.0,170610.0,173000.0,171834.2857142857,166163.66666666666
2020-06-01,171080.0,170700.0,171110.0,170770.0,Monday,False,-0.001345029239766,171000.0,170610.0,173000.0,171548.57142857142,166663.66666666666
2020-06-02,170700.0,170700.0,170810.0,170700.0,Tuesday,False,-0.0004099080634771,170770.0,171040.0,173000.0,171230.0,167154.33333333334
2020-06-03,170700.0,170700.0,170810.0,170700.0,Wednesday,True,0.0,170700.0,171000.0,171580.0,170901.42857142858,167644.33333333334
2020-06-04,170700.0,170700.0,170810.0,170700.0,Thursday,True,0.0,170700.0,170770.0,170610.0,170775.7142857143,168132.0
2020-06-05,170700.0,170700.0,170810.0,170700.0,Friday,True,0.0,170700.0,170700.0,170610.0,170788.57142857142,168622.0
2020-06-06,170800.0,169800.0,170810.0,169830.0,Saturday,False,-0.0050966608084358,170700.0,170700.0,171040.0,170801.42857142858,169075.0
2020-06-07,169800.0,169300.0,169800.0,169340.0,Sunday,False,-0.0028852381793558,169830.0,170700.0,171000.0,170628.57142857142,169502.66666666666
2020-06-08,169300.0,169300.0,169410.0,169390.0,Monday,False,0.0002952639659856,169340.0,170700.0,170770.0,170391.42857142858,169914.0
2020-06-09,169360.0,169300.0,169410.0,169300.0,Tuesday,False,-0.0005313182596374,169390.0,169830.0,170700.0,170194.2857142857,170292.33333333334
2020-06-10,169350.0,169300.0,172610.0,172500.0,Wednesday,False,0.0189013585351447,169300.0,169340.0,170700.0,169994.2857142857,170532.33333333334
2020-06-11,177500.0,177500.0,177610.0,177500.0,Thursday,False,0.0289855072463767,172500.0,169390.0,170700.0,170251.42857142858,170782.33333333334
2020-06-12,177500.0,177500.0,177610.0,177500.0,Friday,True,0.0,177500.0,169300.0,170700.0,171222.85714285713,171165.66666666666
2020-06-13,177550.0,177500.0,177610.0,177560.0,Saturday,False,0.0003380281690141,177500.0,172500.0,169830.0,172194.2857142857,171462.0
2020-06-14,177600.0,177500.0,177610.0,177600.0,Sunday,False,0.0002252759630547,177560.0,177500.0,169340.0,173298.57142857142,171762.66666666666
2020-06-15,177530.0,177500.0,178910.0,178800.0,Monday,False,0.0067567567567567,177600.0,177500.0,169390.0,174478.57142857142,172064.66666666666
2020-06-16,178850.0,178800.0,182110.0,182100.0,Tuesday,False,0.0184563758389262,178800.0,177560.0,169300.0,175822.85714285713,172424.66666666666
2020-06-17,178850.0,178800.0,182110.0,182100.0,Wednesday,True,0.0,182100.0,177600.0,172500.0,177651.42857142858,172817.66666666666
2020-06-18,183500.0,183410.0,183610.0,183500.0,Thursday,False,0.0076880834706205,182100.0,178800.0,177500.0,179022.85714285713,173154.33333333334
2020-06-19,183500.0,183410.0,183610.0,183500.0,Friday,True,0.0,183500.0,182100.0,177500.0,179880.0,173554.33333333334
2020-06-20,183490.0,183410.0,186020.0,186020.0,Saturday,False,0.0137329700272479,183500.0,182100.0,177560.0,180737.14285714287,173901.0
2020-06-21,185950.0,185910.0,188020.0,188020.0,Sunday,False,0.0107515320933233,186020.0,183500.0,177600.0,181945.7142857143,174333.33333333334
2020-06-22,187910.0,187910.0,188020.0,188020.0,Monday,False,0.0,188020.0,183500.0,178800.0,183434.2857142857,174832.33333333334
2020-06-23,187930.0,187910.0,195970.0,195970.0,Tuesday,False,0.0422827358791617,188020.0,186020.0,182100.0,184751.42857142858,175333.0
2020-06-24,195890.0,192910.0,195970.0,193020.0,Wednesday,False,-0.0150533244884421,195970.0,188020.0,182100.0,186732.85714285713,176098.66666666666
2020-06-25,191510.0,188410.0,191620.0,188430.0,Thursday,False,-0.0237799191793596,193020.0,188020.0,183500.0,188292.85714285713,176766.0
2020-06-26,191510.0,188410.0,191620.0,188430.0,Friday,True,0.0,188430.0,195970.0,183500.0,188997.14285714287,177280.33333333334
2020-06-27,188520.0,188410.0,188520.0,188410.0,Saturday,False,-0.000106140211219,188430.0,193020.0,186020.0,189701.42857142858,177842.0
2020-06-28,188520.0,188410.0,190520.0,190430.0,Sunday,False,0.0107212992940926,188410.0,188430.0,188020.0,190042.85714285713,178435.33333333334
2020-06-29,190520.0,190410.0,190520.0,190520.0,Monday,False,0.0004726146090427,190430.0,188430.0,188020.0,190387.14285714287,179096.0
2020-06-30,190440.0,189810.0,190520.0,189920.0,Tuesday,False,-0.0031492756665967,190520.0,188410.0,195970.0,190744.2857142857,179745.33333333334
2020-07-01,189850.0,189410.0,189920.0,189440.0,Wednesday,False,-0.0025273799494524,189920.0,190430.0,193020.0,189880.0,180376.0
2020-07-02,189520.0,189410.0,189520.0,189520.0,Thursday,False,0.0004222972972973,189440.0,190520.0,188430.0,189368.57142857142,180998.33333333334
2020-07-03,189520.0,189410.0,189520.0,189520.0,Friday,True,0.0,189520.0,189920.0,188430.0,189524.2857142857,181625.66666666666
2020-07-04,189470.0,189410.0,209020.0,208910.0,Saturday,False,0.1023111017306881,189520.0,189440.0,188410.0,189680.0,182253.0
2020-07-05,209020.0,208910.0,216520.0,216470.0,Sunday,False,0.0361878320808004,208910.0,189520.0,190430.0,192608.57142857142,183526.66666666666
2020-07-06,216460.0,216410.0,218520.0,218520.0,Monday,False,0.0094701344297132,216470.0,189520.0,190520.0,196328.57142857142,185052.33333333334
2020-07-07,218450.0,216410.0,218520.0,217520.0,Tuesday,False,-0.0045762401610836,218520.0,208910.0,189920.0,200328.57142857142,186675.33333333334
2020-07-08,217460.0,217410.0,222020.0,222020.0,Wednesday,False,0.0206877528503126,217520.0,216470.0,189440.0,204271.42857142858,188281.33333333334
2020-07-09,221940.0,221910.0,222020.0,222020.0,Thursday,False,0.0,222020.0,218520.0,189520.0,208925.7142857143,190035.66666666666
2020-07-10,221940.0,221910.0,222020.0,222020.0,Friday,True,0.0,222020.0,217520.0,189520.0,213568.57142857142,191793.0
2020-07-11,221930.0,220410.0,222520.0,222410.0,Saturday,False,0.0017565985046392,222020.0,222020.0,208910.0,218211.42857142858,193443.66666666666
2020-07-12,222520.0,222410.0,225520.0,225520.0,Sunday,False,0.0139831842093431,222410.0,222020.0,216470.0,220140.0,194940.66666666666
2020-07-13,225460.0,225410.0,227520.0,227420.0,Monday,False,0.0084249733948209,225520.0,222020.0,218520.0,221432.85714285713,196541.33333333334
2020-07-14,227430.0,227410.0,227520.0,227460.0,Tuesday,False,0.0001758860258551,227420.0,222410.0,217520.0,222704.2857142857,198203.33333333334
2020-07-15,227480.0,227410.0,229520.0,229410.0,Wednesday,False,0.0085729359008177,227460.0,225520.0,222020.0,224124.2857142857,199865.33333333334
2020-07-16,229520.0,229410.0,231020.0,231020.0,Thursday,False,0.0070180027025847,229410.0,227420.0,222020.0,225180.0,201552.33333333334
2020-07-17,229520.0,229410.0,231020.0,231020.0,Friday,True,0.0,231020.0,227460.0,222020.0,226465.7142857143,203183.0
2020-07-18,230930.0,230910.0,231020.0,230970.0,Saturday,False,-0.0002164314777941,231020.0,229410.0,222410.0,227751.42857142858,204813.66666666666
2020-07-19,230980.0,230910.0,231020.0,230950.0,Sunday,False,-8.659133220767501e-05,230970.0,231020.0,225520.0,228974.2857142857,206396.0
2020-07-20,231020.0,225910.0,231020.0,226020.0,Monday,False,-0.0213466118207403,230950.0,231020.0,227420.0,229750.0,207977.66666666666
2020-07-21,225920.0,204410.0,226020.0,204520.0,Tuesday,False,-0.0951243252809486,226020.0,230970.0,227460.0,229550.0,209311.0
2020-07-22,204430.0,203410.0,204520.0,203430.0,Wednesday,False,-0.0053295521220418,204520.0,230950.0,229410.0,226272.85714285713,209861.0
2020-07-23,203000.0,202910.0,203020.0,202910.0,Thursday,False,-0.0025561618247063,203430.0,226020.0,231020.0,222561.42857142858,210374.66666666666
2020-07-24,203000.0,202910.0,203020.0,202910.0,Friday,True,0.0,202910.0,204520.0,231020.0,218545.7142857143,210606.0
2020-07-25,203020.0,202910.0,203020.0,203020.0,Saturday,False,0.0005421122665221,202910.0,203430.0,230970.0,214530.0,210935.66666666666
2020-07-26,202940.0,202910.0,203020.0,202950.0,Sunday,False,-0.0003447936163925,203020.0,202910.0,230950.0,210537.14285714287,211422.0
2020-07-27,202980.0,202910.0,205020.0,204910.0,Monday,False,0.0096575511209657,202950.0,202910.0,226020.0,206537.14285714287,211906.0
2020-07-28,205020.0,204910.0,205020.0,204920.0,Tuesday,False,4.880191303491266e-05,204910.0,203020.0,204520.0,203521.42857142858,212456.0
2020-07-29,204930.0,204910.0,205020.0,204990.0,Wednesday,False,0.0003415967206714,204920.0,202950.0,203430.0,203578.57142857142,212939.0
2020-07-30,207990.0,207910.0,208020.0,208020.0,Thursday,False,0.0147812088394556,204990.0,204910.0,202910.0,203801.42857142858,213421.33333333334
2020-07-31,207990.0,207910.0,208020.0,208020.0,Friday,True,0.0,208020.0,204920.0,202910.0,204531.42857142858,214024.66666666666
2020-08-01,207940.0,207910.0,213020.0,213020.0,Saturday,False,0.0240361503701567,208020.0,204990.0,203020.0,205261.42857142858,214644.0
2020-08-02,212940.0,212910.0,217020.0,217020.0,Sunday,False,0.0187775795699933,213020.0,208020.0,202950.0,206690.0,215427.33333333334
2020-08-03,217000.0,216910.0,219020.0,218990.0,Monday,False,0.0090775043774766,217020.0,208020.0,204910.0,208700.0,216344.0
2020-08-04,219020.0,218910.0,223020.0,222960.0,Tuesday,False,0.0181286816749624,218990.0,213020.0,204920.0,210711.42857142858,216680.0
2020-08-05,223020.0,222910.0,227020.0,227020.0,Wednesday,False,0.0182095443128811,222960.0,217020.0,204990.0,213288.57142857142,216896.33333333334
2020-08-06,229970.0,229910.0,230020.0,230020.0,Thursday,False,0.0132146947405515,227020.0,218990.0,208020.0,216435.7142857143,217179.66666666666
2020-08-07,229970.0,229910.0,230020.0,230020.0,Friday,True,0.0,230020.0,222960.0,208020.0,219578.57142857142,217596.33333333334
2020-08-08,229970.0,229910.0,230020.0,230020.0,Saturday,True,0.0,230020.0,227020.0,213020.0,222721.42857142858,217863.0
2020-08-09,229980.0,217910.0,230020.0,218020.0,Sunday,False,-0.0521693765759498,230020.0,230020.0,217020.0,225150.0,218129.66666666666
2020-08-10,217960.0,207910.0,218020.0,209910.0,Monday,False,-0.0371984221631043,218020.0,230020.0,218990.0,225292.85714285713,217996.33333333334
2020-08-11,209930.0,209910.0,216820.0,216820.0,Tuesday,False,0.0329188699919011,209910.0,230020.0,222960.0,223995.7142857143,217579.66666666666
2020-08-12,216800.0,216710.0,218020.0,218020.0,Wednesday,False,0.0055345447836916,216820.0,218020.0,227020.0,223118.57142857142,217289.66666666666
2020-08-13,219520.0,219410.0,220520.0,220500.0,Thursday,False,0.0113751032015412,218020.0,209910.0,230020.0,221832.85714285713,216976.33333333334
2020-08-14,219520.0,219410.0,220520.0,220500.0,Friday,True,0.0,220500.0,216820.0,230020.0,220472.85714285713,216744.33333333334
2020-08-15,220520.0,220410.0,220520.0,220520.0,Saturday,False,9.070294784585542e-05,220500.0,218020.0,230020.0,219112.85714285713,216447.33333333334
2020-08-16,218970.0,218910.0,219020.0,219020.0,Sunday,False,-0.0068021041175403,220520.0,220500.0,218020.0,217755.7142857143,216097.33333333334
2020-08-17,218970.0,218910.0,224520.0,224490.0,Monday,False,0.0249748881380695,219020.0,220500.0,209910.0,217898.57142857142,215697.33333333334
2020-08-18,224420.0,224410.0,225520.0,225020.0,Tuesday,False,0.0023609069446299,224490.0,220520.0,216820.0,219981.42857142858,215481.33333333334
2020-08-19,224960.0,223910.0,225020.0,223930.0,Wednesday,False,-0.0048440138654342,225020.0,219020.0,218020.0,221152.85714285713,215283.66666666666
2020-08-20,223950.0,223910.0,225020.0,225020.0,Thursday,False,0.0048675925512435,223930.0,224490.0,220500.0,221997.14285714287,215214.0
2020-08-21,223950.0,223910.0,225020.0,225020.0,Friday,True,0.0,225020.0,225020.0,220500.0,222642.85714285713,215897.33333333334
2020-08-22,224970.0,224910.0,225020.0,225020.0,Saturday,False,0.0,225020.0,223930.0,220520.0,223288.57142857142,216617.0
2020-08-23,224940.0,224910.0,225020.0,224970.0,Sunday,False,-0.0002222024708914,225020.0,225020.0,219020.0,223931.42857142858,217354.0
2020-08-24,225020.0,224710.0,225020.0,224820.0,Monday,False,-0.000666755567409,224970.0,225020.0,224490.0,224781.42857142858,218089.33333333334
2020-08-25,224790.0,224710.0,224820.0,224790.0,Tuesday,False,-0.0001334400854016,224820.0,225020.0,225020.0,224828.57142857142,218816.0
2020-08-26,224710.0,224710.0,230020.0,229960.0,Wednesday,False,0.0229992437386004,224790.0,224970.0,223930.0,224795.7142857143,219544.0
2020-08-27,231020.0,230910.0,231020.0,231020.0,Thursday,False,0.0046094973038788,229960.0,224820.0,225020.0,225657.14285714287,220379.0
2020-08-28,231020.0,230910.0,231020.0,231020.0,Friday,True,0.0,231020.0,224790.0,225020.0,226514.2857142857,221249.0
2020-08-29,231020.0,230910.0,231020.0,231020.0,Saturday,True,0.0,231020.0,229960.0,225020.0,227371.42857142858,222116.66666666666
2020-08-30,230980.0,230910.0,231020.0,230930.0,Sunday,False,-0.0003895766600294,231020.0,231020.0,224970.0,228228.57142857142,222883.33333333334
2020-08-31,231020.0,230410.0,231520.0,231520.0,Monday,False,0.0025548867622222,230930.0,231020.0,224820.0,229080.0,223647.0
2020-09-01,231430.0,228910.0,234020.0,229000.0,Tuesday,False,-0.0108845888044228,231520.0,231020.0,224790.0,230037.14285714287,224263.66666666666
2020-09-02,229020.0,226910.0,229020.0,226960.0,Wednesday,False,-0.0089082969432314,229000.0,230930.0,229960.0,230638.57142857142,224663.0
2020-09-03,225020.0,224410.0,225020.0,224520.0,Thursday,False,-0.0107507930912935,226960.0,231520.0,231020.0,230210.0,224928.66666666666
2020-09-04,225020.0,224410.0,225020.0,224520.0,Friday,True,0.0,224520.0,229000.0,231020.0,229281.42857142858,224980.66666666666
2020-09-05,224450.0,224410.0,224520.0,224520.0,Saturday,False,0.0,224520.0,226960.0,231020.0,228352.85714285713,224897.33333333334
2020-09-06,224450.0,224410.0,226020.0,226020.0,Sunday,False,0.0066809192944949,224520.0,224520.0,230930.0,227424.2857142857,224714.0
2020-09-07,225950.0,225910.0,226020.0,225970.0,Monday,False,-0.0002212193611185,226020.0,224520.0,231520.0,226722.85714285713,224580.66666666666
2020-09-08,225920.0,225910.0,227520.0,227520.0,Tuesday,False,0.006859317608532,225970.0,224520.0,229000.0,225930.0,224445.66666666666
2020-09-09,227460.0,227410.0,227520.0,227490.0,Wednesday,False,-0.0001318565400844,227520.0,226020.0,226960.0,225718.57142857142,224762.33333333334
2020-09-10,227910.0,227910.0,228020.0,228000.0,Thursday,False,0.0022418567849136,227490.0,225970.0,224520.0,225794.2857142857,225348.33333333334
2020-09-11,227910.0,227910.0,228020.0,228000.0,Friday,True,0.0,228000.0,227520.0,224520.0,226291.42857142858,225721.0
2020-09-12,228020.0,227910.0,231620.0,231570.0,Saturday,False,0.0156578947368422,228000.0,227490.0,224520.0,226788.57142857142,226053.66666666666
2020-09-13,231620.0,231510.0,234420.0,234390.0,Sunday,False,0.0121777432309884,231570.0,228000.0,226020.0,227795.7142857143,226422.66666666666
2020-09-14,234370.0,234310.0,235920.0,235920.0,Monday,False,0.006527582234737,234390.0,228000.0,225970.0,228991.42857142858,226885.66666666666
2020-09-15,235850.0,235810.0,266060.0,266020.0,Tuesday,False,0.1275856222448288,235920.0,231570.0,227520.0,230412.85714285713,227399.0
2020-09-16,265980.0,265950.0,266060.0,265980.0,Wednesday,False,-0.000150364634238,266020.0,234390.0,227490.0,235912.85714285713,228965.66666666666
2020-09-17,266020.0,265950.0,268560.0,267970.0,Thursday,False,0.0074817655462817,265980.0,235920.0,228000.0,241411.42857142858,230348.66666666666
2020-09-18,266020.0,265950.0,268560.0,267970.0,Friday,True,0.0,267970.0,266020.0,228000.0,247121.42857142858,231780.33333333334
2020-09-19,267990.0,264450.0,268060.0,264480.0,Saturday,False,-0.0130238459529051,267970.0,265980.0,231570.0,252831.42857142858,233248.33333333334
2020-09-20,264500.0,264450.0,273060.0,272980.0,Sunday,False,0.0321385359951602,264480.0,267970.0,234390.0,257532.85714285713,234563.66666666666
2020-09-21,273060.0,268450.0,273060.0,269450.0,Monday,False,-0.0129313502820719,272980.0,267970.0,235920.0,263045.71428571426,236162.33333333334
2020-09-22,269480.0,269450.0,272060.0,272030.0,Tuesday,False,0.0095750603080349,269450.0,264480.0,266020.0,267835.71428571426,237643.33333333334
2020-09-23,271990.0,271950.0,278060.0,277980.0,Wednesday,False,0.0218725875822518,272030.0,272980.0,265980.0,268694.28571428574,239212.0
2020-09-24,278000.0,277950.0,278060.0,277970.0,Thursday,False,-3.597381106557052e-05,277980.0,269450.0,267970.0,270408.5714285714,240984.0
2020-09-25,278000.0,277950.0,278060.0,277970.0,Friday,True,0.0,277970.0,272030.0,267970.0,271837.14285714284,242756.66666666666
2020-09-26,278030.0,277950.0,287560.0,285060.0,Saturday,False,0.0255063496060725,277970.0,277980.0,264480.0,273265.71428571426,244357.0
2020-09-27,285020.0,284950.0,287060.0,287000.0,Sunday,False,0.0068055847891672,285060.0,277970.0,272980.0,276205.71428571426,246158.33333333334
2020-09-28,287060.0,286950.0,289560.0,289470.0,Monday,False,0.0086062717770034,287000.0,277970.0,269450.0,278208.5714285714,248024.33333333334
2020-09-29,289450.0,284950.0,289560.0,285020.0,Tuesday,False,-0.0153729229281099,289470.0,285060.0,272030.0,281068.5714285714,249972.66666666666
2020-09-30,285040.0,284950.0,287560.0,287520.0,Wednesday,False,0.0087713142937337,285020.0,287000.0,277980.0,282924.28571428574,251775.66666666666
2020-10-01,287990.0,287990.0,289060.0,289040.0,Thursday,False,0.0052865887590427,287520.0,289470.0,277970.0,284287.14285714284,253642.33333333334
2020-10-02,287990.0,287990.0,289060.0,289040.0,Friday,True,0.0,289040.0,285020.0,277970.0,285868.5714285714,255643.66666666666
2020-10-03,289030.0,284450.0,289060.0,284490.0,Saturday,False,-0.0157417658455577,289040.0,287520.0,285060.0,287450.0,257713.0
2020-10-04,284550.0,269950.0,284560.0,269950.0,Sunday,False,-0.0511090020738865,284490.0,289040.0,287000.0,287368.5714285714,259712.0
2020-10-05,269960.0,269450.0,282060.0,281990.0,Monday,False,0.0446008520096314,269950.0,289040.0,289470.0,284932.85714285716,261226.33333333334
2020-10-06,281970.0,281950.0,292060.0,292000.0,Tuesday,False,0.035497712684847,281990.0,284490.0,285020.0,283864.28571428574,263142.0
2020-10-07,291990.0,291950.0,292060.0,292020.0,Wednesday,False,6.84931506849118e-05,292000.0,269950.0,287520.0,284861.4285714286,265341.3333333333
2020-10-08,291990.0,291950.0,292060.0,292020.0,Thursday,True,0.0,292020.0,281990.0,289040.0,285504.28571428574,267543.0
2020-10-09,291990.0,291950.0,292060.0,292020.0,Friday,True,0.0,292020.0,292000.0,289040.0,285930.0,269693.0
2020-10-10,291970.0,291950.0,299560.0,299560.0,Saturday,False,0.0258201493048422,292020.0,292020.0,284490.0,286355.71428571426,271844.0
2020-10-11,299480.0,299450.0,311560.0,311450.0,Sunday,False,0.0396915476031511,299560.0,292020.0,269950.0,288508.5714285714,274229.3333333333
2020-10-12,311520.0,301950.0,311560.0,303960.0,Monday,False,-0.0240488039813774,311450.0,292020.0,281990.0,294437.14285714284,277011.0
2020-10-13,304040.0,303950.0,315060.0,313020.0,Tuesday,False,0.0298065534938807,303960.0,299560.0,292000.0,297575.71428571426,279424.0
2020-10-14,312990.0,312950.0,315860.0,315000.0,Wednesday,False,0.0063254744105807,313020.0,311450.0,292020.0,300578.5714285714,282045.0
2020-10-15,317000.0,316950.0,317060.0,317040.0,Thursday,False,0.0064761904761905,315000.0,303960.0,292020.0,303861.4285714286,284681.0
2020-10-16,317000.0,316950.0,317060.0,317040.0,Friday,True,0.0,317040.0,313020.0,292020.0,307435.71428571426,286381.6666666667
2020-10-17,317000.0,316950.0,317060.0,317040.0,Saturday,True,0.0,317040.0,315000.0,299560.0,311010.0,288083.6666666667
2020-10-18,317030.0,316950.0,320060.0,318560.0,Sunday,False,0.0047943477163765,317040.0,317040.0,311450.0,313507.14285714284,289719.3333333333
2020-10-19,318450.0,308950.0,318560.0,309030.0,Monday,False,-0.0299158714213962,318560.0,317040.0,303960.0,314522.85714285716,291405.6666666667
2020-10-20,308990.0,275450.0,309060.0,275460.0,Tuesday,False,-0.10863023007475,309030.0,317040.0,313020.0,315247.14285714284,292890.6666666667
2020-10-21,275470.0,274450.0,290860.0,288020.0,Wednesday,False,0.0455964568358382,275460.0,318560.0,315000.0,309881.4285714286,292973.3333333333
2020-10-22,292780.0,292750.0,294860.0,293750.0,Thursday,False,0.0198944517741823,288020.0,309030.0,317040.0,306027.14285714284,293592.3333333333
2020-10-23,292780.0,292750.0,294860.0,293750.0,Friday,True,0.0,293750.0,275460.0,317040.0,302700.0,294316.3333333333
2020-10-24,293820.0,289950.0,293860.0,290000.0,Saturday,False,-0.0127659574468085,293750.0,288020.0,317040.0,299372.85714285716,294842.0
2020-10-25,293820.0,289950.0,293860.0,290000.0,Sunday,True,0.0,290000.0,293750.0,318560.0,295510.0,295243.0
2020-10-26,289960.0,279750.0,289990.0,279860.0,Monday,False,-0.0349655172413793,290000.0,293750.0,309030.0,291430.0,295644.0
2020-10-27,279770.0,279750.0,285360.0,282250.0,Tuesday,False,0.0085399842778532,279860.0,290000.0,275460.0,287262.85714285716,295470.6666666667
2020-10-28,282300.0,278450.0,282360.0,278470.0,Wednesday,False,-0.013392382639504,282250.0,290000.0,288020.0,288232.85714285716,295312.3333333333
2020-10-29,277460.0,277450.0,277560.0,277500.0,Thursday,False,-0.0034833195676374,278470.0,279860.0,293750.0,286868.5714285714,294945.6666666667
2020-10-30,277460.0,277450.0,277560.0,277500.0,Friday,True,0.0,277500.0,282250.0,293750.0,284547.14285714284,294695.0
2020-10-31,277260.0,268650.0,277260.0,268720.0,Saturday,False,-0.0316396396396396,277500.0,278470.0,290000.0,282225.71428571426,294361.0
2020-11-01,268670.0,266950.0,272060.0,272060.0,Sunday,False,0.012429294432867,268720.0,277500.0,290000.0,279185.71428571426,293683.6666666667
2020-11-02,272020.0,271950.0,282460.0,282420.0,Monday,False,0.0380798353304419,272060.0,277500.0,279860.0,276622.85714285716,293117.6666666667
2020-11-03,272020.0,271950.0,282460.0,282420.0,Tuesday,True,0.0,282420.0,268720.0,282250.0,276988.5714285714,293048.6666666667
2020-11-04,282370.0,282350.0,289360.0,289270.0,Wednesday,False,0.0242546561858225,282420.0,272060.0,278470.0,277012.85714285716,293464.3333333333
2020-11-05,268460.0,263450.0,268560.0,263550.0,Thursday,False,-0.0889134718429148,289270.0,282420.0,277500.0,278555.71428571426,293707.0
2020-11-06,268460.0,263450.0,268560.0,263550.0,Friday,True,0.0,263550.0,282420.0,277500.0,276562.85714285716,292758.6666666667
2020-11-07,263450.0,244950.0,263450.0,244990.0,Saturday,False,-0.0704230696262568,263550.0,289270.0,268720.0,274570.0,291809.6666666667
2020-11-08,228900.0,228850.0,235060.0,234990.0,Sunday,False,-0.0408179925711253,244990.0,263550.0,272060.0,271180.0,290242.0
2020-11-09,234950.0,234950.0,248060.0,247990.0,Monday,False,0.0553215030426825,234990.0,263550.0,282420.0,265884.28571428574,288341.0
2020-11-10,248030.0,247950.0,271060.0,270990.0,Tuesday,False,0.0927456752288398,247990.0,244990.0,282420.0,260965.7142857143,286622.0
2020-11-11,271040.0,269950.0,271060.0,269990.0,Wednesday,False,-0.0036901730691168,270990.0,234990.0,289270.0,259332.85714285713,285273.3333333333
2020-11-12,269530.0,268450.0,269560.0,268520.0,Thursday,False,-0.0054446460980036,269990.0,247990.0,263550.0,256578.57142857142,284141.0
2020-11-13,269530.0,268450.0,269560.0,268520.0,Friday,True,0.0,268520.0,270990.0,263550.0,257288.57142857142,282657.6666666667
2020-11-14,268550.0,267450.0,269560.0,267530.0,Saturday,False,-0.0036868762103381,268520.0,269990.0,244990.0,257998.57142857142,281108.3333333333
2020-11-15,267480.0,259950.0,267560.0,260030.0,Sunday,False,-0.0280342391507494,267530.0,268520.0,234990.0,261218.57142857142,279458.0
2020-11-16,260020.0,258950.0,260060.0,258980.0,Monday,False,-0.0040379956158904,260030.0,268520.0,247990.0,264795.71428571426,277557.6666666667
2020-11-17,258960.0,258950.0,262060.0,258970.0,Tuesday,False,-3.861302031049618e-05,258980.0,267530.0,270990.0,266365.71428571426,275622.3333333333
2020-11-18,259020.0,256150.0,259020.0,256220.0,Wednesday,False,-0.0106189906166737,258970.0,260030.0,269990.0,264648.5714285714,273636.0
2020-11-19,256170.0,256150.0,256260.0,256200.0,Thursday,False,-7.805791897586012e-05,256220.0,258980.0,268520.0,262681.4285714286,271875.6666666667
2020-11-20,256170.0,256150.0,256260.0,256200.0,Friday,True,0.0,256200.0,258970.0,268520.0,260921.42857142858,271233.6666666667
2020-11-21,256250.0,256150.0,260560.0,259550.0,Saturday,False,0.0130757220921156,256200.0,256220.0,267530.0,259161.42857142858,270173.0
2020-11-22,258470.0,254450.0,258560.0,254530.0,Sunday,False,-0.0193411674051242,259550.0,256200.0,260030.0,258021.42857142858,269033.0
2020-11-23,256030.0,255450.0,256060.0,255450.0,Monday,False,0.0036145051663851,254530.0,256200.0,258980.0,257235.7142857143,267725.6666666667
2020-11-24,255470.0,250450.0,255560.0,250460.0,Tuesday,False,-0.0195341554120179,255450.0,259550.0,258970.0,256731.42857142858,266574.0
2020-11-25,250490.0,249500.0,250570.0,249500.0,Wednesday,False,-0.0038329473768266,250460.0,254530.0,256220.0,255515.7142857143,265256.0
2020-11-26,248500.0,247460.0,248570.0,247570.0,Thursday,False,-0.0077354709418837,249500.0,255450.0,256200.0,254555.7142857143,264244.0
2020-11-27,248500.0,247460.0,248570.0,247570.0,Friday,True,0.0,247570.0,250460.0,256200.0,253322.85714285713,263088.0
2020-11-28,247560.0,247460.0,247570.0,247530.0,Saturday,False,-0.000161570464919,247570.0,249500.0,259550.0,252090.0,262058.0
2020-11-29,247560.0,243950.0,247570.0,245510.0,Sunday,False,-0.0081606269947077,247530.0,247570.0,254530.0,250372.85714285713,261059.0
2020-11-30,245490.0,245460.0,253050.0,250030.0,Monday,False,0.0184106553704532,245510.0,247570.0,255450.0,249084.2857142857,259992.66666666666
2020-12-01,250070.0,245160.0,256270.0,256160.0,Tuesday,False,0.0245170579530455,250030.0,247530.0,250460.0,248310.0,259369.66666666666
2020-12-02,256190.0,256160.0,256270.0,256230.0,Wednesday,False,0.0002732667083074,256160.0,245510.0,249500.0,249124.2857142857,258839.66666666666
2020-12-03,254730.0,254640.0,254770.0,254680.0,Thursday,False,-0.0060492526245951,256230.0,250030.0,247570.0,250085.7142857143,257966.66666666666
2020-12-04,254730.0,254640.0,254770.0,254680.0,Friday,True,0.0,254680.0,256160.0,247570.0,251101.42857142858,257042.0
2020-12-05,254710.0,254670.0,257050.0,257020.0,Saturday,False,0.0091880006282394,254680.0,256230.0,247530.0,252117.14285714287,255889.0
2020-12-06,256950.0,255940.0,257050.0,255950.0,Sunday,False,-0.0041631001478483,257020.0,254680.0,245510.0,253472.85714285713,255671.33333333334
2020-12-07,256010.0,255940.0,256050.0,255950.0,Monday,False,0.0,255950.0,254680.0,250030.0,254964.2857142857,255418.0
2020-12-08,255980.0,255940.0,256050.0,255940.0,Tuesday,False,-3.907013088488842e-05,255950.0,257020.0,256160.0,255810.0,255783.33333333334
2020-12-09,255970.0,255940.0,259850.0,259770.0,Wednesday,False,0.014964444791748,255940.0,255950.0,256230.0,255778.57142857142,256481.66666666666
2020-12-10,261250.0,260640.0,261250.0,260650.0,Thursday,False,0.0033876121184124,259770.0,255950.0,254680.0,256284.2857142857,256874.33333333334
2020-12-11,261250.0,260640.0,261250.0,260650.0,Friday,True,0.0,260650.0,255940.0,254680.0,257137.14285714287,256529.66666666666
2020-12-12,260750.0,259940.0,260750.0,260050.0,Saturday,False,-0.0023019374640321,260650.0,259770.0,257020.0,257990.0,256218.33333333334
2020-12-13,259960.0,257940.0,260050.0,258040.0,Sunday,False,-0.007729282830225,260050.0,260650.0,255950.0,258422.85714285713,255936.0
2020-12-14,257980.0,256940.0,258050.0,256950.0,Monday,False,-0.0042241512943729,258040.0,260650.0,255950.0,258721.42857142858,255586.66666666666
2020-12-15,256960.0,256440.0,258550.0,258540.0,Tuesday,False,0.0061879743140689,256950.0,260050.0,255940.0,258864.2857142857,255234.0
2020-12-16,258480.0,257940.0,259550.0,258030.0,Wednesday,False,-0.0019726154560222,258540.0,258040.0,259770.0,259235.7142857143,255184.33333333334
2020-12-17,258040.0,257940.0,258050.0,258020.0,Thursday,False,-3.875518350582308e-05,258030.0,256950.0,260650.0,258987.14285714287,255152.66666666666
2020-12-18,258040.0,257940.0,258050.0,258020.0,Friday,True,0.0,258020.0,258540.0,260650.0,258611.42857142858,255121.0
2020-12-19,257440.0,254940.0,257550.0,254990.0,Saturday,False,-0.0117432757150608,258020.0,258030.0,260050.0,258235.7142857143,255181.0
2020-12-20,255050.0,253940.0,255050.0,253960.0,Sunday,False,-0.0040393740931017,254990.0,258020.0,258040.0,257512.85714285713,255140.66666666666
2020-12-21,253940.0,252940.0,254550.0,254470.0,Monday,False,0.0020081902661837,253960.0,258020.0,256950.0,256930.0,255066.0
2020-12-22,254460.0,254440.0,255250.0,255160.0,Tuesday,False,0.0027115180571384,254470.0,254990.0,258540.0,256575.7142857143,254896.66666666666
2020-12-23,255250.0,255140.0,257850.0,257850.0,Wednesday,False,0.0105424047656372,255160.0,253960.0,258030.0,256092.85714285713,254917.66666666666
2020-12-24,257810.0,257740.0,262050.0,258620.0,Thursday,False,0.002986232305604,257850.0,254470.0,258020.0,256067.14285714287,254997.66666666666
2020-12-25,257810.0,257740.0,262050.0,258620.0,Friday,True,0.0,258620.0,255160.0,258020.0,256152.85714285713,255269.66666666666
2020-12-26,258570.0,257040.0,258650.0,257110.0,Saturday,False,-0.0058386822364859,258620.0,257850.0,254990.0,256238.57142857142,255573.66666666666
2020-12-27,257120.0,256840.0,257450.0,257430.0,Sunday,False,0.0012446034771109,257110.0,258620.0,253960.0,256541.42857142858,255891.66666666666
2020-12-28,257350.0,257340.0,257450.0,257360.0,Monday,False,-0.0002719185798081,257430.0,258620.0,254470.0,257037.14285714287,256220.33333333334
2020-12-29,257440.0,256940.0,257450.0,256960.0,Tuesday,False,-0.0015542430836182,257360.0,257110.0,255160.0,257450.0,256548.0
2020-12-30,256980.0,256940.0,257050.0,257040.0,Wednesday,False,0.0003113325031132,256960.0,257430.0,257850.0,257707.14285714287,256929.66666666666
2020-12-31,257020.0,256940.0,257050.0,257010.0,Thursday,False,-0.0001167133520074,257040.0,257360.0,258620.0,257591.42857142858,257163.33333333334
2021-01-01,257020.0,256940.0,257050.0,257010.0,Friday,True,0.0,257010.0,256960.0,258620.0,257361.42857142858,257191.66666666666
2021-01-02,256990.0,256140.0,257050.0,256190.0,Saturday,False,-0.0031905373331776,257010.0,257040.0,257110.0,257131.42857142858,257217.66666666666
2021-01-03,256160.0,255640.0,256250.0,255670.0,Sunday,False,-0.0020297435497091,256190.0,257010.0,257430.0,257000.0,257268.0
2021-01-04,255650.0,255640.0,257750.0,257640.0,Monday,False,0.0077052450424375,255670.0,257010.0,257360.0,256748.57142857142,257301.0
2021-01-05,257740.0,257640.0,259050.0,259020.0,Tuesday,False,0.0053563111318117,257640.0,256190.0,256960.0,256788.57142857142,257321.66666666666
2021-01-06,259030.0,258440.0,259050.0,258540.0,Wednesday,False,-0.0018531387537641,259020.0,255670.0,257040.0,257082.85714285713,257424.0
2021-01-07,257530.0,255440.0,257550.0,255510.0,Thursday,False,-0.0117196565328382,258540.0,257640.0,257010.0,257297.14285714287,257510.33333333334
2021-01-08,257530.0,255440.0,257550.0,255510.0,Friday,True,0.0,255510.0,259020.0,257010.0,257082.85714285713,257496.0
2021-01-09,255550.0,248640.0,255550.0,248660.0,Saturday,False,-0.0268091268443505,255510.0,258540.0,256190.0,256868.57142857142,257354.0
2021-01-10,248690.0,245840.0,248690.0,248520.0,Sunday,False,-0.0005630177752754,248660.0,255510.0,255670.0,255792.85714285713,256954.33333333334
2021-01-11,248450.0,248440.0,249550.0,248490.0,Monday,False,-0.0001207146306132,248520.0,255510.0,257640.0,254771.42857142858,256550.0
2021-01-12,248540.0,248440.0,248550.0,248440.0,Tuesday,False,-0.0002012153406575,248490.0,248660.0,259020.0,253464.2857142857,256164.66666666666
2021-01-13,248520.0,244940.0,248550.0,244980.0,Wednesday,False,-0.0139269038802125,248440.0,248520.0,258540.0,251952.85714285713,255844.66666666666
2021-01-14,242870.0,239440.0,242950.0,239530.0,Thursday,False,-0.0222467140174708,244980.0,248490.0,255510.0,250015.7142857143,255445.66666666666
2021-01-15,242870.0,239440.0,242950.0,239530.0,Friday,True,0.0,239530.0,248440.0,255510.0,247732.85714285713,254812.0
2021-01-16,239540.0,229440.0,239540.0,229470.0,Saturday,False,-0.041998914540976,239530.0,244980.0,248660.0,245450.0,254195.33333333334
2021-01-17,239540.0,229440.0,239540.0,229470.0,Sunday,True,0.0,229470.0,239530.0,248520.0,242708.57142857142,253243.66666666666
2021-01-18,229550.0,217900.0,229550.0,218010.0,Monday,False,-0.0499411687802326,229470.0,239530.0,248490.0,239987.14285714287,252292.0
2021-01-19,215900.0,203860.0,217950.0,217950.0,Tuesday,False,-0.0002752167331774,218010.0,229470.0,248440.0,235632.85714285713,251059.33333333334
2021-01-20,217940.0,217840.0,227550.0,227520.0,Wednesday,False,0.0439091534755677,217950.0,229470.0,244980.0,231277.14285714287,249859.0
2021-01-21,226510.0,226440.0,226550.0,226550.0,Thursday,False,-0.0042633614627285,227520.0,218010.0,239530.0,228782.85714285713,248960.66666666666
2021-01-22,226510.0,226440.0,226550.0,226550.0,Friday,True,0.0,226550.0,217950.0,239530.0,226928.57142857142,248007.0
2021-01-23,226530.0,224240.0,226530.0,224320.0,Saturday,False,-0.009843301699404,226550.0,227520.0,229470.0,225074.2857142857,246963.66666666666
2021-01-24,224340.0,224240.0,224350.0,224340.0,Sunday,False,8.915834522116306e-05,224320.0,226550.0,229470.0,224338.57142857142,245820.33333333334
2021-01-25,224250.0,224240.0,229750.0,229660.0,Monday,False,0.0237140055273246,224340.0,226550.0,218010.0,223605.7142857143,244677.66666666666
2021-01-26,229720.0,229140.0,229750.0,229180.0,Tuesday,False,-0.0020900461551859,229660.0,224320.0,217950.0,225270.0,243762.66666666666
2021-01-27,229150.0,229140.0,234150.0,234130.0,Wednesday,False,0.0215987433458417,229180.0,224340.0,227520.0,226874.2857142857,242821.0
2021-01-28,234070.0,232040.0,234150.0,232110.0,Thursday,False,-0.008627685473882,234130.0,229660.0,226550.0,227818.57142857142,242046.66666666666
2021-01-29,234070.0,232040.0,234150.0,232110.0,Friday,True,0.0,232110.0,229180.0,226550.0,228612.85714285713,241218.33333333334
2021-01-30,232050.0,232040.0,237250.0,237170.0,Saturday,False,0.0218000086166041,232110.0,234130.0,224320.0,229407.14285714287,240387.33333333334
2021-01-31,237180.0,237140.0,239250.0,239210.0,Sunday,False,0.0086014251380865,237170.0,232110.0,224340.0,231242.85714285713,239726.0
2021-02-01,239170.0,238640.0,239170.0,238720.0,Monday,False,-0.0020484093474353,239210.0,232110.0,229660.0,233367.14285714287,239132.66666666666
2021-02-02,238650.0,238640.0,238750.0,238710.0,Tuesday,False,-4.189008042898568e-05,238720.0,237170.0,229180.0,234661.42857142858,238550.33333333334
2021-02-03,238680.0,237640.0,238750.0,237660.0,Wednesday,False,-0.0043986427045369,238710.0,239210.0,234130.0,236022.85714285713,237985.0
2021-02-04,237500.0,237440.0,237550.0,237470.0,Thursday,False,-0.0007994614154674,237660.0,238720.0,232110.0,236527.14285714287,237319.0
2021-02-05,237500.0,237440.0,237550.0,237470.0,Friday,True,0.0,237470.0,238710.0,232110.0,237292.85714285713,236600.66666666666
2021-02-06,237520.0,237440.0,237550.0,237550.0,Saturday,False,0.0003368846591147,237470.0,237660.0,237170.0,238058.57142857142,235898.33333333334
2021-02-07,237490.0,236940.0,237550.0,236960.0,Sunday,False,-0.0024836876447064,237550.0,237470.0,239210.0,238112.85714285713,235299.66666666666
2021-02-08,237050.0,236940.0,237050.0,236940.0,Monday,False,-8.44024307899982e-05,236960.0,237470.0,238720.0,237791.42857142858,234681.33333333334
2021-02-09,238970.0,238940.0,241050.0,241030.0,Tuesday,False,0.0172617540305561,236940.0,237550.0,238710.0,237537.14285714287,234290.66666666666
2021-02-10,238970.0,238940.0,241050.0,241030.0,Wednesday,True,0.0,241030.0,236960.0,237660.0,237868.57142857142,234041.0
2021-02-11,245960.0,245940.0,247050.0,246960.0,Thursday,False,0.0246027465460731,241030.0,236940.0,237470.0,238350.0,233792.33333333334
2021-02-12,245960.0,245940.0,247050.0,246960.0,Friday,True,0.0,246960.0,241030.0,237470.0,239705.7142857143,233743.0
2021-02-13,247040.0,246940.0,249850.0,249810.0,Saturday,False,0.0115403304178813,246960.0,241030.0,237550.0,241061.42857142858,233809.0
2021-02-14,249830.0,249740.0,249850.0,249770.0,Sunday,False,-0.0001601216924862,249810.0,246960.0,236960.0,242812.85714285713,234151.66666666666
2021-02-15,249780.0,249740.0,249850.0,249740.0,Monday,False,-0.0001201105016614,249770.0,246960.0,236940.0,244642.85714285713,234493.0
2021-02-16,249820.0,249740.0,249850.0,249740.0,Tuesday,False,0.0,249740.0,249810.0,241030.0,246471.42857142858,235168.66666666666
2021-02-17,249780.0,249740.0,251850.0,251750.0,Wednesday,False,0.0080483703051172,249740.0,249770.0,241030.0,247715.7142857143,235844.33333333334
2021-02-18,251710.0,251640.0,253620.0,251710.0,Thursday,False,-0.0001588877855014,251750.0,249740.0,246960.0,249247.14285714287,236969.0
2021-02-19,251710.0,251640.0,253620.0,251710.0,Friday,True,0.0,251710.0,249740.0,246960.0,249925.7142857143,238094.33333333334
2021-02-20,251750.0,249920.0,252250.0,249990.0,Saturday,False,-0.0068332604981923,251710.0,251750.0,249810.0,250604.2857142857,238900.66666666666
2021-02-21,249970.0,242400.0,250030.0,242530.0,Sunday,False,-0.0298411936477459,249990.0,251710.0,249770.0,250630.0,239682.0
2021-02-22,242510.0,241790.0,243750.0,241880.0,Monday,False,-0.0026800808147445,242530.0,251710.0,249740.0,249595.7142857143,240214.66666666666
2021-02-23,241810.0,241790.0,246520.0,246420.0,Tuesday,False,0.0187696378369439,241880.0,249990.0,249740.0,248472.85714285713,240800.0
2021-02-24,246510.0,246410.0,252520.0,248210.0,Wednesday,False,0.0072640207775342,246420.0,242530.0,251750.0,247998.57142857142,241536.0
2021-02-25,246510.0,246410.0,252520.0,248210.0,Thursday,True,0.0,248210.0,241880.0,251710.0,247492.85714285713,242154.33333333334
2021-02-26,246510.0,246410.0,252520.0,248210.0,Friday,True,0.0,248210.0,246420.0,251710.0,246992.85714285713,242788.66666666666
2021-02-27,248150.0,248110.0,253720.0,252400.0,Saturday,False,0.0168808670077755,248210.0,248210.0,249990.0,246492.85714285713,243258.0
2021-02-28,252430.0,246960.0,252440.0,247050.0,Sunday,False,-0.0211965134706814,252400.0,248210.0,242530.0,246837.14285714287,243934.33333333334
2021-03-01,247030.0,246960.0,249500.0,247480.0,Monday,False,0.0017405383525601,247050.0,248210.0,241880.0,247482.85714285713,244432.33333333334
2021-03-02,247580.0,244280.0,247590.0,244370.0,Tuesday,False,-0.0125666720543073,247480.0,252400.0,246420.0,248282.85714285713,244776.0
2021-03-03,244330.0,244330.0,247910.0,246680.0,Wednesday,False,0.0094528788312804,244370.0,247050.0,248210.0,247990.0,244948.0
2021-03-04,246700.0,246530.0,246790.0,246610.0,Thursday,False,-0.0002837684449489,246680.0,247480.0,248210.0,247771.42857142858,245213.33333333334
2021-03-05,246700.0,246530.0,246790.0,246610.0,Friday,True,0.0,246610.0,244370.0,248210.0,247542.85714285713,245476.66666666666
2021-03-06,246580.0,242700.0,246770.0,242710.0,Saturday,False,-0.0158144438587243,246610.0,246680.0,252400.0,247314.2857142857,245775.0
2021-03-07,242800.0,239850.0,242810.0,239900.0,Sunday,False,-0.0115776029005809,242710.0,246610.0,247050.0,245930.0,245949.66666666666
2021-03-08,239960.0,239850.0,244610.0,243210.0,Monday,False,0.013797415589829,239900.0,246610.0,247480.0,244908.57142857142,246030.66666666666
2021-03-09,243240.0,241050.0,244280.0,242070.0,Tuesday,False,-0.0046873072653262,243210.0,242710.0,244370.0,244298.57142857142,246219.33333333334
2021-03-10,242100.0,241240.0,242710.0,242420.0,Wednesday,False,0.0014458627669682,242070.0,239900.0,246680.0,243970.0,246389.66666666666
2021-03-11,242100.0,241240.0,242710.0,242420.0,Thursday,True,0.0,242420.0,243210.0,246610.0,243361.42857142858,246572.33333333334
2021-03-12,242100.0,241240.0,242710.0,242420.0,Friday,True,0.0,242420.0,242070.0,246610.0,242762.85714285713,246618.66666666666
2021-03-13,242400.0,241770.0,243850.0,241770.0,Saturday,False,-0.0026812969226961,242420.0,242420.0,242710.0,242164.2857142857,246665.0
2021-03-14,241810.0,239100.0,241880.0,239170.0,Sunday,False,-0.0107540224180006,241770.0,242420.0,239900.0,242030.0,246492.0
2021-03-15,239200.0,239100.0,239210.0,239170.0,Monday,False,0.0,239170.0,242420.0,243210.0,241925.7142857143,246232.33333333334
2021-03-16,239200.0,239100.0,241380.0,240890.0,Tuesday,False,0.0071915374001756,239170.0,241770.0,242070.0,241348.57142857142,245877.66666666666
2021-03-17,240920.0,240320.0,240950.0,240400.0,Wednesday,False,-0.0020341234588401,240890.0,239170.0,242420.0,241180.0,245581.66666666666
2021-03-18,240410.0,239550.0,240430.0,239630.0,Thursday,False,-0.0032029950083194,240400.0,239170.0,242420.0,240891.42857142858,245270.33333333334
2021-03-19,240410.0,239550.0,240430.0,239630.0,Friday,True,0.0,239630.0,240890.0,242420.0,240492.85714285713,244933.33333333334
2021-03-20,240410.0,239550.0,240430.0,239630.0,Saturday,True,0.0,239630.0,240400.0,241770.0,240094.2857142857,244529.33333333334
2021-03-21,240410.0,239550.0,240430.0,239630.0,Sunday,True,0.0,239630.0,239630.0,239170.0,239788.57142857142,244126.66666666666
2021-03-22,240410.0,239550.0,240430.0,239630.0,Monday,True,0.0,239630.0,239630.0,239170.0,239854.2857142857,243724.0
2021-03-23,240410.0,239550.0,240430.0,239630.0,Tuesday,True,0.0,239630.0,239630.0,240890.0,239920.0,243378.66666666666
2021-03-24,240410.0,239550.0,240430.0,239630.0,Wednesday,True,0.0,239630.0,239630.0,240400.0,239740.0,243282.0
2021-03-25,240410.0,239550.0,240430.0,239630.0,Thursday,True,0.0,239630.0,239630.0,239630.0,239630.0,243207.0
2021-03-26,240410.0,239550.0,240430.0,239630.0,Friday,True,0.0,239630.0,239630.0,239630.0,239630.0,242980.66666666666
2021-03-27,239640.0,239550.0,247580.0,247560.0,Saturday,False,0.033092684555356,239630.0,239630.0,239630.0,239630.0,242694.66666666666
2021-03-28,247510.0,247470.0,252350.0,252330.0,Sunday,False,0.019268056228793,247560.0,239630.0,239630.0,240762.85714285713,242673.0
2021-03-29,247510.0,247470.0,252350.0,252330.0,Monday,True,0.0,252330.0,239630.0,239630.0,242577.14285714287,242810.33333333334
2021-03-30,252340.0,252240.0,257120.0,252540.0,Tuesday,False,0.0008322434906669,252330.0,247560.0,239630.0,244391.42857142858,242808.0
2021-03-31,252550.0,251990.0,252550.0,252040.0,Wednesday,False,-0.0019798843747524,252540.0,252330.0,239630.0,246235.7142857143,242991.0
2021-04-01,252040.0,251990.0,252100.0,252100.0,Thursday,False,0.0002380574511982,252040.0,252330.0,239630.0,248008.57142857142,243143.0
2021-04-02,252040.0,251990.0,252100.0,252100.0,Friday,True,0.0,252100.0,252540.0,239630.0,249790.0,243400.66666666666
2021-04-03,252010.0,244600.0,252100.0,244650.0,Saturday,False,-0.0295517651725505,252100.0,252040.0,247560.0,251571.42857142858,243581.33333333334
2021-04-04,244700.0,242630.0,244710.0,242720.0,Sunday,False,-0.0078888207643572,244650.0,252100.0,252330.0,251155.7142857143,243516.0
2021-04-05,242660.0,242630.0,245310.0,244050.0,Monday,False,0.0054795649307843,242720.0,252100.0,252330.0,249782.85714285713,243386.33333333334
2021-04-06,244100.0,244010.0,247170.0,247110.0,Tuesday,False,0.0125384142593731,244050.0,244650.0,252540.0,248600.0,243431.0
2021-04-07,247150.0,244620.0,247170.0,244620.0,Wednesday,False,-0.0100764841568532,247110.0,242720.0,252040.0,247824.2857142857,243671.33333333334
2021-04-08,244730.0,244620.0,244730.0,244660.0,Thursday,False,0.0001635189273159,244620.0,244050.0,252100.0,246764.2857142857,243718.33333333334
2021-04-09,244730.0,244620.0,244730.0,244660.0,Friday,True,0.0,244660.0,247110.0,252100.0,245701.42857142858,243804.66666666666
2021-04-10,242890.0,241860.0,243570.0,241880.0,Saturday,False,-0.0113627074307202,244660.0,244620.0,244650.0,244638.57142857142,243879.33333333334
2021-04-11,241950.0,241860.0,243930.0,242850.0,Sunday,False,0.0040102530180254,241880.0,244660.0,242720.0,244242.85714285713,243861.33333333334
2021-04-12,242920.0,242520.0,243740.0,242960.0,Monday,False,0.0004529544986617,242850.0,244660.0,244050.0,244261.42857142858,243875.66666666666
2021-04-13,243020.0,240790.0,243060.0,240900.0,Tuesday,False,-0.0084787619361211,242960.0,241880.0,247110.0,244105.7142857143,243915.33333333334
2021-04-14,240800.0,240790.0,242390.0,242350.0,Wednesday,False,0.006019095060191,240900.0,242850.0,244620.0,243218.57142857142,243973.0
2021-04-15,240920.0,239860.0,241010.0,239870.0,Thursday,False,-0.0102331338972559,242350.0,242960.0,244660.0,242894.2857142857,244079.0
2021-04-16,240920.0,239860.0,241010.0,239870.0,Friday,True,0.0,239870.0,240900.0,244660.0,242210.0,244045.0
2021-04-17,239930.0,239860.0,240000.0,239930.0,Saturday,False,0.000250135490057,239870.0,242350.0,241880.0,241525.7142857143,244027.33333333334
2021-04-18,239900.0,238750.0,240000.0,238820.0,Sunday,False,-0.0046263493518943,239930.0,239870.0,242850.0,241247.14285714287,244037.33333333334
2021-04-19,238830.0,238170.0,238860.0,238170.0,Monday,False,-0.0027217150992379,238820.0,239870.0,242960.0,240671.42857142858,244010.33333333334
2021-04-20,238190.0,233640.0,238280.0,233740.0,Tuesday,False,-0.0186001595499013,238170.0,239930.0,240900.0,239987.14285714287,243961.66666666666
2021-04-21,233650.0,233640.0,233750.0,233690.0,Wednesday,False,-0.0002139128946693,233740.0,238820.0,242350.0,238964.2857142857,243765.33333333334
2021-04-22,233750.0,233280.0,233750.0,233300.0,Thursday,False,-0.0016688775728529,233690.0,238170.0,239870.0,237727.14285714287,243567.33333333334
2021-04-23,233750.0,233280.0,233750.0,233300.0,Friday,True,0.0,233300.0,233740.0,239870.0,236788.57142857142,243356.33333333334
2021-04-24,233350.0,233280.0,233390.0,233370.0,Saturday,False,0.0003000428632662,233300.0,233690.0,239930.0,235850.0,243145.33333333334
2021-04-25,233280.0,233280.0,233390.0,233390.0,Sunday,False,8.570081844272437e-05,233370.0,233300.0,238820.0,234912.85714285713,242936.66666666666
2021-04-26,233380.0,232750.0,233390.0,232760.0,Monday,False,-0.0026993444449204,233390.0,233300.0,238170.0,234137.14285714287,242728.66666666666
2021-04-27,232770.0,232540.0,234090.0,232610.0,Tuesday,False,-0.000644440625537,232760.0,233370.0,233740.0,233364.2857142857,242235.33333333334
2021-04-28,232640.0,232310.0,232650.0,232330.0,Wednesday,False,-0.0012037315678603,232610.0,233390.0,233690.0,233202.85714285713,241578.0
2021-04-29,232410.0,232310.0,232420.0,232310.0,Thursday,False,-8.608444884428135e-05,232330.0,232760.0,233300.0,233008.57142857142,240911.33333333334
2021-04-30,232410.0,232310.0,232420.0,232310.0,Friday,True,0.0,232310.0,232610.0,233300.0,232867.14285714287,240237.0
2021-05-01,232340.0,229020.0,232420.0,229100.0,Saturday,False,-0.0138177435323489,232310.0,232330.0,233370.0,232725.7142857143,239579.33333333334
2021-05-02,229110.0,218380.0,229130.0,218380.0,Sunday,False,-0.0467917939764295,229100.0,232310.0,233390.0,232115.7142857143,238812.66666666666
2021-05-03,218430.0,217260.0,218490.0,217310.0,Monday,False,-0.0048997160912171,218380.0,232310.0,232760.0,229971.42857142858,237688.66666666666
2021-05-04,218430.0,217260.0,218490.0,217310.0,Tuesday,True,0.0,217310.0,229100.0,232610.0,227764.2857142857,236777.33333333334
2021-05-05,214080.0,206210.0,214080.0,209450.0,Wednesday,False,-0.0361695274032488,217310.0,218380.0,232330.0,225578.57142857142,235930.33333333334
2021-05-06,206440.0,206370.0,206480.0,206480.0,Thursday,False,-0.0141799952255908,209450.0,217310.0,232310.0,222310.0,234777.0
2021-05-07,206440.0,206370.0,206480.0,206480.0,Friday,True,0.0,206480.0,217310.0,232310.0,218620.0,233422.66666666666
2021-05-08,206390.0,206370.0,206480.0,206370.0,Saturday,False,-0.0005327392483533,206480.0,209450.0,229100.0,214930.0,232151.33333333334
2021-05-09,206450.0,206370.0,207300.0,207260.0,Sunday,False,0.0043126423414256,206370.0,206480.0,218380.0,211682.85714285713,230875.0
2021-05-10,207240.0,207190.0,217040.0,216130.0,Monday,False,0.0427964875036186,207260.0,206480.0,217310.0,210094.2857142857,229628.33333333334
2021-05-11,216080.0,216080.0,223410.0,221850.0,Tuesday,False,0.0264655531393143,216130.0,206370.0,217310.0,209925.7142857143,228770.0
2021-05-12,221860.0,219750.0,221950.0,219750.0,Wednesday,False,-0.0094658553076403,221850.0,207260.0,209450.0,210574.2857142857,228070.0
2021-05-13,219790.0,216130.0,219860.0,216130.0,Thursday,False,-0.0164732650739476,219750.0,216130.0,206480.0,212045.7142857143,227296.33333333334
2021-05-14,219790.0,216130.0,219860.0,216130.0,Friday,True,0.0,216130.0,221850.0,206480.0,213424.2857142857,226470.66666666666
2021-05-15,220760.0,220410.0,221880.0,220500.0,Saturday,False,0.0202193124508398,216130.0,219750.0,206370.0,214802.85714285713,225596.66666666666
2021-05-16,220520.0,220410.0,224160.0,224140.0,Sunday,False,0.0165079365079365,220500.0,216130.0,207260.0,216821.42857142858,224951.0
2021-05-17,224160.0,222140.0,225270.0,222190.0,Monday,False,-0.0086999196930489,224140.0,216130.0,216130.0,219232.85714285713,224426.66666666666
2021-05-18,222240.0,222140.0,225380.0,225340.0,Tuesday,False,0.0141770556730727,222190.0,220500.0,221850.0,220098.57142857142,223835.33333333334
2021-05-19,225270.0,221720.0,225380.0,221790.0,Wednesday,False,-0.0157539717759829,225340.0,224140.0,219750.0,220597.14285714287,223386.0
2021-05-20,223990.0,222930.0,224020.0,223000.0,Thursday,False,0.0054556111637134,221790.0,222190.0,216130.0,220888.57142857142,222840.0
2021-05-21,223990.0,222930.0,224020.0,223000.0,Friday,True,0.0,223000.0,225340.0,216130.0,221870.0,222482.0
2021-05-22,222980.0,222930.0,223550.0,223490.0,Saturday,False,0.0021973094170404,223000.0,221790.0,220500.0,222851.42857142858,222125.66666666666
2021-05-23,223440.0,223390.0,223990.0,223510.0,Sunday,False,8.948946261577717e-05,223490.0,223000.0,224140.0,223278.57142857142,221798.66666666666
2021-05-24,223590.0,223490.0,225110.0,224110.0,Monday,False,0.0026844436490536,223510.0,223000.0,222190.0,223188.57142857142,221472.33333333334
2021-05-25,224120.0,223150.0,224430.0,224100.0,Tuesday,False,-4.462094507162728e-05,224110.0,223490.0,225340.0,223462.85714285713,221163.66666666666
2021-05-26,224190.0,224100.0,225270.0,225160.0,Wednesday,False,0.0047300312360554,224100.0,223510.0,221790.0,223285.7142857143,220854.0
2021-05-27,225260.0,225170.0,231470.0,231470.0,Thursday,False,0.0280245158998044,225160.0,224110.0,223000.0,223767.14285714287,220600.66666666666
2021-05-28,225260.0,225170.0,231470.0,231470.0,Friday,True,0.0,231470.0,224100.0,223000.0,224977.14285714287,220562.66666666666
2021-05-29,226560.0,226460.0,234660.0,234660.0,Saturday,False,0.0137814835615845,231470.0,225160.0,223490.0,226187.14285714287,220534.0
2021-05-30,234640.0,234550.0,238660.0,238570.0,Sunday,False,0.0166624051819654,234660.0,231470.0,223510.0,227782.85714285713,220612.33333333334
2021-05-31,238590.0,232950.0,238660.0,234060.0,Monday,False,-0.0189043048161965,238570.0,231470.0,224110.0,229934.2857142857,220821.0
2021-06-01,234000.0,233970.0,238660.0,234160.0,Tuesday,False,0.0004272408784071,234060.0,234660.0,224100.0,231355.7142857143,220986.33333333334
2021-06-02,234060.0,228150.0,234360.0,234240.0,Wednesday,False,0.0003416467372736,234160.0,238570.0,225160.0,232792.85714285713,221512.33333333334
2021-06-03,234330.0,233900.0,234350.0,234330.0,Thursday,False,0.0003842213114753,234240.0,234060.0,231470.0,234090.0,222076.66666666666
2021-06-04,234330.0,233900.0,234350.0,234330.0,Friday,True,0.0,234330.0,234160.0,231470.0,234498.57142857142,222644.0
2021-06-05,234330.0,233900.0,234350.0,234330.0,Saturday,True,0.0,234330.0,234240.0,234660.0,234907.14285714287,223473.33333333334
2021-06-06,234330.0,233900.0,234350.0,234330.0,Sunday,True,0.0,234330.0,234330.0,238570.0,234860.0,224401.66666666666
2021-06-07,234340.0,234240.0,235960.0,235950.0,Monday,False,0.0069133273588528,234330.0,234330.0,234060.0,234254.2857142857,225330.0
2021-06-08,235890.0,234820.0,235960.0,235490.0,Tuesday,False,-0.0019495655859291,235950.0,234330.0,234160.0,234524.2857142857,226316.0
2021-06-09,235480.0,235440.0,241550.0,241440.0,Wednesday,False,0.025266465667332,235490.0,234330.0,234240.0,234714.2857142857,227257.0
2021-06-10,240010.0,239140.0,240450.0,239230.0,Thursday,False,-0.0091534128561961,241440.0,235950.0,234330.0,235742.85714285713,228100.66666666666
2021-06-11,240010.0,239140.0,240450.0,239230.0,Friday,True,0.0,239230.0,235490.0,234330.0,236442.85714285713,228680.0
2021-06-12,236830.0,236140.0,238350.0,237750.0,Saturday,False,-0.0061865150691803,239230.0,241440.0,234330.0,237142.85714285713,229329.33333333334
2021-06-13,238970.0,238940.0,241250.0,241030.0,Sunday,False,0.0137960042060989,237750.0,239230.0,234330.0,237631.42857142858,230050.0
2021-06-14,240970.0,238550.0,241050.0,239720.0,Monday,False,-0.0054350080902791,241030.0,239230.0,235950.0,238588.57142857142,230880.0
2021-06-15,239970.0,239950.0,240050.0,240490.0,Tuesday,False,0.0032120807608877,239720.0,237750.0,235490.0,239127.14285714287,231520.66666666666
2021-06-16,240470.0,239450.0,242250.0,241750.0,Wednesday,False,0.0052393030895254,240490.0,241030.0,241440.0,239841.42857142858,232065.66666666666
2021-06-17,242010.0,241950.0,244640.0,244290.0,Thursday,False,0.010506721820062,241750.0,239720.0,239230.0,239885.7142857143,232717.66666666666
2021-06-18,242010.0,241950.0,244640.0,244290.0,Friday,True,0.0,244290.0,240490.0,239230.0,240608.57142857142,233349.33333333334
2021-06-19,244490.0,234690.0,244640.0,234890.0,Saturday,False,-0.0384788570960743,244290.0,241750.0,237750.0,241331.42857142858,234099.33333333334
2021-06-20,234810.0,234690.0,240440.0,239600.0,Sunday,False,0.0200519392055855,234890.0,244290.0,241030.0,240922.85714285713,234495.66666666666
2021-06-21,239940.0,239190.0,241440.0,240990.0,Monday,False,0.0058013355592654,239600.0,244290.0,239720.0,240718.57142857142,235049.0
2021-06-22,241190.0,241190.0,243140.0,242670.0,Tuesday,False,0.0069712436200672,240990.0,234890.0,240490.0,240900.0,235632.33333333334
2021-06-23,243310.0,240790.0,243340.0,241790.0,Wednesday,False,-0.0036263238142333,242670.0,239600.0,241750.0,241211.42857142858,236271.0
2021-06-24,241690.0,241190.0,242440.0,241890.0,Thursday,False,0.0004135820339965,241790.0,240990.0,244290.0,241217.14285714287,236860.33333333334
2021-06-25,241690.0,241190.0,242440.0,241890.0,Friday,True,0.0,241890.0,242670.0,244290.0,240874.2857142857,237453.33333333334
2021-06-26,244500.0,242290.0,245940.0,244540.0,Saturday,False,0.0109553929472074,241890.0,241790.0,234890.0,240531.42857142858,238011.0
2021-06-27,243490.0,243490.0,246940.0,246770.0,Sunday,False,0.0091191625092008,244540.0,241890.0,239600.0,241910.0,238446.66666666666
2021-06-28,246360.0,246290.0,248640.0,247120.0,Monday,False,0.0014183247558454,246770.0,241890.0,240990.0,242934.2857142857,238956.66666666666
2021-06-29,249000.0,248890.0,252040.0,249650.0,Tuesday,False,0.010237941081256,247120.0,244540.0,242670.0,243810.0,239372.0
2021-06-30,250020.0,249990.0,254130.0,254000.0,Wednesday,False,0.0174243941518126,249650.0,246770.0,241790.0,244807.14285714287,239741.33333333334
2021-07-01,253290.0,250690.0,253440.0,251510.0,Thursday,False,-0.0098031496062992,254000.0,247120.0,241890.0,246551.42857142858,240406.0
2021-07-02,253290.0,250690.0,253440.0,251510.0,Friday,True,0.0,251510.0,249650.0,241890.0,247925.7142857143,240984.33333333334
2021-07-03,251600.0,251390.0,253840.0,252360.0,Saturday,False,0.0033795872927517,251510.0,254000.0,244540.0,249300.0,241560.0
2021-07-04,254490.0,251090.0,254640.0,251510.0,Sunday,False,-0.0033682041527975,252360.0,251510.0,246770.0,250417.14285714287,242161.0
2021-07-05,251220.0,249490.0,251340.0,249720.0,Monday,False,-0.0071170132400302,251510.0,251510.0,247120.0,251094.2857142857,242733.66666666666
2021-07-06,250990.0,250590.0,251640.0,251090.0,Tuesday,False,0.0054861444818197,249720.0,252360.0,249650.0,251465.7142857143,243246.66666666666
2021-07-07,250490.0,250010.0,251340.0,250860.0,Wednesday,False,-0.0009160062129116,251090.0,251510.0,254000.0,251671.42857142858,243805.33333333334
2021-07-08,251070.0,249490.0,251140.0,250190.0,Thursday,False,-0.0026708124053256,250860.0,249720.0,251510.0,251222.85714285713,244302.33333333334
2021-07-09,251070.0,249490.0,251140.0,250190.0,Friday,True,0.0,250190.0,251090.0,251510.0,251034.2857142857,244792.33333333334
2021-07-10,250340.0,248190.0,250340.0,249490.0,Saturday,False,-0.0027978736160517,250190.0,250860.0,252360.0,250845.7142857143,245084.0
2021-07-11,249210.0,248790.0,250140.0,249990.0,Sunday,False,0.0020040883402139,249490.0,250190.0,251510.0,250435.7142857143,245426.0
2021-07-12,250040.0,249290.0,250140.0,249690.0,Monday,False,-0.00120004800192,249990.0,250190.0,249720.0,250218.57142857142,245784.66666666666
2021-07-13,249740.0,247090.0,249740.0,247590.0,Tuesday,False,-0.0084104289318754,249690.0,249490.0,251090.0,250214.2857142857,246182.66666666666
2021-07-14,247610.0,244990.0,247640.0,246040.0,Wednesday,False,-0.0062603497718001,247590.0,249990.0,250860.0,249714.2857142857,246401.33333333334
2021-07-15,246190.0,246190.0,247940.0,246990.0,Thursday,False,0.0038611607868639,246040.0,249690.0,250190.0,249025.7142857143,246612.0
2021-07-16,246190.0,246190.0,247940.0,246990.0,Friday,True,0.0,246990.0,247590.0,250190.0,248568.57142857142,246828.66666666666
2021-07-17,247610.0,247190.0,248340.0,247290.0,Saturday,False,0.001214624073849,246990.0,246040.0,249490.0,248111.42857142858,247003.33333333334
2021-07-18,246890.0,245190.0,247640.0,245290.0,Sunday,False,-0.0080876703465566,247290.0,246990.0,249990.0,247797.14285714287,247103.33333333334
2021-07-19,245600.0,244090.0,245640.0,244640.0,Monday,False,-0.0026499245790696,245290.0,246990.0,249690.0,247125.7142857143,247136.66666666666
2021-07-20,244820.0,244790.0,245440.0,245190.0,Tuesday,False,0.0022482014388489,244640.0,247290.0,247590.0,246404.2857142857,247461.66666666666
2021-07-21,244820.0,244790.0,245440.0,245190.0,Wednesday,True,0.0,245190.0,245290.0,246040.0,246061.42857142858,247648.0
2021-07-22,246240.0,246190.0,246340.0,246280.0,Thursday,False,0.0044455320363798,245190.0,244640.0,246990.0,245940.0,247788.0
2021-07-23,246240.0,246190.0,246340.0,246280.0,Friday,True,0.0,246280.0,245190.0,246990.0,245838.57142857142,247908.33333333334
2021-07-24,246190.0,246190.0,247340.0,247090.0,Saturday,False,0.003288939418548,246280.0,245190.0,247290.0,245737.14285714287,248058.0
2021-07-25,247490.0,247490.0,249630.0,247790.0,Sunday,False,0.0028329758387632,247090.0,246280.0,245290.0,245708.57142857142,248231.33333333334
2021-07-26,248130.0,247890.0,251040.0,250490.0,Monday,False,0.0108963234997376,247790.0,246280.0,244640.0,246065.7142857143,248428.0
2021-07-27,250780.0,250690.0,252340.0,251660.0,Tuesday,False,0.0046708451435186,250490.0,247090.0,245190.0,246901.42857142858,248626.33333333334
2021-07-28,251800.0,251690.0,256240.0,255990.0,Wednesday,False,0.0172057537948024,251660.0,247790.0,245190.0,247825.7142857143,248789.33333333334
2021-07-29,251800.0,251690.0,256240.0,255990.0,Thursday,True,0.0,255990.0,250490.0,246280.0,249368.57142857142,249085.0
2021-07-30,251800.0,251690.0,256240.0,255990.0,Friday,True,0.0,255990.0,251660.0,246280.0,250755.7142857143,249296.33333333334
2021-07-31,260270.0,256990.0,260640.0,257290.0,Saturday,False,0.0050783233720066,255990.0,255990.0,247090.0,252142.85714285713,249362.66666666666
2021-08-01,257190.0,254290.0,257640.0,254890.0,Sunday,False,-0.0093279956469353,257290.0,255990.0,247790.0,253600.0,249555.33333333334
2021-08-02,255690.0,254590.0,256640.0,255190.0,Monday,False,0.0011769783043666,254890.0,255990.0,250490.0,254614.2857142857,249668.0
2021-08-03,255790.0,255690.0,258140.0,257290.0,Tuesday,False,0.0082291625847408,255190.0,257290.0,251660.0,255285.7142857143,249762.33333333334
2021-08-04,257250.0,254690.0,257340.0,256190.0,Wednesday,False,-0.0042753313381787,257290.0,254890.0,255990.0,256090.0,249955.0
2021-08-05,256490.0,255790.0,256740.0,256190.0,Thursday,False,0.0,256190.0,255190.0,255990.0,256118.57142857142,250170.66666666666
2021-08-06,256490.0,255790.0,256740.0,256190.0,Friday,True,0.0,256190.0,257290.0,255990.0,256147.14285714287,250340.66666666666
2021-08-07,254190.0,253990.0,257140.0,256380.0,Saturday,False,0.0007416370662398,256190.0,256190.0,257290.0,256175.7142857143,250518.33333333334
2021-08-08,256290.0,252390.0,257440.0,256890.0,Sunday,False,0.0019892347296981,256380.0,256190.0,254890.0,256045.7142857143,250724.66666666666
2021-08-09,256340.0,256190.0,259940.0,259090.0,Monday,False,0.0085639767994083,256890.0,256190.0,255190.0,256331.42857142858,250948.0
2021-08-10,258990.0,258990.0,263940.0,263340.0,Tuesday,False,0.0164035663283028,259090.0,256380.0,257290.0,256888.57142857142,251268.0
2021-08-11,264690.0,263790.0,267640.0,266090.0,Wednesday,False,0.0104427736006682,263340.0,256890.0,256190.0,257752.85714285713,251713.0
2021-08-12,265890.0,262890.0,266840.0,264290.0,Thursday,False,-0.006764628509151,266090.0,259090.0,256190.0,259167.14285714287,252259.66666666666
2021-08-13,265890.0,262890.0,266840.0,264290.0,Friday,True,0.0,264290.0,263340.0,256190.0,260324.2857142857,252816.33333333334
2021-08-14,263110.0,262590.0,267240.0,263190.0,Saturday,False,-0.004162094668735,264290.0,266090.0,256380.0,261481.42857142858,253424.66666666666
2021-08-15,263490.0,263490.0,269540.0,268990.0,Sunday,False,0.0220373114480032,263190.0,264290.0,256890.0,262454.28571428574,253964.66666666666
2021-08-16,269110.0,268990.0,269140.0,269070.0,Monday,False,0.0002974088256069,268990.0,264290.0,259090.0,264182.85714285716,254698.0
2021-08-17,269080.0,268990.0,269140.0,268990.0,Tuesday,False,-0.0002973203998959,269070.0,263190.0,263340.0,265608.5714285714,255424.0
2021-08-18,269080.0,268990.0,269140.0,268990.0,Wednesday,True,0.0,268990.0,268990.0,266090.0,266415.71428571426,256214.0
2021-08-19,269080.0,268990.0,269140.0,268990.0,Thursday,True,0.0,268990.0,269070.0,264290.0,266830.0,257025.66666666666
2021-08-20,269080.0,268990.0,269140.0,268990.0,Friday,True,0.0,268990.0,268990.0,264290.0,267501.4285714286,257819.0
2021-08-21,269030.0,268990.0,272500.0,272500.0,Saturday,False,0.0130488122235026,268990.0,268990.0,263190.0,268172.85714285716,258612.33333333334
2021-08-22,274500.0,273490.0,275440.0,274490.0,Sunday,False,0.007302752293578,272500.0,268990.0,268990.0,269502.85714285716,259486.33333333334
2021-08-23,274390.0,273690.0,276940.0,276590.0,Monday,False,0.007650551932675,274490.0,268990.0,269070.0,270288.5714285714,260426.66666666666
2021-08-24,277190.0,275690.0,278940.0,276530.0,Tuesday,False,-0.000216927582342,276590.0,272500.0,268990.0,271362.85714285716,261410.0
2021-08-25,277530.0,276790.0,280940.0,278490.0,Wednesday,False,0.0070878385708603,276530.0,274490.0,268990.0,272440.0,262368.0
2021-08-26,279490.0,277890.0,280240.0,278990.0,Thursday,False,0.0017953966031096,278490.0,276590.0,268990.0,273797.14285714284,263301.3333333333
2021-08-27,279490.0,277890.0,280240.0,278990.0,Friday,True,0.0,278990.0,276530.0,268990.0,275225.71428571426,264212.3333333333
2021-08-28,282460.0,281190.0,283740.0,282010.0,Saturday,False,0.0108247607441127,278990.0,278490.0,272500.0,276654.28571428574,264979.0
2021-08-29,281890.0,275490.0,282040.0,276080.0,Sunday,False,-0.0210276231339314,282010.0,278990.0,274490.0,278012.85714285716,265846.3333333333
2021-08-30,273850.0,269350.0,274010.0,270640.0,Monday,False,-0.0197044334975369,276080.0,278990.0,276590.0,278240.0,266516.0
2021-08-31,273870.0,272250.0,274310.0,274220.0,Tuesday,False,0.0132279042270173,270640.0,282010.0,276530.0,277390.0,266961.0
2021-09-01,273310.0,270050.0,273410.0,270350.0,Wednesday,False,-0.0141127561811683,274220.0,276080.0,278490.0,277060.0,267605.3333333333
2021-09-02,270860.0,270850.0,272910.0,272910.0,Thursday,False,0.0094692065840578,270350.0,270640.0,278990.0,275897.14285714284,268110.6666666667
2021-09-03,270860.0,270850.0,272910.0,272910.0,Friday,True,0.0,272910.0,274220.0,278990.0,275028.5714285714,268631.3333333333
2021-09-04,272810.0,270050.0,274110.0,270310.0,Saturday,False,-0.0095269502766479,272910.0,270350.0,282010.0,274160.0,269188.6666666667
2021-09-05,271110.0,270550.0,272810.0,270680.0,Sunday,False,0.0013687987865784,270310.0,272910.0,276080.0,272488.5714285714,269659.3333333333
2021-09-06,271110.0,269660.0,271510.0,271210.0,Monday,False,0.0019580316240579,270680.0,272910.0,270640.0,271717.14285714284,270142.3333333333
2021-09-07,271810.0,270760.0,274010.0,273810.0,Tuesday,False,0.0095866671582907,271210.0,270310.0,274220.0,271798.5714285714,270636.6666666667
2021-09-08,275120.0,275050.0,277310.0,276810.0,Wednesday,False,0.0109565026843432,273810.0,270680.0,270350.0,271740.0,271200.6666666667
2021-09-09,276880.0,276350.0,279010.0,278270.0,Thursday,False,0.0052743759257252,276810.0,271210.0,272910.0,272662.85714285716,271791.3333333333
2021-09-10,276880.0,276350.0,279010.0,278270.0,Friday,True,0.0,278270.0,273810.0,272910.0,273428.5714285714,272289.0
2021-09-11,278670.0,276550.0,278810.0,277310.0,Saturday,False,-0.0034498868005893,278270.0,276810.0,270310.0,274194.28571428574,272695.0
2021-09-12,277210.0,272250.0,277210.0,272510.0,Sunday,False,-0.0173091486062528,277310.0,278270.0,270680.0,275194.28571428574,273129.0
2021-09-13,270490.0,269050.0,273210.0,273110.0,Monday,False,0.002201754064071,272510.0,278270.0,271210.0,275455.71428571426,273403.0
2021-09-14,274510.0,273350.0,277310.0,276470.0,Tuesday,False,0.0123027351616564,273110.0,277310.0,273810.0,275727.14285714284,273733.6666666667
2021-09-15,272210.0,272050.0,274210.0,273210.0,Wednesday,False,-0.0117915144500307,276470.0,272510.0,276810.0,276107.14285714284,273983.0
2021-09-16,273610.0,272150.0,274510.0,274460.0,Thursday,False,0.0045752351670875,273210.0,273110.0,278270.0,275592.85714285716,274121.0
2021-09-17,273610.0,272150.0,274510.0,274460.0,Friday,True,0.0,274460.0,276470.0,278270.0,275048.5714285714,274303.3333333333
2021-09-18,276010.0,273050.0,276410.0,273710.0,Saturday,False,-0.0027326386358668,274460.0,273210.0,277310.0,274504.28571428574,274485.6666666667
2021-09-19,272850.0,272850.0,275010.0,274650.0,Sunday,False,0.0034342917686602,273710.0,274460.0,272510.0,273990.0,274643.0
2021-09-20,274210.0,273350.0,274510.0,274430.0,Monday,False,-0.0008010194793373,274650.0,274460.0,273110.0,274295.71428571426,274831.6666666667
2021-09-21,274450.0,273650.0,276310.0,274030.0,Tuesday,False,-0.0014575665925736,274430.0,273710.0,276470.0,274484.28571428574,274896.0
2021-09-22,274610.0,274450.0,276110.0,275210.0,Wednesday,False,0.0043060978724958,274030.0,274650.0,273210.0,274135.71428571426,274880.6666666667
2021-09-23,275270.0,275050.0,276810.0,276810.0,Thursday,False,0.0058137422332036,275210.0,274430.0,274460.0,274421.4285714286,274834.6666666667
2021-09-24,275270.0,275050.0,276810.0,276810.0,Friday,True,0.0,276810.0,274030.0,274460.0,274757.14285714284,274844.0
2021-09-25,276480.0,274850.0,276810.0,275610.0,Saturday,False,-0.004335103500596,276810.0,275210.0,273710.0,275092.85714285716,274788.0
2021-09-26,275390.0,275350.0,276910.0,276810.0,Sunday,False,0.0043539784478066,275610.0,276810.0,274650.0,275364.28571428574,274675.3333333333
2021-09-27,275390.0,275350.0,276910.0,276810.0,Monday,True,0.0,276810.0,276810.0,274430.0,275672.85714285716,274602.6666666667
2021-09-28,277590.0,277550.0,280710.0,280710.0,Tuesday,False,0.0140890863769371,276810.0,275610.0,274030.0,276012.85714285716,274429.3333333333
2021-09-29,281490.0,281270.0,283210.0,282510.0,Wednesday,False,0.0064123116383456,280710.0,276810.0,275210.0,276967.14285714284,274583.6666666667
2021-09-30,283160.0,282550.0,284710.0,284710.0,Thursday,False,0.0077873349615942,282510.0,276810.0,276810.0,278010.0,274979.3333333333
2021-10-01,283160.0,282550.0,284710.0,284710.0,Friday,True,0.0,284710.0,280710.0,276810.0,279138.5714285714,275329.0
2021-10-02,282980.0,281150.0,283510.0,282010.0,Saturday,False,-0.0094833339187243,284710.0,282510.0,275610.0,280267.14285714284,275807.6666666667
2021-10-03,281560.0,279450.0,281610.0,280410.0,Sunday,False,-0.0056735576752597,282010.0,284710.0,276810.0,281181.4285714286,276111.0
2021-10-04,279950.0,279650.0,281680.0,281360.0,Monday,False,0.0033878962947113,280410.0,284710.0,276810.0,281695.71428571426,276361.0
2021-10-05,279950.0,279650.0,281680.0,281360.0,Tuesday,True,0.0,281360.0,282010.0,280710.0,282345.71428571426,276729.3333333333
2021-10-06,281210.0,279100.0,281680.0,279320.0,Wednesday,False,-0.0072504975831674,281360.0,280410.0,282510.0,282438.5714285714,277085.3333333333
2021-10-07,281210.0,279100.0,281680.0,279320.0,Thursday,True,0.0,279320.0,281360.0,284710.0,281982.85714285716,277355.6666666667
2021-10-08,281210.0,279100.0,281680.0,279320.0,Friday,True,0.0,279320.0,281360.0,284710.0,281212.85714285716,277539.3333333333
2021-10-09,279230.0,275500.0,279380.0,275600.0,Saturday,False,-0.0133180581412,279320.0,279320.0,282010.0,280442.85714285716,277623.0
2021-10-10,275620.0,274700.0,276280.0,275810.0,Sunday,False,0.0007619738751813,275600.0,279320.0,280410.0,279527.14285714284,277534.0
2021-10-11,275730.0,272610.0,276080.0,273330.0,Monday,False,-0.0089916971828433,275810.0,279320.0,281360.0,278870.0,277452.0
2021-10-12,273440.0,269900.0,273680.0,270730.0,Tuesday,False,-0.0095123111257454,273330.0,275600.0,281360.0,277722.85714285716,277319.3333333333
2021-10-13,270670.0,270100.0,272780.0,271560.0,Wednesday,False,0.0030657850995456,270730.0,275810.0,279320.0,276204.28571428574,277260.0
2021-10-14,272380.0,270400.0,272480.0,270870.0,Thursday,False,-0.0025408749447636,271560.0,273330.0,279320.0,275095.71428571426,277208.3333333333
2021-10-15,272380.0,270400.0,272480.0,270870.0,Friday,True,0.0,270870.0,270730.0,279320.0,273888.5714285714,277021.6666666667
2021-10-16,272810.0,271900.0,273280.0,272850.0,Saturday,False,0.0073097795990697,270870.0,271560.0,275600.0,272681.4285714286,276943.6666666667
2021-10-17,272840.0,271120.0,272980.0,271820.0,Sunday,False,-0.0037749679310976,272850.0,270870.0,275810.0,272288.5714285714,276890.0
2021-10-18,271470.0,271100.0,273180.0,272640.0,Monday,False,0.0030167022294165,271820.0,270870.0,273330.0,271718.5714285714,276802.0
2021-10-19,273530.0,273400.0,275380.0,274830.0,Tuesday,False,0.0080325704225352,272640.0,272850.0,270730.0,271620.0,276766.3333333333
2021-10-20,274060.0,272610.0,274180.0,273080.0,Wednesday,False,-0.0063675726812938,274830.0,271820.0,271560.0,272205.71428571426,276772.3333333333
2021-10-21,273670.0,273500.0,274680.0,274150.0,Thursday,False,0.0039182657096821,273080.0,272640.0,270870.0,272422.85714285716,276727.3333333333
2021-10-22,273670.0,273500.0,274680.0,274150.0,Friday,True,0.0,274150.0,274830.0,270870.0,272891.4285714286,276731.3333333333
2021-10-23,274220.0,274100.0,276080.0,276030.0,Saturday,False,0.0068575597300748,274150.0,273080.0,272850.0,273360.0,276696.0
2021-10-24,274220.0,274100.0,276080.0,276030.0,Sunday,True,0.0,276030.0,274150.0,271820.0,273814.28571428574,276670.0
2021-10-25,276530.0,275400.0,276780.0,275620.0,Monday,False,-0.0014853457957468,276030.0,274150.0,272640.0,274415.71428571426,276644.0
2021-10-26,275110.0,273900.0,275780.0,275770.0,Tuesday,False,0.0005442275596836,275620.0,276030.0,274830.0,274841.4285714286,276644.3333333333
2021-10-27,275690.0,275400.0,278080.0,276780.0,Wednesday,False,0.0036624723501468,275770.0,276030.0,273080.0,274975.71428571426,276609.6666666667
2021-10-28,277020.0,276400.0,277080.0,276570.0,Thursday,False,-0.0007587253414264,276780.0,275620.0,274150.0,275504.28571428574,276608.6666666667
2021-10-29,277020.0,276400.0,277080.0,276570.0,Friday,True,0.0,276570.0,275770.0,274150.0,275850.0,276470.6666666667
2021-10-30,276640.0,274100.0,276680.0,276140.0,Saturday,False,-0.0015547600969013,276570.0,276780.0,276030.0,276195.71428571426,276272.6666666667
2021-10-31,275390.0,274300.0,276080.0,275750.0,Sunday,False,-0.0014123270804664,276140.0,276570.0,276030.0,276211.4285714286,275987.0
2021-11-01,275980.0,274700.0,276380.0,275070.0,Monday,False,-0.0024660018132366,275750.0,276570.0,275620.0,276171.4285714286,275688.3333333333
2021-11-02,275150.0,275100.0,276080.0,276010.0,Tuesday,False,0.0034173119569564,275070.0,276140.0,275770.0,276092.85714285716,275457.0
2021-11-03,275920.0,275800.0,279280.0,278970.0,Wednesday,False,0.0107242491214085,276010.0,275750.0,276780.0,276127.14285714284,275310.3333333333
2021-11-04,277280.0,276300.0,277280.0,276510.0,Thursday,False,-0.008818152489515,278970.0,275070.0,276570.0,276440.0,275230.6666666667
2021-11-05,277280.0,276300.0,277280.0,276510.0,Friday,True,0.0,276510.0,276010.0,276570.0,276431.4285714286,275069.0
2021-11-06,277460.0,277300.0,279580.0,278240.0,Saturday,False,0.0062565549166395,276510.0,278970.0,276140.0,276422.85714285716,274975.3333333333
2021-11-07,278010.0,277200.0,280080.0,279910.0,Sunday,False,0.0060020126509487,278240.0,276510.0,275750.0,276722.85714285716,274939.3333333333
2021-11-08,279840.0,279700.0,281380.0,280240.0,Monday,False,0.0011789503769068,279910.0,276510.0,275070.0,277317.14285714284,274959.0
2021-11-09,280230.0,280200.0,281780.0,281060.0,Tuesday,False,0.0029260633742507,280240.0,278240.0,276010.0,278055.71428571426,275113.6666666667
2021-11-10,281760.0,281400.0,283880.0,283660.0,Wednesday,False,0.0092506938020351,281060.0,279910.0,278970.0,278777.14285714284,275288.6666666667
2021-11-11,283180.0,283100.0,284480.0,284240.0,Thursday,False,0.0020447014030882,283660.0,280240.0,276510.0,279447.14285714284,275633.0
2021-11-12,283180.0,283100.0,284480.0,284240.0,Friday,True,0.0,284240.0,281060.0,276510.0,280551.4285714286,276083.3333333333
2021-11-13,284130.0,284100.0,287480.0,286400.0,Saturday,False,0.0075992119335772,284240.0,283660.0,278240.0,281655.71428571426,276506.0
2021-11-14,286540.0,284900.0,287480.0,285230.0,Sunday,False,-0.0040851955307262,286400.0,284240.0,279910.0,282821.4285714286,277023.6666666667
2021-11-15,283520.0,269700.0,283550.0,280280.0,Monday,False,-0.0173544157346702,285230.0,284240.0,280240.0,283581.4285714286,277502.3333333333
2021-11-16,279710.0,278930.0,280370.0,279930.0,Tuesday,False,-0.0012487512487512,280280.0,286400.0,281060.0,283587.14285714284,277750.0
2021-11-17,279590.0,278890.0,279740.0,279700.0,Wednesday,False,-0.0008216339799235,279930.0,285230.0,283660.0,283425.71428571426,278020.3333333333
2021-11-18,279440.0,278730.0,279540.0,281400.0,Thursday,False,0.0060779406506972,279700.0,280280.0,284240.0,282860.0,278255.6666666667
2021-11-19,279440.0,278730.0,279540.0,281400.0,Friday,True,0.0,281400.0,279930.0,284240.0,282454.28571428574,278474.6666666667
2021-11-20,280350.0,280030.0,281080.0,280770.0,Saturday,False,-0.0022388059701492,281400.0,279700.0,286400.0,282048.5714285714,278752.0
2021-11-21,280320.0,280130.0,283400.0,282960.0,Sunday,False,0.0077999786301954,280770.0,281400.0,285230.0,281244.28571428574,278972.6666666667
2021-11-22,282530.0,281850.0,284100.0,283870.0,Monday,False,0.0032160022618037,282960.0,281400.0,280280.0,280920.0,279266.3333333333
2021-11-23,284980.0,283850.0,286100.0,286010.0,Tuesday,False,0.0075386620636206,283870.0,280770.0,279930.0,281432.85714285716,279527.6666666667
2021-11-24,286720.0,286600.0,292600.0,291020.0,Wednesday,False,0.0175168700395091,286010.0,282960.0,279700.0,282301.4285714286,279860.3333333333
2021-11-25,289400.0,287650.0,289400.0,288080.0,Thursday,False,-0.0101023984605869,291020.0,283870.0,281400.0,283918.5714285714,280373.6666666667
2021-11-26,289400.0,287650.0,289400.0,288080.0,Friday,True,0.0,288080.0,286010.0,281400.0,284872.85714285716,280784.0
2021-11-27,286950.0,278070.0,287090.0,282100.0,Saturday,False,-0.0207581227436822,288080.0,291020.0,280770.0,285827.14285714284,281160.6666666667
2021-11-28,281700.0,273470.0,281700.0,273700.0,Sunday,False,-0.0297766749379652,282100.0,288080.0,282960.0,286017.14285714284,281345.0
2021-11-29,293500.0,291200.0,293500.0,291200.0,Monday,False,0.0639386189258313,273700.0,288080.0,283870.0,284694.28571428574,281249.3333333333
2021-11-30,288800.0,286550.0,292840.0,289070.0,Tuesday,False,-0.0073145604395604,291200.0,282100.0,286010.0,285741.4285714286,281751.3333333333
2021-12-01,260370.0,260230.0,266270.0,266170.0,Wednesday,False,-0.0792195661950392,289070.0,273700.0,291020.0,286178.5714285714,282195.3333333333
2021-12-02,266930.0,266860.0,273290.0,273240.0,Thursday,False,0.0265619716722396,266170.0,291200.0,288080.0,282628.5714285714,281898.6666666667
2021-12-03,266930.0,266860.0,273290.0,273240.0,Friday,True,0.0,273240.0,289070.0,288080.0,280508.5714285714,281806.3333333333
2021-12-04,273260.0,273130.0,280230.0,279750.0,Saturday,False,0.0238252086078172,273240.0,266170.0,282100.0,278388.5714285714,281615.3333333333
2021-12-05,279730.0,278560.0,279770.0,278640.0,Sunday,False,-0.0039678284182305,279750.0,273240.0,273700.0,278052.85714285716,281723.3333333333
2021-12-06,278720.0,278080.0,278720.0,278240.0,Monday,False,-0.0014355440712029,278640.0,273240.0,291200.0,278758.5714285714,281794.3333333333
2021-12-07,278200.0,278080.0,278240.0,278130.0,Tuesday,False,-0.0003953421506612,278240.0,279750.0,289070.0,276907.14285714284,281794.3333333333
2021-12-08,278160.0,277610.0,278240.0,277770.0,Wednesday,False,-0.001294358753101,278130.0,278640.0,266170.0,275344.28571428574,281735.0
2021-12-09,277640.0,277000.0,277770.0,277040.0,Thursday,False,-0.0026280735860604,277770.0,278240.0,273240.0,277001.4285714286,281652.6666666667
2021-12-10,277640.0,277000.0,277770.0,277040.0,Friday,True,0.0,277040.0,278130.0,273240.0,277544.28571428574,281518.6666666667
2021-12-11,277160.0,276820.0,277160.0,276950.0,Saturday,False,-0.0003248628356915,277040.0,277770.0,279750.0,278087.14285714284,281298.0
2021-12-12,276940.0,276770.0,276980.0,276930.0,Sunday,False,-7.221520129985226e-05,276950.0,277040.0,278640.0,277687.14285714284,281055.0
2021-12-13,276830.0,274630.0,276930.0,274790.0,Monday,False,-0.007727584588163,276930.0,277040.0,278240.0,277442.85714285716,280811.3333333333
2021-12-14,274650.0,274050.0,274690.0,274140.0,Tuesday,False,-0.0023654427016994,274790.0,276950.0,278130.0,276950.0,280424.3333333333
2021-12-15,274120.0,274050.0,274210.0,274110.0,Wednesday,False,-0.0001094331363536,274140.0,276930.0,277770.0,276380.0,280054.6666666667
2021-12-16,274220.0,274060.0,274220.0,274170.0,Thursday,False,0.0002188902265514,274110.0,274790.0,277040.0,275857.14285714284,279849.0
2021-12-17,274220.0,274060.0,274220.0,274170.0,Friday,True,0.0,274170.0,274140.0,277040.0,275447.14285714284,279657.0
2021-12-18,274150.0,274060.0,274420.0,274420.0,Saturday,False,0.0009118430171062,274170.0,274110.0,276950.0,275037.14285714284,279472.6666666667
2021-12-19,274350.0,273860.0,274420.0,274020.0,Sunday,False,-0.0014576197070184,274420.0,274170.0,276930.0,274675.71428571426,279240.0
2021-12-20,273990.0,273860.0,274020.0,273860.0,Monday,False,-0.0005838989854755,274020.0,274170.0,274790.0,274260.0,278994.0
2021-12-21,274020.0,272850.0,274020.0,273010.0,Tuesday,False,-0.0031037756517928,273860.0,274420.0,274140.0,274127.14285714284,278763.6666666667
2021-12-22,272850.0,272850.0,274020.0,274020.0,Wednesday,False,0.0036994981868796,273010.0,274020.0,274110.0,273965.71428571426,278432.0
2021-12-23,273970.0,273860.0,274020.0,274020.0,Thursday,False,0.0,274020.0,273860.0,274170.0,273952.85714285716,278103.6666666667
2021-12-24,273970.0,273860.0,274020.0,274020.0,Friday,True,0.0,274020.0,273010.0,274170.0,273931.4285714286,277704.0
2021-12-25,274000.0,273860.0,274020.0,274020.0,Saturday,False,0.0,274020.0,274020.0,274420.0,273910.0,277137.3333333333
2021-12-26,273950.0,273860.0,274020.0,273990.0,Sunday,False,-0.0001094810597767,274020.0,274020.0,274020.0,273852.85714285716,276668.6666666667
2021-12-27,273950.0,273860.0,274020.0,274020.0,Monday,False,0.0001094930471914,273990.0,274020.0,273860.0,273848.5714285714,276199.0
2021-12-28,273950.0,273860.0,274020.0,273880.0,Tuesday,False,-0.0005109116122911,274020.0,274020.0,273010.0,273871.4285714286,275929.6666666667
2021-12-29,274340.0,274260.0,274420.0,274330.0,Wednesday,False,0.0016430553527091,273880.0,273990.0,274020.0,273995.71428571426,275935.6666666667
2021-12-30,274420.0,273790.0,274420.0,273880.0,Thursday,False,-0.001640360150184,274330.0,274020.0,274020.0,274040.0,275373.3333333333
2021-12-31,274420.0,273790.0,274420.0,273880.0,Friday,True,0.0,273880.0,273880.0,274020.0,274020.0,274867.0
2022-01-01,273950.0,273790.0,273950.0,273950.0,Saturday,False,0.0002555863881992,273880.0,274330.0,274020.0,274000.0,275124.0
2022-01-02,273990.0,273790.0,273990.0,273950.0,Sunday,False,0.0,273950.0,273880.0,273990.0,273990.0,275147.6666666667
2022-01-03,273860.0,273790.0,273950.0,273950.0,Monday,False,0.0,273950.0,273880.0,274020.0,273984.28571428574,275171.3333333333
2022-01-04,273860.0,269740.0,273950.0,269900.0,Tuesday,False,-0.0147837196568716,273950.0,273950.0,273880.0,273974.28571428574,274978.0
2022-01-05,269760.0,269740.0,269900.0,269900.0,Wednesday,False,0.0,269900.0,273950.0,274330.0,273405.71428571426,274686.6666666667
2022-01-06,269760.0,269740.0,269900.0,269900.0,Thursday,True,0.0,269900.0,273950.0,273880.0,272772.85714285716,274408.6666666667
2022-01-07,269760.0,269740.0,269900.0,269900.0,Friday,True,0.0,269900.0,269900.0,273880.0,272204.28571428574,274134.3333333333
2022-01-08,269880.0,268730.0,269900.0,268890.0,Saturday,False,-0.0037421267135976,269900.0,269900.0,273950.0,271635.71428571426,273872.0
2022-01-09,268810.0,268230.0,268890.0,268310.0,Sunday,False,-0.0021570158800996,268890.0,269900.0,273950.0,270912.85714285716,273600.3333333333
2022-01-10,268390.0,267220.0,268390.0,267380.0,Monday,False,-0.0034661399127874,268310.0,269900.0,273950.0,270107.14285714284,273309.3333333333
2022-01-11,267320.0,267010.0,267380.0,267050.0,Tuesday,False,-0.0012341985189617,267380.0,268890.0,269900.0,269168.5714285714,272990.3333333333
2022-01-12,267140.0,266510.0,267170.0,266670.0,Wednesday,False,-0.001422954502902,267050.0,268310.0,269900.0,268761.4285714286,272661.0
2022-01-13,277400.0,277400.0,277400.0,277400.0,Thursday,False,0.0402369970375371,266670.0,267380.0,269900.0,268300.0,272390.3333333333
2022-01-14,277400.0,277400.0,277400.0,277400.0,Friday,True,0.0,277400.0,267050.0,269900.0,269371.4285714286,272499.0
2022-01-15,266670.0,264990.0,276300.0,274530.0,Saturday,False,-0.0103460706560922,277400.0,266670.0,268890.0,270442.85714285716,272608.6666666667
2022-01-16,276440.0,273340.0,276590.0,275080.0,Sunday,False,0.0020034240338031,274530.0,277400.0,268310.0,271248.5714285714,272620.6666666667
2022-01-17,271690.0,271570.0,273290.0,272850.0,Monday,False,-0.0081067325868837,275080.0,277400.0,267380.0,272215.71428571426,272651.0
2022-01-18,271870.0,271250.0,274600.0,273490.0,Tuesday,False,0.0023456111416528,272850.0,274530.0,267050.0,272997.14285714284,272598.6666666667
2022-01-19,274270.0,274050.0,276100.0,274760.0,Wednesday,False,0.0046436798420417,273490.0,275080.0,266670.0,273917.14285714284,272581.0
2022-01-20,274650.0,274550.0,275590.0,275250.0,Thursday,False,0.0017833745814528,274760.0,272850.0,277400.0,275072.85714285716,272611.0
2022-01-21,274650.0,274550.0,275590.0,275250.0,Friday,True,0.0,275250.0,273490.0,277400.0,274765.71428571426,272685.6666666667
2022-01-22,275950.0,274550.0,276400.0,275230.0,Saturday,False,-7.266121707538709e-05,275250.0,274760.0,274530.0,274458.5714285714,272726.6666666667
2022-01-23,274750.0,274350.0,277800.0,277640.0,Sunday,False,0.0087563129019365,275230.0,275250.0,275080.0,274558.5714285714,272767.0
2022-01-24,279300.0,278850.0,281400.0,279790.0,Monday,False,0.0077438409451087,277640.0,275250.0,272850.0,274924.28571428574,272887.6666666667
2022-01-25,278170.0,277350.0,278800.0,277760.0,Tuesday,False,-0.0072554415811858,279790.0,275230.0,273490.0,275915.71428571426,273080.0
2022-01-26,279020.0,278360.0,281300.0,278610.0,Wednesday,False,0.0030601958525344,277760.0,277640.0,274760.0,276525.71428571426,273205.6666666667
2022-01-27,277240.0,276860.0,278100.0,277710.0,Thursday,False,-0.0032303219554216,278610.0,279790.0,275250.0,277075.71428571426,273358.6666666667
2022-01-28,277240.0,276860.0,278100.0,277710.0,Friday,True,0.0,277710.0,277760.0,275250.0,277427.14285714284,273486.3333333333
2022-01-29,282080.0,279050.0,282800.0,279270.0,Saturday,False,0.0056173706384357,277710.0,278610.0,275230.0,277778.5714285714,273599.0
2022-01-30,277880.0,277750.0,279400.0,278880.0,Sunday,False,-0.0013964980126759,279270.0,277710.0,277640.0,278355.71428571426,273778.6666666667
2022-01-31,278810.0,276350.0,278970.0,276870.0,Monday,False,-0.0072074010327022,278880.0,277710.0,279790.0,278532.85714285716,273945.3333333333
2022-02-01,277540.0,273750.0,277600.0,274580.0,Tuesday,False,-0.0082710297251417,276870.0,279270.0,277760.0,278115.71428571426,274042.6666666667
2022-02-02,273770.0,272250.0,274200.0,272550.0,Wednesday,False,-0.007393109476291,274580.0,278880.0,278610.0,277661.4285714286,274063.6666666667
2022-02-03,273050.0,271960.0,274000.0,272650.0,Thursday,False,0.0003669051550174,272550.0,276870.0,277710.0,276795.71428571426,274017.0
2022-02-04,273050.0,271960.0,274000.0,272650.0,Friday,True,0.0,272650.0,274580.0,277710.0,276072.85714285716,274108.6666666667
2022-02-05,268730.0,263050.0,268900.0,263660.0,Saturday,False,-0.0329726755914175,272650.0,272550.0,279270.0,275350.0,274200.3333333333
2022-02-06,261170.0,261050.0,267800.0,267610.0,Sunday,False,0.0149814154593037,263660.0,272650.0,278880.0,273120.0,273992.3333333333
2022-02-07,266690.0,263750.0,266900.0,264480.0,Monday,False,-0.0116961249579612,267610.0,272650.0,276870.0,271510.0,273916.0
2022-02-08,262070.0,259250.0,262400.0,260580.0,Tuesday,False,-0.0147459165154264,264480.0,263660.0,274580.0,269740.0,273769.0
2022-02-09,263690.0,260650.0,263700.0,262340.0,Wednesday,False,0.0067541637884718,260580.0,267610.0,272550.0,267740.0,273511.3333333333
2022-02-10,262390.0,262150.0,262400.0,262270.0,Thursday,False,-0.0002668293054813,262340.0,264480.0,272650.0,266281.4285714286,273343.3333333333
2022-02-11,262390.0,262150.0,262400.0,262270.0,Friday,True,0.0,262270.0,260580.0,272650.0,264798.5714285714,273184.0
2022-02-12,262190.0,262150.0,266400.0,264590.0,Saturday,False,0.0088458458840126,262270.0,262340.0,263660.0,263315.71428571426,273037.3333333333
2022-02-13,264490.0,264280.0,268800.0,268640.0,Sunday,False,0.0153067009335197,264590.0,262270.0,267610.0,263448.5714285714,272610.3333333333
2022-02-14,270840.0,268390.0,270860.0,269700.0,Monday,False,0.0039458010720667,268640.0,262270.0,264480.0,263595.71428571426,272318.3333333333
2022-02-15,270840.0,268390.0,270860.0,269700.0,Tuesday,True,0.0,269700.0,264590.0,260580.0,264341.4285714286,272157.3333333333
2022-02-16,267040.0,264850.0,268300.0,265100.0,Wednesday,False,-0.0170559881349647,269700.0,268640.0,262340.0,265644.28571428574,271978.0
2022-02-17,264980.0,262850.0,265300.0,263290.0,Thursday,False,-0.006827612221803,265100.0,269700.0,262270.0,266038.5714285714,271719.6666666667
2022-02-18,264980.0,262850.0,265300.0,263290.0,Friday,True,0.0,263290.0,269700.0,262270.0,266184.28571428574,271379.6666666667
2022-02-19,263120.0,259920.0,263120.0,260090.0,Saturday,False,-0.0121538987428311,263290.0,265100.0,264590.0,266330.0,270997.3333333333
2022-02-20,258800.0,254050.0,258800.0,254090.0,Sunday,False,-0.02306893767542,260090.0,263290.0,268640.0,265687.14285714284,270492.0
2022-02-21,255380.0,254850.0,258400.0,258040.0,Monday,False,0.0155456727931047,254090.0,263290.0,269700.0,263608.5714285714,269786.6666666667
2022-02-22,258540.0,258360.0,261890.0,260370.0,Tuesday,False,0.0090296078127423,258040.0,260090.0,269700.0,261942.85714285713,269213.6666666667
2022-02-23,262080.0,259350.0,262600.0,259370.0,Wednesday,False,-0.0038406882513346,260370.0,254090.0,265100.0,260610.0,268638.0
2022-02-24,261690.0,259850.0,262100.0,261440.0,Thursday,False,0.0079808767397926,259370.0,258040.0,263290.0,259791.42857142858,267957.3333333333
2022-02-25,261690.0,259850.0,262100.0,261440.0,Friday,True,0.0,261440.0,260370.0,263290.0,259527.14285714287,267413.3333333333
2022-02-26,260830.0,259150.0,260890.0,260370.0,Saturday,False,-0.0040927172582618,261440.0,259370.0,260090.0,259262.85714285713,266841.0
2022-02-27,260140.0,259350.0,260400.0,259950.0,Sunday,False,-0.0016130890655605,260370.0,261440.0,254090.0,259302.85714285713,266263.0
2022-02-28,259860.0,259550.0,260300.0,259650.0,Monday,False,-0.0011540680900172,259950.0,261440.0,258040.0,260140.0,265671.0
2022-03-01,259860.0,259550.0,260300.0,259650.0,Tuesday,True,0.0,259650.0,260370.0,260370.0,260370.0,265017.0
2022-03-02,258710.0,255550.0,259000.0,255720.0,Wednesday,False,-0.0151357596764876,259650.0,259950.0,259370.0,260267.14285714287,264376.0
2022-03-03,255530.0,255350.0,257800.0,256150.0,Thursday,False,0.0016815266697951,255720.0,259650.0,261440.0,259745.7142857143,263671.0
2022-03-04,255530.0,255350.0,257800.0,256150.0,Friday,True,0.0,256150.0,259650.0,261440.0,258990.0,263056.6666666667
2022-03-05,256600.0,253760.0,256700.0,254300.0,Saturday,False,-0.0072223306656256,256150.0,255720.0,260370.0,258234.2857142857,262510.0
2022-03-06,252610.0,251250.0,254300.0,253830.0,Sunday,False,-0.0018482107746755,254300.0,256150.0,259950.0,257367.14285714287,261898.33333333334
2022-03-07,254750.0,254270.0,258890.0,258180.0,Monday,False,0.0171374542016309,253830.0,256150.0,259650.0,256492.85714285713,261271.0
2022-03-08,258860.0,258650.0,262600.0,260410.0,Tuesday,False,0.0086373847703153,258180.0,254300.0,259650.0,256282.85714285713,261088.33333333334
2022-03-09,258750.0,254850.0,258990.0,257450.0,Wednesday,False,-0.0113666909872892,260410.0,253830.0,255720.0,256391.42857142858,260848.33333333334
2022-03-10,257770.0,256570.0,258300.0,256960.0,Thursday,False,-0.0019032821907166,257450.0,258180.0,256150.0,256638.57142857142,260614.0
2022-03-11,257770.0,256570.0,258300.0,256960.0,Friday,True,0.0,256960.0,260410.0,256150.0,256754.2857142857,260493.33333333334
2022-03-12,257080.0,256850.0,264390.0,258980.0,Saturday,False,0.0078611457036115,256960.0,257450.0,254300.0,256870.0,260314.0
2022-03-13,260740.0,260650.0,265900.0,264170.0,Sunday,False,0.0200401575411228,258980.0,256960.0,253830.0,257538.57142857142,260204.33333333334
2022-03-14,262550.0,261550.0,263100.0,262650.0,Monday,False,-0.0057538706136199,264170.0,256960.0,258180.0,259015.7142857143,260267.66666666666
2022-03-15,263440.0,263150.0,265900.0,263620.0,Tuesday,False,0.0036931277365315,262650.0,258980.0,260410.0,259654.2857142857,260203.0
2022-03-16,262560.0,262350.0,264400.0,263790.0,Wednesday,False,0.0006448676124723,263620.0,264170.0,257450.0,260112.85714285713,260035.66666666666
2022-03-17,262060.0,262050.0,262300.0,262300.0,Thursday,False,-0.0056484324652185,263790.0,262650.0,256960.0,261018.57142857142,259838.66666666666
2022-03-18,262060.0,262050.0,262300.0,262300.0,Friday,True,0.0,262300.0,263620.0,256960.0,261781.42857142858,259592.0
2022-03-19,262060.0,262050.0,262300.0,262300.0,Saturday,True,0.0,262300.0,263790.0,258980.0,262544.28571428574,259498.66666666666
2022-03-20,262060.0,262050.0,262300.0,262300.0,Sunday,True,0.0,262300.0,262300.0,264170.0,263018.5714285714,259465.66666666666
2022-03-21,262060.0,262050.0,262300.0,262300.0,Monday,True,0.0,262300.0,262300.0,262650.0,262751.4285714286,259432.66666666666
2022-03-22,262060.0,262050.0,262300.0,262300.0,Tuesday,True,0.0,262300.0,262300.0,263620.0,262701.4285714286,259506.33333333334
2022-03-23,262060.0,262050.0,262300.0,262300.0,Wednesday,True,0.0,262300.0,262300.0,263790.0,262512.85714285716,259780.0
2022-03-24,262060.0,262050.0,262300.0,262300.0,Thursday,True,0.0,262300.0,262300.0,262300.0,262300.0,259922.0
2022-03-25,262060.0,262050.0,262300.0,262300.0,Friday,True,0.0,262300.0,262300.0,262300.0,262300.0,259986.33333333334
2022-03-26,262240.0,261650.0,266100.0,262340.0,Saturday,False,0.0001524971406785,262300.0,262300.0,262300.0,262300.0,260084.0
2022-03-27,262210.0,262100.0,262750.0,262590.0,Sunday,False,0.0009529618052908,262340.0,262300.0,262300.0,262305.71428571426,260114.0
2022-03-28,262750.0,262500.0,267490.0,266620.0,Monday,False,0.015347119082981,262590.0,262300.0,262300.0,262347.14285714284,260152.33333333334
2022-03-29,267400.0,267050.0,270700.0,270250.0,Tuesday,False,0.0136148826044557,266620.0,262340.0,262300.0,262964.28571428574,260360.66666666666
2022-03-30,271800.0,269450.0,272000.0,270670.0,Wednesday,False,0.0015541165587418,270250.0,262590.0,262300.0,264100.0,260704.0
2022-03-31,270460.0,269950.0,271500.0,271140.0,Thursday,False,0.001736431817342,270670.0,266620.0,262300.0,265295.71428571426,261071.33333333334
2022-04-01,270460.0,269950.0,271500.0,271140.0,Friday,True,0.0,271140.0,270250.0,262300.0,266558.5714285714,261454.33333333334
2022-04-02,270460.0,269950.0,271500.0,271140.0,Saturday,True,0.0,271140.0,270670.0,262340.0,267821.4285714286,261968.33333333334
2022-04-03,270140.0,268000.0,270200.0,269020.0,Sunday,False,-0.0078188389761746,271140.0,271140.0,262590.0,269078.5714285714,262468.0
2022-04-04,269140.0,269000.0,272000.0,269880.0,Monday,False,0.003196788342874,269020.0,271140.0,266620.0,269997.14285714284,262897.0
2022-04-05,270140.0,269200.0,275400.0,275270.0,Tuesday,False,0.0199718393360011,269880.0,271140.0,270250.0,270462.85714285716,263416.3333333333
2022-04-06,274960.0,271880.0,275100.0,272670.0,Wednesday,False,-0.0094452719148472,275270.0,269020.0,270670.0,271180.0,264131.0
2022-04-07,272680.0,272500.0,276000.0,274830.0,Thursday,False,0.0079216635493453,272670.0,269880.0,271140.0,271465.71428571426,264614.0
2022-04-08,272680.0,272500.0,276000.0,274830.0,Friday,True,0.0,274830.0,275270.0,271140.0,271992.85714285716,265094.6666666667
2022-04-09,274970.0,274900.0,277300.0,276930.0,Saturday,False,0.0076410872175527,274830.0,272670.0,271140.0,272520.0,265674.0
2022-04-10,276310.0,275700.0,279300.0,279090.0,Sunday,False,0.0077998050048748,276930.0,274830.0,269020.0,273347.14285714284,266339.6666666667
2022-04-11,278880.0,252660.0,281300.0,279450.0,Monday,False,0.0012899064817801,279090.0,274830.0,269880.0,274785.71428571426,267077.3333333333
2022-04-12,279620.0,278200.0,281500.0,278900.0,Tuesday,False,-0.0019681517266058,279450.0,276930.0,275270.0,276152.85714285716,267759.6666666667
2022-04-13,278680.0,275600.0,278700.0,278050.0,Wednesday,False,-0.0030476873431337,278900.0,279090.0,272670.0,276671.4285714286,268250.6666666667
2022-04-14,277320.0,277200.0,277400.0,277910.0,Thursday,False,-0.0005035065635676,278050.0,279450.0,274830.0,277440.0,268764.0
2022-04-15,277320.0,277200.0,277400.0,277910.0,Friday,True,0.0,277910.0,278900.0,274830.0,277880.0,269240.3333333333
2022-04-16,275340.0,275200.0,279600.0,278910.0,Saturday,False,0.0035982872152855,277910.0,278050.0,276930.0,278320.0,269711.0
2022-04-17,278710.0,278600.0,280800.0,278970.0,Sunday,False,0.0002151231580078,278910.0,277910.0,279090.0,278602.85714285716,270264.6666666667
2022-04-18,278370.0,276000.0,279900.0,276510.0,Monday,False,-0.008818152489515,278970.0,277910.0,279450.0,278585.71428571426,270820.3333333333
2022-04-19,276520.0,275510.0,278090.0,275720.0,Tuesday,False,-0.0028570395284076,276510.0,278910.0,278900.0,278165.71428571426,271294.0
2022-04-20,275610.0,275500.0,278200.0,277350.0,Wednesday,False,0.0059117945742057,275720.0,278970.0,278050.0,277711.4285714286,271741.3333333333
2022-04-21,277440.0,277400.0,279200.0,278640.0,Thursday,False,0.0046511627906977,277350.0,276510.0,277910.0,277611.4285714286,272243.0
2022-04-22,277440.0,277400.0,279200.0,278640.0,Friday,True,0.0,278640.0,275720.0,277910.0,277715.71428571426,272787.6666666667
2022-04-23,277440.0,277400.0,279200.0,278640.0,Saturday,True,0.0,278640.0,277350.0,278910.0,277820.0,273332.3333333333
2022-04-24,278570.0,277900.0,279300.0,278060.0,Sunday,False,-0.0020815389032443,278640.0,278640.0,278970.0,277781.4285714286,273877.0
2022-04-25,277790.0,277000.0,278800.0,278410.0,Monday,False,0.0012587211393224,278060.0,278640.0,276510.0,277651.4285714286,274402.3333333333
2022-04-26,278460.0,278300.0,280600.0,279350.0,Tuesday,False,0.0033763155059085,278410.0,278640.0,275720.0,277922.85714285716,274938.0
2022-04-27,279390.0,279200.0,281100.0,280380.0,Wednesday,False,0.0036871308394488,279350.0,278060.0,277350.0,278441.4285714286,275496.6666666667
2022-04-28,279240.0,278500.0,280700.0,279500.0,Thursday,False,-0.0031385976175191,280380.0,278410.0,278640.0,278874.28571428574,275955.3333333333
2022-04-29,279240.0,278500.0,280700.0,279500.0,Friday,True,0.0,279500.0,279350.0,278640.0,278997.14285714284,276263.6666666667
2022-04-30,279720.0,279100.0,280490.0,279220.0,Saturday,False,-0.0010017889087656,279500.0,280380.0,278640.0,279120.0,276558.0
2022-05-01,279460.0,279400.0,279900.0,279560.0,Sunday,False,0.0012176778167753,279220.0,279500.0,278060.0,279202.85714285716,276827.3333333333
2022-05-02,279530.0,279050.0,280300.0,280210.0,Monday,False,0.0023250822721418,279560.0,279500.0,278410.0,279417.14285714284,277108.0
2022-05-03,279530.0,279050.0,280300.0,280210.0,Tuesday,True,0.0,280210.0,279220.0,279350.0,279674.28571428574,277410.3333333333
2022-05-04,279530.0,279050.0,280300.0,280210.0,Wednesday,True,0.0,280210.0,279560.0,280380.0,279797.14285714284,277783.3333333333
2022-05-05,279800.0,279300.0,280630.0,280560.0,Thursday,False,0.001249063202598,280210.0,280210.0,279500.0,279772.85714285716,278127.6666666667
2022-05-06,279800.0,279300.0,280630.0,280560.0,Friday,True,0.0,280560.0,280210.0,279500.0,279924.28571428574,278304.0
2022-05-07,279550.0,279410.0,283200.0,281760.0,Saturday,False,0.0042771599657827,280560.0,280210.0,279220.0,280075.71428571426,278567.0
2022-05-08,281490.0,280700.0,282100.0,281030.0,Sunday,False,-0.0025908574673481,281760.0,280560.0,279560.0,280438.5714285714,278798.0
2022-05-09,282930.0,281800.0,283100.0,282290.0,Monday,False,0.0044835070988862,281030.0,280560.0,280210.0,280648.5714285714,279004.6666666667
2022-05-10,282210.0,282210.0,288300.0,287410.0,Tuesday,False,0.0181373764568351,282290.0,281760.0,280210.0,280945.71428571426,279183.3333333333
2022-08-30,295300.0,294950.0,297720.0,297610.0,Tuesday,False,0.0354893705855745,287410.0,281030.0,280210.0,281974.28571428574,279460.6666666667
2022-08-31,300860.0,298950.0,301220.0,299050.0,Wednesday,False,0.0048385470918315,297610.0,282290.0,280560.0,284460.0,280066.0
2022-09-01,298260.0,297950.0,298520.0,298470.0,Thursday,False,-0.0019394750041799,299050.0,287410.0,280560.0,287101.4285714286,280737.6666666667
2022-09-02,298260.0,297950.0,298520.0,298470.0,Friday,True,0.0,298470.0,297610.0,281760.0,289660.0,281418.3333333333
2022-09-03,298820.0,298350.0,300320.0,299450.0,Saturday,False,0.0032834120682145,298470.0,299050.0,281030.0,292047.14285714284,282103.6666666667
2022-09-04,300990.0,300950.0,303220.0,302560.0,Sunday,False,0.0103857071297377,299450.0,298470.0,282290.0,294678.5714285714,282821.6666666667
2022-09-05,302420.0,297450.0,302420.0,302170.0,Monday,False,-0.0012890005288207,302560.0,298470.0,287410.0,297574.28571428574,283610.0
2022-09-06,301990.0,301150.0,303020.0,302480.0,Tuesday,False,0.0010259125657743,302170.0,299450.0,297610.0,299682.85714285716,284383.3333333333
2022-09-07,301210.0,299750.0,302520.0,302170.0,Wednesday,False,-0.0010248611478445,302480.0,302560.0,299050.0,300378.5714285714,285249.0
2022-09-08,301510.0,300950.0,303020.0,302410.0,Thursday,False,0.0007942548896315,302170.0,302170.0,298470.0,300824.28571428574,286130.6666666667
2022-09-09,301510.0,300950.0,303020.0,302410.0,Friday,True,0.0,302410.0,302480.0,298470.0,301387.14285714284,286966.0
2022-09-10,304520.0,303650.0,307520.0,303750.0,Saturday,False,0.004431070401111,302410.0,302170.0,299450.0,301950.0,287758.3333333333
2022-09-11,303820.0,303750.0,309020.0,309020.0,Sunday,False,0.0173497942386831,303750.0,302410.0,302560.0,302564.28571428574,288595.3333333333
2022-09-12,309160.0,307150.0,310020.0,309760.0,Monday,False,0.0023946670118439,309020.0,302410.0,302170.0,303487.14285714284,289608.0
2022-09-13,309980.0,309750.0,316520.0,316480.0,Tuesday,False,0.021694214876033,309760.0,303750.0,302480.0,304571.4285714286,290664.6666666667
2022-09-14,315320.0,311750.0,315320.0,313720.0,Wednesday,False,-0.0087209302325581,316480.0,309020.0,302170.0,306571.4285714286,291933.6666666667
2022-09-15,316010.0,315450.0,316720.0,315560.0,Thursday,False,0.0058651026392961,313720.0,309760.0,302410.0,308221.4285714286,293079.3333333333
2022-09-16,316010.0,315450.0,316720.0,315560.0,Friday,True,0.0,315560.0,316480.0,302410.0,310100.0,294252.0
2022-09-17,316010.0,315450.0,316720.0,315560.0,Saturday,True,0.0,315560.0,313720.0,303750.0,311978.5714285714,295454.0
2022-09-18,319220.0,315250.0,319520.0,315360.0,Sunday,False,-0.0006337938902268,315560.0,315560.0,309020.0,313665.71428571426,296656.0
2022-09-19,315250.0,314650.0,316920.0,316520.0,Monday,False,0.0036783358701166,315360.0,315560.0,309760.0,314571.4285714286,297860.6666666667
2022-09-20,317270.0,315450.0,317520.0,316820.0,Tuesday,False,0.0009478074055351,316520.0,315560.0,316480.0,315537.14285714284,299092.6666666667
2022-09-21,316220.0,315650.0,317220.0,317120.0,Wednesday,False,0.0009469099173031,316820.0,315360.0,313720.0,315585.71428571426,300313.0
2022-09-22,315950.0,314950.0,317720.0,316660.0,Thursday,False,-0.0014505549949546,317120.0,316520.0,315560.0,316071.4285714286,301543.3333333333
2022-09-23,315950.0,314950.0,317720.0,316660.0,Friday,True,0.0,316660.0,316820.0,315560.0,316228.5714285714,302758.3333333333
2022-09-24,317150.0,316450.0,318810.0,317010.0,Saturday,False,0.0011052864270826,316660.0,317120.0,315560.0,316385.71428571426,303961.6666666667
2022-09-25,317150.0,316450.0,318810.0,317010.0,Sunday,True,0.0,317010.0,316660.0,315360.0,316592.85714285716,305176.6666666667
2022-09-26,316020.0,316020.0,317520.0,316810.0,Monday,False,-0.0006308949244503,317010.0,316660.0,316520.0,316828.5714285714,306351.6666666667
2022-09-27,316020.0,316020.0,317520.0,316810.0,Tuesday,True,0.0,316810.0,317010.0,316820.0,316870.0,307544.3333333333
2022-09-28,317310.0,317150.0,318520.0,318310.0,Wednesday,False,0.0047346990309649,316810.0,317010.0,317120.0,316868.5714285714,308695.0
2022-09-29,318510.0,318450.0,318520.0,318480.0,Thursday,False,0.0005340705601457,318310.0,316810.0,316660.0,317038.5714285714,309725.0
2022-09-30,318510.0,318450.0,318520.0,318480.0,Friday,True,0.0,318480.0,316810.0,316660.0,317298.5714285714,310420.6666666667
2022-10-01,321480.0,321450.0,331820.0,331170.0,Saturday,False,0.0398455162019593,318480.0,318310.0,317010.0,317558.5714285714,311068.3333333333
2022-10-02,327320.0,325750.0,332520.0,331460.0,Sunday,False,0.0008756831838632,331170.0,318480.0,317010.0,319581.4285714286,312158.3333333333
2022-10-03,333450.0,330750.0,334520.0,332460.0,Monday,False,0.0030169552887227,331460.0,318480.0,316810.0,321645.71428571426,313258.0
2022-10-04,333180.0,330450.0,333220.0,331020.0,Tuesday,False,-0.0043313481321061,332460.0,331170.0,316810.0,323881.4285714286,314358.3333333333
2022-10-05,333180.0,330450.0,333220.0,331020.0,Wednesday,True,0.0,331020.0,331460.0,318310.0,325911.4285714286,315307.0
2022-10-06,327010.0,325950.0,327020.0,326610.0,Thursday,False,-0.0133224578575312,331020.0,332460.0,318480.0,327727.14285714284,316268.6666666667
2022-10-07,327010.0,325950.0,327020.0,326610.0,Friday,True,0.0,326610.0,331020.0,318480.0,328888.5714285714,317073.0
2022-10-08,328060.0,325460.0,328110.0,326190.0,Saturday,False,-0.0012859373564801,326610.0,331020.0,331170.0,330050.0,317887.6666666667
2022-10-09,326110.0,322950.0,326110.0,323020.0,Sunday,False,-0.0097182623624267,326190.0,326610.0,331460.0,329338.5714285714,318680.3333333333
2022-10-10,323070.0,320850.0,325620.0,324960.0,Monday,False,0.0060058200730603,323020.0,326610.0,332460.0,328132.85714285716,319367.3333333333
2022-10-11,324980.0,324750.0,328120.0,327520.0,Tuesday,False,0.0078778926637124,324960.0,326190.0,331020.0,327061.4285714286,320074.3333333333
2022-10-12,327020.0,325650.0,327520.0,326510.0,Wednesday,False,-0.0030837811431363,327520.0,323020.0,331020.0,326561.4285714286,320691.0
2022-10-13,326210.0,326150.0,329520.0,329460.0,Thursday,False,0.0090349453309239,326510.0,324960.0,326610.0,325917.14285714284,321249.3333333333
2022-10-14,326210.0,326150.0,329520.0,329460.0,Friday,True,0.0,329460.0,327520.0,326610.0,326324.28571428574,321682.0
2022-10-15,328620.0,327450.0,328620.0,328020.0,Saturday,False,-0.0043707885631032,329460.0,326510.0,326190.0,326731.4285714286,322206.6666666667
2022-10-16,329170.0,328950.0,331520.0,331210.0,Sunday,False,0.0097250167672702,328020.0,329460.0,323020.0,326992.85714285716,322622.0
2022-10-17,329820.0,328350.0,329820.0,328620.0,Monday,False,-0.0078198122037378,331210.0,329460.0,324960.0,328162.85714285716,323143.6666666667
2022-10-18,326970.0,326450.0,328520.0,328390.0,Tuesday,False,-0.0006998965370336,328620.0,328020.0,327520.0,328685.71428571426,323579.0
2022-10-19,329450.0,327950.0,329520.0,327970.0,Wednesday,False,-0.0012789670818234,328390.0,331210.0,326510.0,328810.0,324013.3333333333
2022-10-20,327190.0,325750.0,327220.0,326550.0,Thursday,False,-0.0043296642985638,327970.0,328620.0,329460.0,329018.5714285714,324395.0
2022-10-21,327190.0,325750.0,327220.0,326550.0,Friday,True,0.0,326550.0,328390.0,329460.0,328602.85714285716,324719.3333333333
2022-10-22,326520.0,326450.0,328620.0,327660.0,Saturday,False,0.0033991731740927,326550.0,327970.0,328020.0,328187.14285714284,325033.6666666667
2022-10-23,328380.0,327560.0,329020.0,328150.0,Sunday,False,0.0014954526033084,327660.0,326550.0,331210.0,328135.71428571426,325400.3333333333
2022-10-24,327160.0,326250.0,328020.0,327720.0,Monday,False,-0.0013103763522779,328150.0,326550.0,328620.0,327698.5714285714,325783.3333333333
2022-10-25,328010.0,327750.0,328820.0,328760.0,Tuesday,False,0.0031734407420969,327720.0,327660.0,328390.0,327570.0,326140.3333333333
2022-10-26,328910.0,327850.0,328920.0,328810.0,Wednesday,False,0.0001520866285436,328760.0,328150.0,327970.0,327622.85714285716,326532.0
2022-10-27,330220.0,329950.0,330820.0,330520.0,Thursday,False,0.0052005717587664,328810.0,327720.0,326550.0,327742.85714285716,326932.0
2022-10-28,330220.0,329950.0,330820.0,330520.0,Friday,True,0.0,330520.0,328760.0,326550.0,328310.0,327389.0
2022-10-29,330110.0,329150.0,330820.0,329150.0,Saturday,False,-0.0041449836621082,330520.0,328810.0,327660.0,328877.14285714284,327796.0
2022-10-30,329110.0,328350.0,330020.0,329770.0,Sunday,False,0.0018836396779584,329150.0,330520.0,328150.0,329090.0,328151.6666666667
2022-10-31,351820.0,351820.0,351820.0,351820.0,Monday,False,0.0668647845468053,329770.0,330520.0,327720.0,329321.4285714286,328528.0
2022-11-01,351820.0,351820.0,351820.0,351820.0,Tuesday,True,0.0,351820.0,329150.0,328760.0,332764.28571428574,329216.3333333333
2022-11-02,351820.0,351820.0,351820.0,351820.0,Wednesday,True,0.0,351820.0,329770.0,328810.0,336058.5714285714,329895.0
2022-11-03,351820.0,351820.0,351820.0,351820.0,Thursday,True,0.0,351820.0,351820.0,330520.0,339345.71428571426,330540.3333333333
2022-11-04,351820.0,351820.0,351820.0,351820.0,Friday,True,0.0,351820.0,351820.0,330520.0,342388.5714285714,331233.6666666667
2022-11-05,351820.0,351820.0,351820.0,351820.0,Saturday,True,0.0,351820.0,351820.0,329150.0,345431.4285714286,331927.0
2022-11-06,351820.0,351820.0,351820.0,351820.0,Sunday,True,0.0,351820.0,351820.0,329770.0,348670.0,332767.3333333333
2022-11-07,351820.0,351820.0,351820.0,351820.0,Monday,True,0.0,351820.0,351820.0,351820.0,351820.0,333607.6666666667
2022-11-08,351820.0,351820.0,351820.0,351820.0,Tuesday,True,0.0,351820.0,351820.0,351820.0,351820.0,334462.0
2022-11-09,353560.0,353560.0,353890.0,353890.0,Wednesday,False,0.005883690523563,351820.0,351820.0,351820.0,351820.0,335422.0
2022-11-10,354050.0,348350.0,354120.0,350590.0,Thursday,False,-0.0093249314758823,353890.0,351820.0,351820.0,352115.71428571426,336386.3333333333
2022-11-11,354050.0,348350.0,354120.0,350590.0,Friday,True,0.0,350590.0,351820.0,351820.0,351940.0,337155.3333333333
2022-11-12,350780.0,348750.0,351320.0,349410.0,Saturday,False,-0.0033657548703613,350590.0,353890.0,351820.0,351764.28571428574,337958.0
2022-11-13,349020.0,348650.0,355020.0,353520.0,Sunday,False,0.0117626856701296,349410.0,350590.0,351820.0,351420.0,338623.0
2022-11-14,353260.0,352490.0,354820.0,352490.0,Monday,False,-0.0029135551029644,353520.0,350590.0,351820.0,351662.85714285716,339425.0
2022-11-15,352080.0,351690.0,356600.0,352450.0,Tuesday,False,-0.0001134783965502,352490.0,349410.0,351820.0,351758.5714285714,340240.6666666667
2022-11-16,355320.0,349580.0,355680.0,351450.0,Wednesday,False,-0.0028372818839551,352450.0,353520.0,353890.0,351848.5714285714,340948.6666666667
2022-11-17,353680.0,344460.0,353680.0,347510.0,Thursday,False,-0.0112106985346421,351450.0,352490.0,350590.0,351500.0,341709.6666666667
2022-11-18,353680.0,344460.0,353680.0,347510.0,Friday,True,0.0,347510.0,352450.0,350590.0,351060.0,342347.0
2022-11-19,350400.0,347670.0,352330.0,348170.0,Saturday,False,0.0018992259215562,347510.0,351450.0,349410.0,350620.0,342998.3333333333
2022-11-20,348240.0,348160.0,352700.0,351600.0,Sunday,False,0.0098515093201596,348170.0,347510.0,353520.0,350442.85714285716,343719.0
2022-11-21,353490.0,350380.0,354950.0,352000.0,Monday,False,0.0011376564277587,351600.0,347510.0,352490.0,350168.5714285714,344554.0
2022-11-22,351410.0,347770.0,353060.0,348800.0,Tuesday,False,-0.009090909090909,352000.0,348170.0,352450.0,350098.5714285714,345365.3333333333
2022-11-23,349850.0,347590.0,352130.0,347990.0,Wednesday,False,-0.0023222477064219,348800.0,351600.0,351450.0,349577.14285714284,346053.6666666667
2022-11-24,345230.0,345090.0,352900.0,352900.0,Thursday,False,0.0141096008505992,347990.0,352000.0,347510.0,349082.85714285716,346729.3333333333
2022-11-25,345230.0,345090.0,352900.0,352900.0,Friday,True,0.0,352900.0,348800.0,347510.0,349852.85714285716,347534.0
2022-11-26,350400.0,349030.0,354400.0,352620.0,Saturday,False,-0.0007934258996883,352900.0,347990.0,348170.0,350622.85714285716,348337.0
2022-11-27,352520.0,351350.0,357250.0,354700.0,Sunday,False,0.0058987011513811,352620.0,352900.0,351600.0,351258.5714285714,349073.6666666667
2022-11-28,355960.0,351820.0,360420.0,358120.0,Monday,False,0.00964195094446,354700.0,352900.0,352000.0,351701.4285714286,349879.6666666667
2022-11-29,356190.0,353780.0,357800.0,354500.0,Tuesday,False,-0.010108343571987,358120.0,352620.0,348800.0,352575.71428571426,350845.3333333333
2022-11-30,353850.0,352610.0,354500.0,354500.0,Wednesday,False,0.0,354500.0,354700.0,347990.0,353390.0,351669.6666666667
2022-12-01,351970.0,351770.0,356950.0,356950.0,Thursday,False,0.0069111424541608,354500.0,358120.0,352900.0,354320.0,351759.0
2022-12-02,351970.0,351770.0,356950.0,356950.0,Friday,True,0.0,356950.0,354500.0,352900.0,354898.5714285714,351930.0
2022-12-03,354670.0,354020.0,357240.0,357240.0,Saturday,False,0.000812438716907,356950.0,354500.0,352620.0,355477.14285714284,352101.0
2022-12-04,357350.0,356300.0,357500.0,357500.0,Sunday,False,0.0007278020378456,357240.0,356950.0,354700.0,356137.14285714284,352281.6666666667
2022-12-05,359520.0,356120.0,362810.0,358500.0,Monday,False,0.0027972027972027,357500.0,356950.0,358120.0,356537.14285714284,352471.0
2022-12-06,360580.0,357730.0,361500.0,358970.0,Tuesday,False,0.0013110181311017,358500.0,357240.0,354500.0,356591.4285714286,352693.6666666667
2022-12-07,357630.0,355210.0,361400.0,359300.0,Wednesday,False,0.0009192968771762,358970.0,357500.0,354500.0,357230.0,352932.0
2022-12-08,360440.0,357760.0,361160.0,358620.0,Thursday,False,-0.0018925688839409,359300.0,358500.0,356950.0,357915.71428571426,353181.3333333333
2022-12-09,360440.0,357760.0,361160.0,358620.0,Friday,True,0.0,358620.0,358970.0,356950.0,358154.28571428574,353408.0
2022-12-10,357060.0,356840.0,363940.0,361070.0,Saturday,False,0.0068317439071998,358620.0,359300.0,357240.0,358392.85714285716,353565.6666666667
2022-12-11,361790.0,361290.0,372000.0,372000.0,Sunday,False,0.0302711385603899,361070.0,358620.0,357500.0,358940.0,353915.0
2022-12-12,369010.0,367710.0,375730.0,375600.0,Monday,False,0.0096774193548387,372000.0,358620.0,358500.0,361011.4285714286,354628.6666666667
2022-12-13,374470.0,368100.0,379570.0,374350.0,Tuesday,False,-0.0033280085197018,375600.0,361070.0,358970.0,363454.28571428574,355501.6666666667
2022-12-14,375070.0,369980.0,380720.0,379300.0,Wednesday,False,0.0132229197275277,374350.0,372000.0,359300.0,365651.4285714286,356196.0
2022-12-15,375070.0,369980.0,380720.0,379300.0,Thursday,True,0.0,379300.0,375600.0,358620.0,368508.5714285714,357089.6666666667
2022-12-16,375070.0,369980.0,380720.0,379300.0,Friday,True,0.0,379300.0,374350.0,358620.0,371462.85714285716,357984.6666666667
2022-12-17,375770.0,375770.0,389430.0,386910.0,Saturday,False,0.0200632744529396,379300.0,379300.0,361070.0,374417.14285714284,358913.0
2022-12-18,388400.0,379010.0,389170.0,385330.0,Sunday,False,-0.0040836370215295,386910.0,379300.0,372000.0,378108.5714285714,360226.3333333333
2022-12-19,385750.0,382610.0,393500.0,388320.0,Monday,False,0.007759582695352,385330.0,379300.0,375600.0,380012.85714285716,361487.0
2022-12-20,385020.0,378820.0,388820.0,384670.0,Tuesday,False,-0.0093994643592912,388320.0,386910.0,374350.0,381830.0,362825.3333333333
2022-12-21,384520.0,378000.0,387250.0,384080.0,Wednesday,False,-0.0015337822029272,384670.0,385330.0,379300.0,383304.28571428574,363927.6666666667
2022-12-22,382400.0,382210.0,390500.0,390500.0,Thursday,False,0.0167152676525723,384080.0,388320.0,379300.0,383987.14285714284,364997.0
2022-12-23,382400.0,382210.0,390500.0,390500.0,Friday,True,0.0,390500.0,384670.0,379300.0,385587.14285714284,366387.0
2022-12-24,390270.0,389200.0,396810.0,395620.0,Saturday,False,0.0131113956466069,390500.0,384080.0,386910.0,387187.14285714284,367804.0
2022-12-25,395670.0,393270.0,399000.0,395650.0,Sunday,False,7.58303422476736e-05,395620.0,390500.0,385330.0,388431.4285714286,369228.0
2022-12-26,395590.0,390090.0,405790.0,397210.0,Monday,False,0.0039428788070263,395650.0,390500.0,388320.0,389905.71428571426,370653.0
2022-12-27,395590.0,390090.0,405790.0,397210.0,Tuesday,True,0.0,397210.0,395620.0,384670.0,391175.71428571426,372139.3333333333
2022-12-28,401040.0,397830.0,425060.0,403000.0,Wednesday,False,0.0145766722892173,397210.0,395650.0,384080.0,392967.14285714284,373556.3333333333
2022-12-29,418960.0,418960.0,418960.0,418960.0,Thursday,False,0.0396029776674937,403000.0,397210.0,390500.0,395670.0,375052.3333333333
2022-12-30,418960.0,418960.0,418960.0,418960.0,Friday,True,0.0,418960.0,397210.0,390500.0,399735.71428571426,377201.0
2022-12-31,406690.0,389000.0,407020.0,389000.0,Saturday,False,-0.0715104067214054,418960.0,403000.0,395620.0,403801.4285714286,379349.6666666667
2023-01-01,386820.0,379820.0,397090.0,393000.0,Sunday,False,0.0102827763496144,389000.0,418960.0,395650.0,402855.71428571426,380418.0
2023-01-02,391440.0,387320.0,391590.0,387590.0,Monday,False,-0.013765903307888,393000.0,418960.0,397210.0,402477.14285714284,381619.6666666667
2023-01-03,387530.0,374520.0,387590.0,397530.0,Tuesday,False,0.0256456564926854,387590.0,389000.0,397210.0,401102.85714285716,382631.3333333333
2023-01-04,387060.0,386820.0,395100.0,391420.0,Wednesday,False,-0.0153699091892435,397530.0,393000.0,403000.0,401148.5714285714,383965.6666666667
2023-01-05,387530.0,387390.0,395100.0,394830.0,Thursday,False,0.0087118696029839,391420.0,387590.0,418960.0,399494.28571428574,385063.0
2023-01-06,387530.0,387390.0,395100.0,394830.0,Friday,True,0.0,394830.0,397530.0,418960.0,396047.14285714284,386258.3333333333
2023-01-07,396750.0,396020.0,402100.0,401440.0,Saturday,False,0.0167413823670947,394830.0,391420.0,389000.0,392600.0,387442.6666666667
2023-01-08,404830.0,400500.0,407370.0,402820.0,Sunday,False,0.0034376245516141,401440.0,394830.0,393000.0,394377.14285714284,388870.0
2023-01-09,403480.0,395000.0,404100.0,400410.0,Monday,False,-0.0059828211111663,402820.0,394830.0,387590.0,395780.0,390343.3333333333
2023-01-10,402240.0,401100.0,405600.0,402000.0,Tuesday,False,0.0039709297969581,400410.0,401440.0,397530.0,397611.4285714286,391654.6666666667
2023-01-11,401810.0,400300.0,404900.0,404740.0,Wednesday,False,0.00681592039801,402000.0,402820.0,391420.0,398250.0,392654.6666666667
2023-01-12,405080.0,403800.0,406000.0,405140.0,Thursday,False,0.0009882887779808,404740.0,400410.0,394830.0,400152.85714285716,393626.0
2023-01-13,405080.0,403800.0,406000.0,405140.0,Friday,True,0.0,405140.0,402000.0,394830.0,401625.71428571426,394652.3333333333
2023-01-14,402860.0,401300.0,403400.0,402650.0,Saturday,False,-0.0061460235967814,405140.0,404740.0,401440.0,403098.5714285714,395513.6666666667
2023-01-15,402360.0,400500.0,402800.0,401390.0,Sunday,False,-0.0031292685955544,402650.0,405140.0,402820.0,403271.4285714286,396292.0
2023-01-16,400850.0,400560.0,402900.0,402850.0,Monday,False,0.0036373601733974,401390.0,405140.0,400410.0,403067.14285714284,397028.3333333333
2023-01-17,406630.0,406170.0,410600.0,410390.0,Tuesday,False,0.018716643912126,402850.0,402650.0,402000.0,403415.71428571426,397559.6666666667
2023-01-18,411290.0,411100.0,423600.0,423240.0,Wednesday,False,0.0313116791344818,410390.0,401390.0,404740.0,404614.28571428574,398395.0
2023-01-19,419240.0,418210.0,422400.0,420030.0,Thursday,False,-0.0075843493053586,423240.0,402850.0,405140.0,407257.14285714284,399559.0
2023-01-20,419240.0,418210.0,422400.0,420030.0,Friday,True,0.0,420030.0,410390.0,405140.0,409384.28571428574,400737.6666666667
2023-01-21,422330.0,422100.0,440400.0,430030.0,Saturday,False,0.0238078232507201,420030.0,423240.0,402650.0,411511.4285714286,401936.0
2023-01-22,431590.0,424810.0,444100.0,444320.0,Sunday,False,0.0332302397507151,430030.0,420030.0,401390.0,415422.85714285716,403253.6666666667
2023-01-23,433450.0,431800.0,447600.0,432000.0,Monday,False,-0.0277277637738566,444320.0,420030.0,402850.0,421555.71428571426,405047.6666666667
2023-01-24,431820.0,419300.0,432600.0,425000.0,Tuesday,False,-0.0162037037037037,432000.0,430030.0,410390.0,425720.0,406260.3333333333
2023-01-25,414310.0,411420.0,425600.0,420640.0,Wednesday,False,-0.0102588235294117,425000.0,444320.0,423240.0,427807.14285714284,407238.6666666667
2023-01-26,419450.0,417300.0,426100.0,424340.0,Thursday,False,0.0087961201977937,420640.0,432000.0,420030.0,427435.71428571426,408019.6666666667
2023-01-27,419450.0,417300.0,426100.0,424340.0,Friday,True,0.0,424340.0,425000.0,420030.0,428051.4285714286,408924.0
2023-01-28,431360.0,419350.0,440100.0,437130.0,Saturday,False,0.0301409247301691,424340.0,420640.0,430030.0,428667.14285714284,409635.3333333333
2023-01-29,436480.0,432800.0,439800.0,438810.0,Sunday,False,0.0038432502916752,437130.0,424340.0,444320.0,429681.4285714286,410241.0
2023-01-30,439400.0,433810.0,440900.0,436560.0,Monday,False,-0.0051275039310862,438810.0,424340.0,432000.0,428894.28571428574,410902.6666666667
2023-01-31,435880.0,433310.0,438900.0,437290.0,Tuesday,False,0.0016721641927799,436560.0,437130.0,425000.0,429545.71428571426,412488.0
2023-02-01,437070.0,425880.0,438090.0,436440.0,Wednesday,False,-0.0019437901621349,437290.0,438810.0,420640.0,431301.4285714286,413964.3333333333
2023-02-02,436050.0,435810.0,436370.0,436100.0,Thursday,False,-0.0007790303363578,436440.0,436560.0,424340.0,433558.5714285714,415592.6666666667
2023-02-03,436050.0,435810.0,436370.0,436100.0,Friday,True,0.0,436100.0,437290.0,424340.0,435238.5714285714,416878.3333333333
2023-02-04,436050.0,435810.0,436370.0,436100.0,Saturday,True,0.0,436100.0,436440.0,437130.0,436918.5714285714,418367.6666666667
2023-02-05,436260.0,435540.0,436360.0,435570.0,Sunday,False,-0.0012153175877092,436100.0,436100.0,438810.0,436771.4285714286,419743.3333333333
2023-02-06,435750.0,435250.0,435890.0,435370.0,Monday,False,-0.0004591684459444,435570.0,436100.0,436560.0,436308.5714285714,421101.3333333333
2023-02-07,435520.0,434730.0,435550.0,435020.0,Tuesday,False,-0.0008039139123044,435370.0,436100.0,437290.0,436138.5714285714,422232.3333333333
2023-02-08,434980.0,434430.0,435030.0,434500.0,Wednesday,False,-0.0011953473403522,435020.0,435570.0,436440.0,435814.28571428574,423305.6666666667
2023-02-09,434220.0,434000.0,434440.0,434130.0,Thursday,False,-0.0008515535097813,434500.0,435370.0,436100.0,435537.14285714284,424442.0
2023-02-10,434220.0,434000.0,434440.0,434130.0,Friday,True,0.0,434130.0,435020.0,436100.0,435255.71428571426,425513.0
2023-02-11,434220.0,434000.0,434440.0,434130.0,Saturday,True,0.0,434130.0,434500.0,436100.0,434974.28571428574,426492.6666666667
2023-02-12,434100.0,433700.0,434460.0,433820.0,Sunday,False,-0.0007140718218044,434130.0,434130.0,435570.0,434692.85714285716,427459.0
2023-02-13,434370.0,434100.0,434400.0,434130.0,Monday,False,0.0007145820847356,433820.0,434130.0,435370.0,434442.85714285716,428415.0
2023-02-14,434010.0,434000.0,434390.0,434110.0,Tuesday,False,-4.606914979388144e-05,434130.0,434130.0,435020.0,434265.71428571426,429464.3333333333
2023-02-15,434290.0,434090.0,450540.0,450180.0,Wednesday,False,0.0370182672594503,434110.0,433820.0,434500.0,434135.71428571426,430555.0
2023-02-16,450350.0,450100.0,451300.0,451120.0,Thursday,False,0.0020880536674219,450180.0,434130.0,434130.0,436375.71428571426,432132.6666666667
2023-02-17,450350.0,450100.0,451300.0,451120.0,Friday,True,0.0,451120.0,434110.0,434130.0,438802.85714285716,433490.3333333333
2023-02-18,450350.0,450100.0,451300.0,451120.0,Saturday,True,0.0,451120.0,450180.0,434130.0,441230.0,434419.6666666667
2023-02-19,451180.0,451100.0,452180.0,452050.0,Sunday,False,0.002061535733286,451120.0,451120.0,433820.0,443657.14285714284,435456.0
2023-02-20,452070.0,451980.0,452180.0,452020.0,Monday,False,-6.636434022788684e-05,452050.0,451120.0,434130.0,446261.4285714286,436523.3333333333
2023-02-21,451990.0,415480.0,452180.0,415600.0,Tuesday,False,-0.0805716561214106,452020.0,451120.0,434110.0,448817.14285714284,437256.3333333333
2023-02-22,415490.0,415490.0,415490.0,415490.0,Wednesday,False,-0.0002646775745909,415600.0,452050.0,450180.0,446172.85714285716,436299.0
2023-02-23,417000.0,417000.0,417000.0,417000.0,Thursday,False,0.0036342631591614,415490.0,452020.0,451120.0,441217.14285714284,435748.6666666667
2023-02-24,417000.0,417000.0,417000.0,417000.0,Friday,True,0.0,417000.0,415600.0,451120.0,436342.85714285716,435482.0
2023-02-25,417590.0,417590.0,417590.0,417590.0,Saturday,False,0.0014148681055154,417000.0,415490.0,451120.0,431468.5714285714,435360.6666666667
2023-02-26,426810.0,426810.0,426810.0,426810.0,Sunday,False,0.022079072774731,417590.0,417000.0,452050.0,426678.5714285714,435135.6666666667
2023-02-27,430920.0,430920.0,430920.0,430920.0,Monday,False,0.0096295775637871,426810.0,417000.0,452020.0,423072.85714285716,435218.0
2023-02-28,433370.0,433370.0,433370.0,433370.0,Tuesday,False,0.0056855100714749,430920.0,417590.0,415600.0,420058.5714285714,435011.0
2023-03-01,438150.0,438150.0,438150.0,438150.0,Wednesday,False,0.0110298359369591,433370.0,426810.0,415490.0,422597.14285714284,434829.6666666667
2023-03-02,446470.0,446470.0,446470.0,446470.0,Thursday,False,0.0189889307314845,438150.0,430920.0,417000.0,425834.28571428574,434882.6666666667
2023-03-03,446470.0,446470.0,446470.0,446470.0,Friday,True,0.0,446470.0,433370.0,417000.0,430044.28571428574,435188.6666666667
2023-03-04,448160.0,448160.0,448160.0,525000.0,Saturday,False,0.1758908773265841,446470.0,438150.0,417590.0,434254.28571428574,435523.0
2023-03-05,435790.0,435790.0,511000.0,501000.0,Sunday,False,-0.0457142857142857,525000.0,446470.0,426810.0,449598.5714285714,438486.3333333333
2023-03-06,498000.0,493830.0,503590.0,498890.0,Monday,False,-0.0042115768463073,501000.0,446470.0,430920.0,460197.14285714284,440649.6666666667
2023-03-07,483960.0,481300.0,499600.0,491350.0,Tuesday,False,-0.0151135520856301,498890.0,525000.0,433370.0,469907.14285714284,442742.6666666667
2023-03-08,483960.0,481300.0,499600.0,491350.0,Wednesday,True,0.0,491350.0,501000.0,438150.0,478190.0,444602.0
2023-03-09,498670.0,485800.0,499100.0,486670.0,Thursday,False,-0.0095247786710084,491350.0,498890.0,446470.0,485790.0,446468.0
2023-03-10,498670.0,485800.0,499100.0,486670.0,Friday,True,0.0,486670.0,491350.0,446470.0,491532.85714285716,448189.6666666667
2023-03-11,473440.0,438700.0,473600.0,439200.0,Saturday,False,-0.097540427805289,486670.0,491350.0,525000.0,497275.71428571426,449928.6666666667
2023-03-12,433760.0,416000.0,454300.0,432200.0,Sunday,False,-0.0159380692167577,439200.0,486670.0,501000.0,485018.5714285714,450097.6666666667
2023-03-13,433300.0,433000.0,450300.0,448170.0,Monday,False,0.0369504858861637,432200.0,486670.0,498890.0,475190.0,450033.3333333333
2023-03-14,445300.0,445000.0,459910.0,459910.0,Tuesday,False,0.0261954169176874,448170.0,439200.0,491350.0,467944.28571428574,450501.3333333333
2023-03-15,461960.0,451820.0,462100.0,460460.0,Wednesday,False,0.0011958861516383,459910.0,432200.0,491350.0,463452.85714285716,451371.0
2023-03-16,452940.0,448300.0,456600.0,456320.0,Thursday,False,-0.008991008991009,460460.0,448170.0,486670.0,459040.0,452248.6666666667
2023-03-17,452940.0,448300.0,456600.0,456320.0,Friday,True,0.0,456320.0,459910.0,486670.0,454704.28571428574,452989.0
2023-03-18,462380.0,458800.0,465100.0,459880.0,Saturday,False,0.0078015427769986,456320.0,460460.0,439200.0,450368.5714285714,453193.6666666667
2023-03-19,538000.0,538000.0,538000.0,538000.0,Sunday,False,0.1698704009741671,459880.0,456320.0,432200.0,453322.85714285716,453485.6666666667
2023-03-20,538000.0,538000.0,538000.0,538000.0,Monday,True,0.0,538000.0,456320.0,448170.0,468437.14285714284,456381.6666666667
2023-03-21,538000.0,538000.0,538000.0,538000.0,Tuesday,True,0.0,538000.0,459880.0,459910.0,481270.0,459277.6666666667
2023-03-22,538000.0,538000.0,538000.0,538000.0,Wednesday,True,0.0,538000.0,538000.0,460460.0,492425.71428571426,462142.6666666667
2023-03-23,538000.0,538000.0,538000.0,538000.0,Thursday,True,0.0,538000.0,538000.0,456320.0,503502.85714285716,465008.6666666667
2023-03-24,538000.0,538000.0,538000.0,538000.0,Friday,True,0.0,538000.0,538000.0,456320.0,515171.4285714286,469088.6666666667
2023-03-25,538000.0,538000.0,538000.0,538000.0,Saturday,True,0.0,538000.0,538000.0,459880.0,526840.0,473172.3333333333
2023-03-26,538000.0,538000.0,538000.0,538000.0,Sunday,True,0.0,538000.0,538000.0,538000.0,538000.0,477205.6666666667
2023-03-27,538000.0,538000.0,538000.0,538000.0,Monday,True,0.0,538000.0,538000.0,538000.0,538000.0,481239.0
2023-03-28,538000.0,538000.0,538000.0,538000.0,Tuesday,True,0.0,538000.0,538000.0,538000.0,538000.0,485252.6666666667
2023-03-29,538000.0,538000.0,538000.0,538000.0,Wednesday,True,0.0,538000.0,538000.0,538000.0,538000.0,488959.0
2023-03-30,538000.0,538000.0,538000.0,538000.0,Thursday,True,0.0,538000.0,538000.0,538000.0,538000.0,492528.3333333333
2023-03-31,538000.0,538000.0,538000.0,538000.0,Friday,True,0.0,538000.0,538000.0,538000.0,538000.0,496016.0
2023-04-01,538000.0,538000.0,538000.0,538000.0,Saturday,True,0.0,538000.0,538000.0,538000.0,538000.0,499344.3333333333
2023-04-02,538000.0,538000.0,538000.0,538000.0,Sunday,True,0.0,538000.0,538000.0,538000.0,538000.0,502395.3333333333
2023-04-03,535400.0,506950.0,535600.0,515100.0,Monday,False,-0.0425650557620818,538000.0,538000.0,538000.0,538000.0,505446.3333333333
2023-04-04,515070.0,496340.0,515100.0,507800.0,Tuesday,False,-0.0141720054358377,515100.0,538000.0,538000.0,534728.5714285715,505116.3333333333
2023-04-05,508030.0,505320.0,513100.0,507950.0,Wednesday,False,0.0002953918865695,507800.0,538000.0,538000.0,530414.2857142857,505343.0
2023-04-06,500300.0,498810.0,507100.0,507060.0,Thursday,False,-0.0017521409587557,507950.0,515100.0,538000.0,526121.4285714285,505645.0
2023-04-07,500300.0,498810.0,507100.0,507060.0,Friday,True,0.0,507060.0,507800.0,538000.0,521701.4285714286,506168.6666666667
2023-04-08,509580.0,502810.0,511600.0,507830.0,Saturday,False,0.0015185579615824,507060.0,507950.0,538000.0,517281.4285714286,506692.3333333333
2023-04-09,507030.0,499800.0,508600.0,499900.0,Sunday,False,-0.0156154618671602,507830.0,507060.0,538000.0,512971.4285714286,507397.6666666667
2023-04-10,500550.0,495800.0,505600.0,503310.0,Monday,False,0.0068213642728545,499900.0,507060.0,515100.0,507528.5714285714,507838.6666666667
2023-04-11,508870.0,505820.0,513600.0,508020.0,Tuesday,False,0.0093580497109138,503310.0,507830.0,507800.0,505844.28571428574,509975.6666666667
2023-04-12,508870.0,505820.0,513600.0,508020.0,Wednesday,True,0.0,508020.0,499900.0,507950.0,505875.71428571426,512503.0
2023-04-13,509430.0,507510.0,510600.0,508980.0,Thursday,False,0.0018896893823077,508020.0,503310.0,507060.0,505885.71428571426,514498.0
2023-04-14,509430.0,507510.0,510600.0,508980.0,Friday,True,0.0,508980.0,508020.0,507060.0,506160.0,516133.6666666667
2023-04-15,511990.0,506800.0,512060.0,508400.0,Saturday,False,-0.0011395339699006,508980.0,508020.0,507830.0,506434.28571428574,517751.0
2023-04-16,505060.0,502800.0,513600.0,511440.0,Sunday,False,0.0059795436664042,508400.0,508980.0,499900.0,506515.71428571426,519487.0
2023-04-17,511640.0,511300.0,517700.0,513050.0,Monday,False,0.003147974346942,511440.0,508980.0,503310.0,508164.28571428574,521324.3333333333
2023-04-18,513130.0,509400.0,517600.0,517600.0,Tuesday,False,0.0088685313322287,513050.0,508400.0,508020.0,509555.71428571426,523096.6666666667
2023-04-19,518560.0,516800.0,519600.0,517030.0,Wednesday,False,-0.0011012364760433,517600.0,511440.0,508020.0,510924.28571428574,522416.6666666667
2023-04-20,517100.0,513800.0,517100.0,514050.0,Thursday,False,-0.0057636887608069,517030.0,513050.0,508980.0,512211.4285714286,521717.6666666667
2023-04-21,517100.0,513800.0,517100.0,514050.0,Friday,True,0.0,514050.0,517600.0,508980.0,512935.71428571426,520919.3333333333
2023-04-22,517100.0,513800.0,517100.0,514050.0,Saturday,True,0.0,514050.0,517030.0,508400.0,513660.0,520121.0
2023-04-23,517100.0,513800.0,517100.0,514050.0,Sunday,True,0.0,514050.0,514050.0,511440.0,514467.14285714284,519322.6666666667
2023-04-24,517450.0,512300.0,517600.0,517460.0,Monday,False,0.0066335959537009,514050.0,514050.0,513050.0,514840.0,518524.3333333333
2023-04-25,518410.0,514800.0,518600.0,516020.0,Tuesday,False,-0.0027828237931434,517460.0,514050.0,517600.0,515470.0,517839.6666666667
2023-04-26,516080.0,515800.0,522100.0,522010.0,Wednesday,False,0.0116080772063098,516020.0,514050.0,517030.0,515244.28571428574,517107.0
2023-04-27,524640.0,524400.0,533600.0,532830.0,Thursday,False,0.0207275722687305,522010.0,517460.0,514050.0,515955.71428571426,516574.0
2023-04-28,524640.0,524400.0,533600.0,532830.0,Friday,True,0.0,532830.0,516020.0,514050.0,518638.5714285714,516401.6666666667
2023-04-29,534320.0,534300.0,545100.0,541830.0,Saturday,False,0.0168909408254038,532830.0,522010.0,514050.0,521321.4285714286,516229.3333333333
2023-04-30,538980.0,538800.0,546100.0,545930.0,Sunday,False,0.0075669490430578,541830.0,532830.0,514050.0,525290.0,516357.0
2023-05-01,548860.0,548800.0,555600.0,550510.0,Monday,False,0.0083893539464765,545930.0,532830.0,517460.0,529844.2857142857,516621.3333333333
2023-05-02,547300.0,540520.0,547600.0,540520.0,Tuesday,False,-0.0181468093222647,550510.0,541830.0,516020.0,534565.7142857143,517038.3333333333
2023-05-03,531040.0,530800.0,539100.0,535240.0,Wednesday,False,-0.0097683711981054,540520.0,545930.0,522010.0,538065.7142857143,517122.3333333333
2023-05-04,539340.0,536110.0,540100.0,536840.0,Thursday,False,0.0029893132052911,535240.0,550510.0,532830.0,539955.7142857143,517793.6666666667
2023-05-05,539340.0,536110.0,540100.0,536840.0,Friday,True,0.0,536840.0,540520.0,532830.0,540528.5714285715,518761.6666666667
2023-05-06,534060.0,527300.0,535100.0,533370.0,Saturday,False,-0.0064637508382385,536840.0,535240.0,541830.0,541101.4285714285,519724.6666666667
2023-05-07,526080.0,524300.0,529100.0,525430.0,Sunday,False,-0.0148864765547368,533370.0,536840.0,545930.0,539892.8571428572,520601.6666666667
2023-05-08,525540.0,525300.0,534100.0,534040.0,Monday,False,0.0163865786118035,525430.0,536840.0,550510.0,536964.2857142857,521214.0
2023-05-09,531850.0,531300.0,536100.0,531840.0,Tuesday,False,-0.0041195416073702,534040.0,533370.0,540520.0,534611.4285714285,522087.6666666667
2023-05-10,532080.0,525300.0,533100.0,529510.0,Wednesday,False,-0.004381016847172,531840.0,525430.0,535240.0,533371.4285714285,523152.3333333333
2023-05-11,530510.0,528830.0,532100.0,530360.0,Thursday,False,0.0016052576910727,529510.0,534040.0,536840.0,532552.8571428572,524025.6666666667
2023-05-12,530510.0,528830.0,532100.0,530360.0,Friday,True,0.0,530360.0,531840.0,536840.0,531627.1428571428,524770.3333333334
2023-05-13,519080.0,518800.0,522600.0,520900.0,Saturday,False,-0.0178369409457727,530360.0,529510.0,533370.0,530701.4285714285,525515.0
2023-05-14,524390.0,512800.0,524600.0,514070.0,Sunday,False,-0.0131119216740257,520900.0,530360.0,525430.0,528920.0,525912.3333333334
2023-05-15,515530.0,514300.0,520600.0,520050.0,Monday,False,0.0116326570311435,514070.0,530360.0,534040.0,527297.1428571428,526082.0
2023-05-16,515530.0,514300.0,520600.0,520050.0,Tuesday,True,0.0,520050.0,520900.0,531840.0,525298.5714285715,526470.3333333334
2023-05-17,514100.0,509300.0,514300.0,510850.0,Wednesday,False,-0.0176906066724353,520050.0,514070.0,529510.0,523614.28571428574,526757.3333333334
2023-05-18,511700.0,509500.0,512100.0,510980.0,Thursday,False,0.0002544778310658,510850.0,520050.0,530360.0,520948.5714285714,526684.0
2023-05-19,511700.0,509500.0,512100.0,510980.0,Friday,True,0.0,510980.0,520050.0,530360.0,518180.0,526463.3333333334
2023-05-20,510890.0,508800.0,514600.0,513530.0,Saturday,False,0.0049904105835845,510980.0,510850.0,520900.0,515411.4285714286,526261.6666666666
2023-05-21,514600.0,514300.0,521600.0,517480.0,Sunday,False,0.0076918583140226,513530.0,510980.0,514070.0,514358.5714285714,526244.3333333334
2023-05-22,521410.0,520800.0,524100.0,521360.0,Monday,False,0.007497874313983,517480.0,510980.0,520050.0,514845.71428571426,526358.6666666666
2023-05-23,522890.0,519300.0,523600.0,520480.0,Tuesday,False,-0.0016878932023937,521360.0,513530.0,520050.0,515032.85714285716,526602.3333333334
2023-05-24,520610.0,512840.0,521100.0,513060.0,Wednesday,False,-0.0142560713187827,520480.0,517480.0,510850.0,515094.28571428574,526816.6666666666
2023-05-25,512530.0,512300.0,514600.0,514320.0,Thursday,False,0.0024558531165945,513060.0,521360.0,510980.0,515410.0,526670.0
2023-05-26,512530.0,512300.0,514600.0,514320.0,Friday,True,0.0,514320.0,520480.0,510980.0,515887.14285714284,526613.3333333334
2023-05-27,516290.0,516100.0,527800.0,517850.0,Saturday,False,0.0068634313268003,514320.0,513060.0,513530.0,516364.28571428574,526357.0
2023-05-28,517660.0,514900.0,517900.0,515120.0,Sunday,False,-0.0052717968523703,517850.0,514320.0,517480.0,516981.4285714286,525857.6666666666
2023-05-29,512630.0,511900.0,518100.0,517170.0,Monday,False,0.0039796552259667,515120.0,514320.0,521360.0,516644.28571428574,525267.3333333334
2023-05-30,511900.0,511800.0,514600.0,512520.0,Tuesday,False,-0.0089912407912291,517170.0,517850.0,520480.0,516045.71428571426,524445.3333333334
2023-05-31,508440.0,507300.0,510600.0,508340.0,Wednesday,False,-0.008155779286662,512520.0,515120.0,513060.0,514908.5714285714,523331.6666666667
2023-06-01,512390.0,508800.0,512400.0,510890.0,Thursday,False,0.0050163276547192,508340.0,517170.0,514320.0,514234.28571428574,521926.0
2023-06-02,512390.0,508800.0,512400.0,510890.0,Friday,True,0.0,510890.0,512520.0,514320.0,513744.28571428574,520938.3333333333
2023-06-03,509320.0,506300.0,510230.0,510230.0,Saturday,False,-0.0012918632190882,510890.0,508340.0,517850.0,513254.28571428574,520126.6666666667
2023-06-04,509320.0,506300.0,510230.0,510230.0,Sunday,True,0.0,510230.0,510890.0,515120.0,512165.71428571426,519239.6666666667
2023-06-05,509320.0,506300.0,510230.0,510230.0,Monday,True,0.0,510230.0,510890.0,517170.0,511467.14285714284,518352.6666666667
2023-06-06,508870.0,507300.0,517900.0,507990.0,Tuesday,False,-0.0043901769790094,510230.0,510230.0,512520.0,510475.71428571426,517581.3333333333
2023-06-07,506540.0,494110.0,506540.0,494390.0,Wednesday,False,-0.0267721805547352,507990.0,510230.0,508340.0,509828.5714285714,517000.0
2023-06-08,496540.0,489300.0,496600.0,490840.0,Thursday,False,-0.0071805659499585,494390.0,510230.0,510890.0,507835.71428571426,515678.3333333333
2023-06-09,496540.0,489300.0,496600.0,490840.0,Friday,True,0.0,490840.0,507990.0,510890.0,504971.4285714286,514311.6666666667
2023-06-10,494080.0,492700.0,496100.0,493390.0,Saturday,False,0.0051951756173092,490840.0,494390.0,510230.0,502107.14285714284,513022.6666666667
2023-06-11,490200.0,468610.0,491900.0,469830.0,Sunday,False,-0.0477512718133728,493390.0,490840.0,510230.0,499701.4285714286,511790.3333333333
2023-06-12,473160.0,470600.0,482900.0,481750.0,Monday,False,0.0253708788285125,469830.0,490840.0,510230.0,493930.0,509772.6666666667
2023-06-13,484350.0,484100.0,499900.0,498810.0,Tuesday,False,0.0354125583809028,481750.0,493390.0,507990.0,489861.4285714286,508467.6666666667
2023-06-14,493090.0,484600.0,498900.0,488550.0,Wednesday,False,-0.0205689541107836,498810.0,469830.0,494390.0,488550.0,507959.0
2023-06-15,486260.0,486100.0,488400.0,488100.0,Thursday,False,-0.0009210930303961,488550.0,481750.0,490840.0,487715.71428571426,506909.0
2023-06-16,486260.0,486100.0,488400.0,488100.0,Friday,True,0.0,488100.0,498810.0,490840.0,487324.28571428574,505844.0
2023-06-17,494370.0,491600.0,499400.0,493180.0,Saturday,False,0.0104077033394796,488100.0,488550.0,493390.0,486932.85714285716,505085.6666666667
2023-06-18,495770.0,491750.0,495900.0,491980.0,Sunday,False,-0.0024331886937831,493180.0,488100.0,469830.0,486902.85714285716,504492.3333333333
2023-06-19,489640.0,485300.0,489800.0,486840.0,Monday,False,-0.0104475791698849,491980.0,488100.0,481750.0,490067.14285714284,503859.0
2023-06-20,486170.0,485120.0,490400.0,489390.0,Tuesday,False,0.0052378604880454,486840.0,493180.0,498810.0,490794.28571428574,502969.3333333333
2023-06-21,486680.0,485600.0,488900.0,485730.0,Wednesday,False,-0.0074786979709434,489390.0,491980.0,488550.0,489448.5714285714,502033.0
2023-06-22,495600.0,494100.0,497400.0,497130.0,Thursday,False,0.0234698289172996,485730.0,486840.0,488100.0,489045.71428571426,500845.3333333333
2023-06-23,495600.0,494100.0,497400.0,497130.0,Friday,True,0.0,497130.0,489390.0,488100.0,490335.71428571426,500067.0
2023-06-24,500370.0,497500.0,508680.0,508610.0,Saturday,False,0.0230925512441413,497130.0,485730.0,493180.0,491625.71428571426,499536.0
2023-06-25,501560.0,497410.0,502200.0,499400.0,Sunday,False,-0.0181081771888087,508610.0,497130.0,491980.0,493830.0,499345.6666666667
2023-06-26,498200.0,495600.0,499900.0,497810.0,Monday,False,-0.0031838205847016,499400.0,497130.0,486840.0,494890.0,498848.3333333333
2023-06-27,499320.0,492600.0,499400.0,492820.0,Tuesday,False,-0.0100239047025973,497810.0,508610.0,489390.0,496457.14285714284,498180.3333333333
2023-06-28,492600.0,490600.0,492900.0,492230.0,Wednesday,False,-0.0011971916724159,492820.0,499400.0,485730.0,496947.14285714284,497437.0
2023-06-29,492600.0,490600.0,492900.0,492230.0,Thursday,True,0.0,492230.0,497810.0,497130.0,497875.71428571426,496605.6666666667
2023-06-30,492600.0,490600.0,492900.0,492230.0,Friday,True,0.0,492230.0,492820.0,497130.0,497175.71428571426,495929.3333333333
2023-07-01,492660.0,492600.0,498400.0,498220.0,Saturday,False,0.0121691079373462,492230.0,492230.0,508610.0,496475.71428571426,495392.3333333333
2023-07-02,500810.0,498600.0,500900.0,499340.0,Sunday,False,0.0022480028902893,498220.0,492230.0,499400.0,494991.4285714286,494970.0
2023-07-03,503210.0,501400.0,503400.0,502000.0,Monday,False,0.0053270316818199,499340.0,492230.0,497810.0,494982.85714285716,494585.0
2023-07-04,502140.0,498300.0,502200.0,500750.0,Tuesday,False,-0.0024900398406374,502000.0,498220.0,492820.0,495581.4285714286,494310.6666666667
2023-07-05,499030.0,498400.0,501400.0,500950.0,Wednesday,False,0.000399400898652,500750.0,499340.0,492230.0,496714.28571428574,493994.6666666667
